name,pos,team,pts_ppr,pass_yd,pass_td,pass_int,rush_att,rush_yd,rush_td,rec,rec_tgt,rec_yd,rec_td,fum_lost
Josh Allen,QB,BUF,22.02,234.25,1.67,0.45,6.12,28.08,0.62,,,,,0.2
Jared Goff,QB,DET,16.32,250.55,1.5,0.5,1.74,4.6,0.08,,,,,0.2
Bo Nix,QB,DEN,15.74,219.42,1.28,0.92,4.46,16.47,0.22,,,,,0.2
Jayden Daniels,QB,WAS,20.24,211.65,1.48,0.37,7.93,42.07,0.36,,,,,0.17
Lamar Jackson,QB,BAL,20.36,210.71,1.65,0.4,9.58,44.37,0.23,,,,,0.18
Tyler Shough,QB,NO,15.49,236.19,1.04,0.59,4.77,16.21,0.17,,,,,0.18
Drew Lock,QB,SEA,13.31,195.98,0.92,0.68,4.07,17.73,0.15,,,,,0.19
Joe Burrow,QB,CIN,17.81,246.51,1.93,0.89,2.61,6.9,0.09,,,,,0.19
Jalen Hurts,QB,PHI,20.79,204.27,1.58,0.4,7.37,30.65,0.62,,,,,0.16
Trevor Lawrence,QB,JAX,17.2,231.46,1.29,0.6,4.57,15.59,0.33,,,,,0.19
Brock Purdy,QB,SF,19.99,244.5,2.0,0.69,4.24,16.53,0.23,,,,,0.19
Cam Ward,QB,TEN,12.05,197.23,0.81,0.54,2.69,9.23,0.12,,,,,0.16
Carson Wentz,QB,MIN,16.14,212.89,1.71,0.8,2.87,12.22,0.09,,,,,0.17
Patrick Mahomes,QB,KC,17.68,245.25,1.43,0.54,4.03,18.53,0.17,,,,,0.21
Cooper Rush,QB,ATL,10.78,185.32,0.91,0.91,2.56,0.19,0.1,,,,,
Daniel Jones,QB,IND,14.75,217.15,1.17,0.47,3.33,13.3,0.12,,,,,0.17
Justin Herbert,QB,LAC,16.88,229.82,1.34,0.48,4.7,18.86,0.18,,,,,0.19
Drake Maye,QB,NE,18.89,254.59,1.58,1.01,5.53,24.54,0.18,,,,,0.18
Geno Smith,QB,NYJ,14.9,214.83,1.38,0.54,2.97,10.55,0.08,,,,,0.17
Dak Prescott,QB,DAL,19.45,258.21,2.07,0.49,2.43,9.82,0.09,,,,,0.21
Jordan Love,QB,GB,19.56,249.97,2.01,0.26,3.09,12.66,0.11,,,,,0.19
Bryce Young,QB,CAR,16.47,207.52,1.51,1.06,4.61,22.28,0.19,,,,,0.18
C.J. Stroud,QB,HOU,17.88,234.52,1.87,0.89,2.94,13.62,0.12,,,,,0.18
Deshaun Watson,QB,CLE,13.93,214.75,1.18,1.02,3.08,11.53,0.11,,,,,0.15
Baker Mayfield,QB,TB,17.27,216.74,1.78,0.69,3.66,15.14,0.14,,,,,0.18
Malik Willis,QB,MIA,18.2,203.49,1.25,0.37,7.2,33.31,0.37,,,,,0.14
Aaron Rodgers,QB,PIT,16.24,214.92,1.94,0.55,1.24,3.57,0.04,,,,,0.17
Caleb Williams,QB,CHI,18.55,222.86,1.73,0.49,5.56,24.79,0.14,,,,,0.19
Kirk Cousins,QB,LV,13.58,220.71,1.26,1.06,1.94,4.32,0.08,,,,,0.17
Jacoby Brissett,QB,ARI,12.39,223.6,0.8,0.95,3.11,8.86,0.09,,,,,0.18
Jaxson Dart,QB,NYG,18.38,202.36,1.34,0.87,6.65,36.79,0.38,,,,,0.17
Matthew Stafford,QB,LAR,15.77,240.58,1.55,0.58,1.34,3.82,0.05,,,,,0.19
Kinkead Dent,QB,,,,,,,,,,,,,
Brett Gabbert,QB,,,,,,,,,,,,,
Behren Morton,QB,NE,,,,,,,,,,,,
AJ McCarron,QB,,,,,,,,,,,,,
Joe Flacco,QB,CIN,,,,,,,,,,,,
Ryan Griffin,QB,,,,,,,,,,,,,
Steven Montez,QB,,,,,,,,,,,,,
Max Duggan,QB,,,,,,,,,,,,,
Jacob Eason,QB,,,,,,,,,,,,,
Jamie Newman,QB,,,,,,,,,,,,,
Davis Mills,QB,HOU,,,,,,,,,,,,
Anthony Brown,QB,,,,,,,,,,,,,
Taryn Christion,QB,,,,,,,,,,,,,
Joe Milton,QB,DAL,,,,,,,,,,,,
Marquise Williams,QB,,,,,,,,,,,,,
Kevin Hogan,QB,,,,,,,,,,,,,
Chad Henne,QB,,,,,,,,,,,,,
Reid Sinnett,QB,,,,,,,,,,,,,
Jaren Hall,QB,,,,,,,,,,,,,
Jalen Morton,QB,IND,,,,,,,,,,,,
Jarrett Guarantano,QB,,,,,,,,,,,,,
Kyron Drones,QB,,,,,,,,,,,,,
Sam Darnold,QB,SEA,,,,,,,,,,,,
DeShone Kizer,QB,,,,,,,,,,,,,
Robert Griffin,QB,,,,,,,,,,,,,
Zack Annexstad,QB,,,,,,,,,,,,,
Andy Dalton,QB,PHI,,,,,,,,,,,,
Anthony Boone,QB,,,,,,,,,,,,,
Davis Webb,QB,,,,,,,,,,,,,
T.J. Linta,QB,,,,,,,,,,,,,
Connor Jessop,QB,,,,,,,,,,,,,
Manny Wilkins,QB,,,,,,,,,,,,,
Brian Hoyer,QB,,,,,,,,,,,,,
Brian Lewerke,QB,,,,,,,,,,,,,
Austin Reed,QB,,,,,,,,,,,,,
C.J. Beathard,QB,,,,,,,,,,,,,
Miller Moss,QB,CHI,,,,,,,,,,,,
Tua Tagovailoa,QB,ATL,,,,,,,,,,,,
Brett Hundley,QB,,,,,,,,,,,,,
Zach Wilson,QB,NO,,,,,,,,,,,,
Case Cookus,QB,,,,,,,,,,,,,
Seth Henigan,QB,,,,,,,,,,,,,
Jake Browning,QB,,,,,,,,,,,,,
Ethan Garbers,QB,,,,,,,,,,,,,
Sam Ehlinger,QB,DEN,,,,,,,,,,,,
Shane Carden,QB,,,,,,,,,,,,,
J'Mar Smith,QB,,,,,,,,,,,,,
Chandler Morris,QB,,,,,,,,,,,,,
James Franklin,QB,,,,,,,,,,,,,
Matt Ryan,QB,,,,,,,,,,,,,
Chase Litton,QB,,,,,,,,,,,,,
Brandon Silvers,QB,,,,,,,,,,,,,
Hendon Hooker,QB,TEN,,,,,,,,,,,,
Kevin Davidson,QB,,,,,,,,,,,,,
Tre Ford,QB,,,,,,,,,,,,,
Andrew Peasley,QB,,,,,,,,,,,,,
Michael Pratt,QB,,,,,,,,,,,,,
Blake Bortles,QB,NO,,,,,,,,,,,,
Josh Johnson,QB,CIN,,,,,,,,,,,,
Taylor Heinicke,QB,,,,,,,,,,,,,
Athan Kaliakmanis,QB,WAS,,,,,,,,,,,,
Cade Peterson,QB,,,,,,,,,,,,,
Jimmy Garoppolo,QB,,,,,,,,,,,,,
Trevor Knight,QB,,,,,,,,,,,,,
Rocky Lombardi,QB,,,,,,,,,,,,,
John Paddock,QB,,,,,,,,,,,,,
Jake Heaps,QB,,,,,,,,,,,,,
Peewee Jarrett,QB,,,,,,,,,,,,,
Ryan Tannehill,QB,,,,,,,,,,,,,
Ben DiNucci,QB,,,,,,,,,,,,,
Nathan Rourke,QB,,,,,,,,,,,,,
Shedeur Sanders,QB,CLE,,,,,,,,,,,,
Peter Pujals,QB,,,,,,,,,,,,,
Jacob Clark,QB,,,,,,,,,,,,,
Tommy Armstrong Jr.,QB,,,,,,,,,,,,,
Gavin Hardison,QB,,,,,,,,,,,,,
Jordan Travis,QB,,,,,,,,,,,,,
Garrett Greene,QB,TB,,,,,,,,,,,,
Taulia Tagovailoa,QB,,,,,,,,,,,,,
Case Keenum,QB,CHI,,,,,,,,,,,,
Joey Aguilar,QB,JAX,,,,,,,,,,,,
Tom Brady,QB,,,,,,,,,,,,,
Sean Clifford,QB,CIN,,,,,,,,,,,,
Michael Hiers,QB,,,,,,,,,,,,,
Tyrod Taylor,QB,GB,,,,,,,,,,,,
John Matocha,QB,,,,,,,,,,,,,
Dorian Thompson-Robinson,QB,,,,,,,,,,,,,
Emory Jones,QB,,,,,,,,,,,,,
Mark Gronowski,QB,HOU,,,,,,,,,,,,
Shea Patterson,QB,,,,,,,,,,,,,
Joel Stave,QB,,,,,,,,,,,,,
Will Levis,QB,NYJ,,,,,,,,,,,,
Tyler Bray,QB,,,,,,,,,,,,,
Carson Strong,QB,,,,,,,,,,,,,
Wilton Speight,QB,,,,,,,,,,,,,
Carson Beck,QB,ARI,,,,,,,,,,,,
Kyle Trask,QB,,,,,,,,,,,,,
Jacob Dolegala,QB,,,,,,,,,,,,,
Logan Woodside,QB,,,,,,,,,,,,,
Felix Harper,QB,,,,,,,,,,,,,
Tyler Huntley,QB,BAL,,,,,,,,,,,,
Chevan Cordeiro,QB,,,,,,,,,,,,,
Broc Rutter,QB,,,,,,,,,,,,,
Jake Haener,QB,NYG,,,,,,,,,,,,
Drew Anderson,QB,,,,,,,,,,,,,
Skylar Thompson,QB,BAL,,,,,,,,,,,,
Tanner Morgan,QB,,,,,,,,,,,,,
Haynes King,QB,CAR,,,,,,,,,,,,
Easton Stick,QB,TB,,,,,,,,,,,,
Tommy Stevens,QB,NYG,,,,,,,,,,,,
David Fales,QB,,,,,,,,,,,,,
Bailey Zappe,QB,,,,,,,,,,,,,
Taylor Elgersma,QB,,,,,,,,,,,,,
Kurt Benkert,QB,,,,,,,,,,,,,
Collin Schlee,QB,,,,,,,,,,,,,
Nick Tiano,QB,,,,,,,,,,,,,
Paxton Lynch,QB,,,,,,,,,,,,,
Josh Rosen,QB,,,,,,,,,,,,,
Luke Falk,QB,,,,,,,,,,,,,
Cole Payton,QB,PHI,,,,,,,,,,,,
Nick Schuessler,QB,PIT,,,,,,,,,,,,
Tim Boyle,QB,,,,,,,,,,,,,
Dalton Sturm,QB,,,,,,,,,,,,,
Kenny Pickett,QB,CAR,,,,,,,,,,,,
Jacob Huesman,QB,,,,,,,,,,,,,
Tim DeMorat,QB,,,,,,,,,,,,,
Justin Fields,QB,KC,,,,,,,,,,,,
Wes Lunt,QB,,,,,,,,,,,,,
Hunter Dekkers,QB,,,,,,,,,,,,,
Clayton Tune,QB,,,,,,,,,,,,,
Spencer Sanders,QB,,,,,,,,,,,,,
Kedon Slovis,QB,GB,,,,,,,,,,,,
Mitchell Trubisky,QB,TEN,,,,,,,,,,,,
Matt Corral,QB,,,,,,,,,,,,,
Roland Rivers,QB,,,,,,,,,,,,,
K.J. Costello,QB,,,,,,,,,,,,,
Will Grier,QB,,,,,,,,,,,,,
Cam Newton,QB,,,,,,,,,,,,,
Tyler Ferguson,QB,,,,,,,,,,,,,
J.J. McCarthy,QB,NYG,,,,,,,,,,,,
John Rhys Plumlee,QB,,,,,,,,,,,,,
Chase Daniel,QB,,,,,,,,,,,,,
Casey Bauman,QB,,,,,,,,,,,,,
Phillip Sims,QB,,,,,,,,,,,,,
Riley Leonard,QB,IND,,,,,,,,,,,,
Chad Kelly,QB,,,,,,,,,,,,,
Cody Kessler,QB,,,,,,,,,,,,,
Nick Fitzgerald,QB,,,,,,,,,,,,,
Max Brosmer,QB,MIN,,,,,,,,,,,,
Brandon Allen,QB,,,,,,,,,,,,,
Connor Bazelak,QB,,,,,,,,,,,,,
Michael Penix,QB,ATL,,,,,,,,,,,,
Eli Jenkins,QB,,,,,,,,,,,,,
Colt McCoy,QB,,,,,,,,,,,,,
Diego Pavia,QB,,,,,,,,,,,,,
Hajj-Malik Williams,QB,,,,,,,,,,,,,
Tommy DeVito,QB,NE,,,,,,,,,,,,
Will Howard,QB,PIT,,,,,,,,,,,,
Shane Buechele,QB,BUF,,,,,,,,,,,,
Nate Sudfeld,QB,,,,,,,,,,,,,
Dustin Crum,QB,,,,,,,,,,,,,
Cole McDonald,QB,,,,,,,,,,,,,
Derek Carr,QB,,,,,,,,,,,,,
Vincent Testaverde,QB,,,,,,,,,,,,,
Dresser Winn,QB,,,,,,,,,,,,,
Stetson Bennett,QB,LAR,,,,,,,,,,,,
Anthony Richardson,QB,IND,,,,,,,,,,,,
Joshua Dobbs,QB,DET,,,,,,,,,,,,
Holton Ahlers,QB,,,,,,,,,,,,,
Aidan O'Connell,QB,LV,,,,,,,,,,,,
Brett Rypien,QB,TB,,,,,,,,,,,,
David Olson,QB,,,,,,,,,,,,,
Joe Webb,QB,,,,,,,,,,,,,
Collin Hill,QB,,,,,,,,,,,,,
Trey Lance,QB,LAC,,,,,,,,,,,,
Ryan Finley,QB,,,,,,,,,,,,,
Sawyer Robertson,QB,,,,,,,,,,,,,
Jameis Winston,QB,NYG,,,,,,,,,,,,
Zach Terrell,QB,BAL,,,,,,,,,,,,
Jake Coker,QB,,,,,,,,,,,,,
Devin Leary,QB,,,,,,,,,,,,,
Kurtis Rourke,QB,SF,,,,,,,,,,,,
Nathan Peterman,QB,,,,,,,,,,,,,
Bryce Perkins,QB,,,,,,,,,,,,,
Kenji Bahar,QB,,,,,,,,,,,,,
Mitch Leidner,QB,,,,,,,,,,,,,
Anthony Gordon,QB,,,,,,,,,,,,,
Clayton Thorson,QB,NYG,,,,,,,,,,,,
Ty Simpson,QB,LAR,,,,,,,,,,,,
Jake Luton,QB,,,,,,,,,,,,,
Russell Wilson,QB,,,,,,,,,,,,,
Austin Aune,QB,,,,,,,,,,,,,
Ken Seals,QB,,,,,,,,,,,,,
Fernando Mendoza,QB,LV,,,,,,,,,,,,
Matt Barkley,QB,,,,,,,,,,,,,
James Blackman,QB,,,,,,,,,,,,,
Mike Bercovici,QB,,,,,,,,,,,,,
P.J. Walker,QB,,,,,,,,,,,,,
Gunnar Watson,QB,,,,,,,,,,,,,
Jeremy Moussa,QB,,,,,,,,,,,,,
Chris Oladokun,QB,,,,,,,,,,,,,
DJ Uiagalelei,QB,LAC,,,,,,,,,,,,
Logan Kilgore,QB,,,,,,,,,,,,,
Devlin Hodges,QB,,,,,,,,,,,,,
Cade Klubnik,QB,NYJ,,,,,,,,,,,,
Jack Coan,QB,,,,,,,,,,,,,
Bart Houston,QB,,,,,,,,,,,,,
Brady Cook,QB,MIA,,,,,,,,,,,,
Cole Kelley,QB,,,,,,,,,,,,,
Sean Mannion,QB,,,,,,,,,,,,,
Nick Stevens,QB,,,,,,,,,,,,,
Alex Smith,QB,,,,,,,,,,,,,
Josh McCown,QB,,,,,,,,,,,,,
Davis Cheek,QB,,,,,,,,,,,,,
Nick Foles,QB,,,,,,,,,,,,,
Nate Stanley,QB,,,,,,,,,,,,,
Matthew Caldwell,QB,LAR,,,,,,,,,,,,
Desmond Ridder,QB,,,,,,,,,,,,,
Teddy Bridgewater,QB,,,,,,,,,,,,,
Jack Heneghan,QB,,,,,,,,,,,,,
Kaidon Salter,QB,,,,,,,,,,,,,
James Morgan,QB,,,,,,,,,,,,,
Kyle Allen,QB,BUF,,,,,,,,,,,,
Austin Appleby,QB,,,,,,,,,,,,,
Jalon Daniels,QB,TB,,,,,,,,,,,,
Matt Schaub,QB,,,,,,,,,,,,,
Trace McSorley,QB,,,,,,,,,,,,,
Riley Neal,QB,,,,,,,,,,,,,
David Blough,QB,,,,,,,,,,,,,
Trevor Siemian,QB,,,,,,,,,,,,,
Ian Book,QB,,,,,,,,,,,,,
Jason Bean,QB,,,,,,,,,,,,,
Garrett Gilbert,QB,,,,,,,,,,,,,
Graham Mertz,QB,HOU,,,,,,,,,,,,
Philip Rivers,QB,,,,,,,,,,,,,
Cam Miller,QB,,,,,,,,,,,,,
Dillon Gabriel,QB,CLE,,,,,,,,,,,,
Mike Glennon,QB,,,,,,,,,,,,,
Spencer Rattler,QB,NO,,,,,,,,,,,,
Gardner Minshew,QB,ARI,,,,,,,,,,,,
Mike White,QB,,,,,,,,,,,,,
Colby Suits,QB,,,,,,,,,,,,,
Kellen Mond,QB,,,,,,,,,,,,,
Jarrett Stidham,QB,DEN,,,,,,,,,,,,
Kyle McCord,QB,MIA,,,,,,,,,,,,
Quinn Ewers,QB,JAX,,,,,,,,,,,,
Jordan Ta'amu,QB,,,,,,,,,,,,,
Ryan Willis,QB,,,,,,,,,,,,,
Ben Wooldridge,QB,,,,,,,,,,,,,
Jake Rudock,QB,,,,,,,,,,,,,
Nic Shimonek,QB,,,,,,,,,,,,,
Garrett Nussmeier,QB,KC,,,,,,,,,,,,
Sefo Liufau,QB,,,,,,,,,,,,,
Tanner McKee,QB,PHI,,,,,,,,,,,,
Kyle Shurmur,QB,,,,,,,,,,,,,
Zach Conque,QB,,,,,,,,,,,,,
Matt Moore,QB,,,,,,,,,,,,,
Josh Woodrum,QB,,,,,,,,,,,,,
E.J. Perry,QB,,,,,,,,,,,,,
Chris Streveler,QB,,,,,,,,,,,,,
Jack Plummer,QB,,,,,,,,,,,,,
Max Wittek,QB,,,,,,,,,,,,,
Lamar Jordan,QB,,,,,,,,,,,,,
Austin Allen,QB,,,,,,,,,,,,,
Carter Bradley,QB,,,,,,,,,,,,,
Bryan Bennett,QB,,,,,,,,,,,,,
Nolan Henderson,QB,,,,,,,,,,,,,
Danny Etling,QB,,,,,,,,,,,,,
Jerod Evans,QB,,,,,,,,,,,,,
E.J. Warner,QB,,,,,,,,,,,,,
Chase Garbers,QB,,,,,,,,,,,,,
Drew Plitt,QB,,,,,,,,,,,,,
Ben Roethlisberger,QB,PIT,,,,,,,,,,,,
Tanner Mordecai,QB,,,,,,,,,,,,,
Sam Hartman,QB,WAS,,,,,,,,,,,,
Jacob Sirmon,QB,,,,,,,,,,,,,
Sam Howell,QB,DAL,,,,,,,,,,,,
Drew Stanton,QB,,,,,,,,,,,,,
Jerry Lovelocke,QB,,,,,,,,,,,,,
Jalan McClendon,QB,,,,,,,,,,,,,
Luis Perez,QB,,,,,,,,,,,,,
Eric Dungey,QB,,,,,,,,,,,,,
Jake Fromm,QB,,,,,,,,,,,,,
Jeff Driskel,QB,,,,,,,,,,,,,
Kyle Sloter,QB,,,,,,,,,,,,,
Aaron Bailey,QB,BAL,,,,,,,,,,,,
Ryan Fitzpatrick,QB,,,,,,,,,,,,,
Mason Rudolph,QB,PIT,,,,,,,,,,,,
J.T. Barrett,QB,,,,,,,,,,,,,
D'Eriq King,QB,,,,,,,,,,,,,
Marcus Mariota,QB,WAS,,,,,,,,,,,,
Mike DiLiello,QB,,,,,,,,,,,,,
Nick Mullens,QB,JAX,,,,,,,,,,,,
Jalen Milroe,QB,SEA,,,,,,,,,,,,
Brandon Peters,QB,,,,,,,,,,,,,
Taylen Green,QB,CLE,,,,,,,,,,,,
Kyle Lauletta,QB,,,,,,,,,,,,,
Tyson Bagent,QB,CHI,,,,,,,,,,,,
Drew Brees,QB,,,,,,,,,,,,,
Alex Tanney,QB,,,,,,,,,,,,,
Adrian Martinez,QB,,,,,,,,,,,,,
Jake Retzlaff,QB,,,,,,,,,,,,,
Mac Jones,QB,SF,,,,,,,,,,,,
Joe Fagnano,QB,BAL,,,,,,,,,,,,
Blaine Gabbert,QB,,,,,,,,,,,,,
Josh Love,QB,,,,,,,,,,,,,
Drew Allar,QB,PIT,,,,,,,,,,,,
Jake Waters,QB,,,,,,,,,,,,,
Luke Altmyer,QB,DET,,,,,,,,,,,,
Levi Lewis,QB,,,,,,,,,,,,,
John Wolford,QB,,,,,,,,,,,,,
Jack Strand,QB,ATL,,,,,,,,,,,,
William Thompson,QB,,,,,,,,,,,,,
Cole Stoudt,QB,,,,,,,,,,,,,
Kyler Murray,QB,MIN,,,,,,,,,,,,
Aeneas Dennis,QB,,,,,,,,,,,,,
Cody Fajardo,QB,,,,,,,,,,,,,
Brogan Roback,QB,,,,,,,,,,,,,
Payton Thorne,QB,,,,,,,,,,,,,
Ben Bryant,QB,,,,,,,,,,,,,
Alex McGough,QB,,,,,,,,,,,,,
Skyler Howard,QB,SEA,,,,,,,,,,,,
Blake Sims,QB,,,,,,,,,,,,,
James Cook,RB,BUF,19.5,,,,18.35,93.4,0.72,2.83,3.24,19.61,0.18,0.09
Jahmyr Gibbs,RB,DET,26.13,,,,19.28,111.31,1.31,3.86,4.66,24.08,0.15,0.09
Sione Vaki,RB,DET,3.47,,,,3.78,17.34,0.18,0.21,0.6,3.53,0.02,0.02
Jacob Saylors,RB,DET,0.89,,,,0.74,3.76,0.04,0.15,0.2,1.03,0.01,0.0
Ray Davis,RB,BUF,4.27,,,,4.32,18.97,0.08,0.88,1.04,6.67,0.06,0.02
Hunter Luepke,RB,DAL,1.6,,,,0.54,2.56,0.01,0.54,0.65,4.98,0.04,0.0
Isaiah Davis,RB,NYJ,2.0,,,,1.29,5.79,0.04,0.57,0.69,3.92,0.03,0.01
Bucky Irving,RB,TB,13.82,,,,16.07,59.58,0.4,2.76,3.07,19.69,0.14,0.08
Isaac Guerendo,RB,SF,,,,,,,,,,,,
Corey Kiner,RB,NE,0.57,,,,0.81,3.47,0.02,0.05,0.06,0.37,0.0,
TreVeyon Henderson,RB,NE,9.54,,,,8.33,36.73,0.34,2.18,2.56,12.42,0.07,0.04
Jacory Croskey-Merritt,RB,WAS,12.48,,,,11.85,57.73,0.6,1.32,1.66,12.28,0.09,0.05
Tahj Brooks,RB,CIN,0.82,,,,0.77,2.2,0.03,0.23,0.31,1.43,0.01,0.0
Le'Veon Moss,RB,MIA,0.0,,,,,,,0.0,0.0,0.0,0.0,
J.K. Dobbins,RB,DEN,12.9,,,,14.41,64.08,0.48,2.24,2.68,9.91,0.07,0.07
Rachaad White,RB,WAS,8.79,,,,5.17,24.36,0.16,2.78,2.74,18.93,0.13,0.03
Kenneth Walker,RB,KC,17.0,,,,17.29,68.85,0.65,3.43,3.8,25.6,0.05,0.09
Chris Brooks,RB,GB,8.04,,,,6.32,30.23,0.23,1.77,2.18,11.9,0.12,0.03
Dylan Laube,RB,LV,0.73,,,,0.57,1.67,0.02,0.24,0.31,1.48,0.01,0.0
Jordan James,RB,SF,0.25,,,,0.35,1.63,0.01,0.01,0.01,0.04,0.0,0.0
Bhayshul Tuten,RB,JAX,9.1,,,,10.67,35.18,0.39,1.75,2.5,9.94,0.09,0.05
Ollie Gordon,RB,MIA,2.64,,,,2.21,6.44,0.1,0.69,0.79,4.27,0.05,0.01
Quinshon Judkins,RB,CLE,12.44,,,,15.74,55.91,0.57,1.89,2.3,12.4,0.06,0.06
Mike Washington,RB,LV,3.76,,,,3.97,16.52,0.13,0.72,0.94,4.37,0.03,0.02
Jonah Coleman,RB,DEN,7.21,,,,5.81,22.23,0.15,2.28,2.82,12.37,0.1,0.03
Ameer Abdullah,RB,JAX,0.27,,,,0.17,0.64,0.01,0.1,0.12,0.51,0.0,0.0
Derrick Henry,RB,BAL,15.2,,,,18.37,81.2,0.71,1.38,1.69,10.65,0.07,0.08
Alvin Kamara,RB,NO,5.27,,,,5.48,19.81,0.13,1.53,1.72,9.39,0.01,0.03
Samaje Perine,RB,CIN,5.19,,,,4.64,17.22,0.17,1.4,1.64,7.96,0.04,0.02
Rico Dowdle,RB,PIT,11.03,,,,12.3,49.88,0.25,2.4,2.8,15.17,0.12,0.05
Travis Etienne,RB,NO,11.75,,,,12.86,50.57,0.27,2.67,3.27,18.7,0.1,0.06
Tyler Allgeier,RB,ARI,6.35,,,,8.46,28.01,0.2,1.28,1.51,8.39,0.04,0.04
Breece Hall,RB,NYJ,14.43,,,,15.08,64.18,0.34,3.09,3.55,21.95,0.12,0.07
Tank Bigsby,RB,PHI,3.45,,,,3.5,17.27,0.15,0.35,0.48,3.05,0.03,0.02
Chris Rodriguez,RB,JAX,6.59,,,,8.93,36.51,0.34,0.49,0.69,3.17,0.02,0.04
MarShawn Lloyd,RB,GB,11.82,,,,11.98,51.25,0.45,1.94,2.35,13.48,0.12,0.06
Kyle Monangai,RB,CHI,7.07,,,,8.43,35.82,0.21,1.07,1.55,8.21,0.06,0.04
CJ Donaldson,RB,NO,0.85,,,,1.03,3.97,0.02,0.17,0.21,1.13,0.01,
Jadarian Price,RB,SEA,11.83,,,,13.3,66.11,0.38,1.5,1.8,10.95,0.06,0.06
Jeremiyah Love,RB,ARI,12.53,,,,12.89,45.25,0.34,3.39,4.5,19.6,0.11,0.06
Seth McGowan,RB,IND,2.41,,,,2.89,10.59,0.08,0.46,0.56,2.93,0.02,0.01
Kyle Juszczyk,RB,SF,1.75,,,,0.11,0.49,0.0,0.7,0.88,6.22,0.06,0.0
Christian McCaffrey,RB,SF,19.76,,,,14.62,65.85,0.55,4.65,5.12,34.18,0.31,0.08
Tony Pollard,RB,TEN,8.9,,,,10.87,48.33,0.27,1.51,1.99,7.8,0.03,0.04
Travis Homer,RB,PIT,0.53,,,,0.18,0.69,0.0,0.21,0.25,1.37,0.01,
Tyler Badie,RB,DEN,1.4,,,,1.16,5.07,0.03,0.4,0.56,2.32,0.02,0.01
Jaylen Warren,RB,PIT,11.59,,,,11.66,50.34,0.23,2.82,3.06,17.27,0.11,0.05
Julius Chestnut,RB,TEN,0.46,,,,0.66,2.69,0.01,0.07,0.11,0.42,0.0,0.0
Emanuel Wilson,RB,SEA,2.03,,,,2.58,12.78,0.08,0.16,0.18,1.1,0.01,0.01
Will Shipley,RB,PHI,2.33,,,,2.48,7.28,0.08,0.51,0.61,3.94,0.04,0.01
Jonathon Brooks,RB,CAR,6.74,,,,5.9,25.52,0.15,1.66,2.09,10.35,0.11,0.03
Kimani Vidal,RB,LAC,0.79,,,,0.85,3.32,0.01,0.19,0.25,1.42,0.01,0.0
Brashard Smith,RB,KC,0.54,,,,0.53,1.74,0.01,0.15,0.2,1.22,0.0,0.0
Ashton Jeanty,RB,LV,15.89,,,,18.08,65.81,0.51,3.64,4.8,17.7,0.15,0.08
Demond Claiborne,RB,MIN,3.85,,,,3.39,15.61,0.1,0.83,0.96,5.69,0.05,0.02
Kaelon Black,RB,SF,7.06,,,,8.62,39.51,0.25,0.81,0.93,5.52,0.05,0.04
D'Andre Swift,RB,CHI,12.62,,,,13.62,56.69,0.54,2.08,2.67,12.92,0.06,0.06
Jonathan Taylor,RB,IND,18.79,,,,19.69,89.12,0.77,2.83,3.43,19.1,0.1,0.09
AJ Dillon,RB,CAR,0.45,,,,0.53,2.27,0.01,0.08,0.09,0.48,0.0,
DeeJay Dallas,RB,MIN,6.71,,,,4.97,24.85,0.14,1.63,1.91,11.3,0.11,0.03
Brian Robinson,RB,ATL,5.95,,,,7.22,30.68,0.26,0.68,0.85,4.56,0.04,0.03
Connor Heyward,RB,LV,0.86,,,,0.46,1.86,0.02,0.26,0.39,2.18,0.01,0.0
Chase Brown,RB,CIN,15.73,,,,15.57,57.85,0.44,3.97,4.72,20.07,0.23,0.08
Keaton Mitchell,RB,LAC,6.28,,,,5.9,31.31,0.13,1.24,1.47,8.28,0.06,0.03
Jaleel McLaughlin,RB,CLE,1.83,,,,1.19,5.26,0.04,0.55,0.63,3.58,0.03,0.01
Braelon Allen,RB,NYJ,5.6,,,,7.0,26.68,0.2,0.82,1.02,5.81,0.06,0.03
Jaylen Wright,RB,MIA,2.75,,,,2.42,9.1,0.07,0.67,0.88,4.98,0.05,0.01
British Brooks,RB,HOU,0.19,,,,0.11,0.6,0.0,0.05,0.06,0.37,0.0,
Raheim Sanders,RB,CLE,5.2,,,,5.02,16.78,0.11,1.39,1.71,9.82,0.09,0.02
Woody Marks,RB,HOU,8.95,,,,7.45,33.98,0.18,1.87,2.48,15.69,0.18,0.04
Nicholas Singleton,RB,TEN,,,,,,,,,,,,
Max Bredeson,RB,MIN,0.12,,,,0.01,0.05,0.0,0.05,0.06,0.41,0.0,0.0
DJ Herman,RB,MIA,0.14,,,,0.05,0.22,0.0,0.04,0.06,0.38,0.0,
Aaron Jones,RB,MIN,14.01,,,,14.4,71.52,0.43,2.15,2.58,14.67,0.12,0.06
Saquon Barkley,RB,PHI,16.64,,,,17.17,78.14,0.62,2.39,2.97,18.13,0.16,0.08
David Montgomery,RB,HOU,17.05,,,,16.46,79.56,0.75,2.25,2.48,16.4,0.13,0.08
Kenny Gainwell,RB,TB,7.99,,,,6.79,27.53,0.24,2.01,2.37,12.25,0.1,0.04
Javonte Williams,RB,DAL,17.4,,,,18.39,87.6,0.63,2.5,3.02,17.38,0.12,0.09
Rhamondre Stevenson,RB,NE,12.28,,,,11.89,47.17,0.36,2.79,3.12,19.95,0.11,0.06
Sean Tucker,RB,TB,1.81,,,,2.11,8.48,0.12,0.12,0.15,0.8,0.01,0.01
Roschon Johnson,RB,CHI,0.23,,,,0.38,1.31,0.02,,,,,0.0
Emari Demercado,RB,DAL,4.79,,,,3.8,26.02,0.09,0.77,0.94,6.28,0.05,0.02
Rasheen Ali,RB,BAL,0.24,,,,0.13,0.4,0.0,0.08,0.11,0.6,0.01,0.0
George Holani,RB,SEA,7.91,,,,7.16,31.55,0.29,1.51,1.84,11.05,0.07,0.03
Kaleb Johnson,RB,GB,1.74,,,,2.04,7.83,0.07,0.25,0.34,1.91,0.02,0.01
Omarion Hampton,RB,LAC,13.98,,,,14.81,61.4,0.39,3.34,3.6,17.25,0.09,0.07
LeQuint Allen,RB,JAX,2.23,,,,0.95,3.39,0.02,1.04,1.29,5.14,0.04,0.01
Emmett Johnson,RB,KC,3.32,,,,3.02,11.23,0.11,0.77,0.94,5.93,0.03,0.02
Kaytron Allen,RB,WAS,3.22,,,,3.57,16.39,0.13,0.37,0.45,2.91,0.03,0.02
Eli Heidenreich,RB,PIT,0.23,,,,0.21,0.94,0.01,0.04,0.06,0.38,0.0,0.0
Justice Hill,RB,BAL,6.14,,,,3.55,14.22,0.12,1.93,2.36,13.31,0.12,0.02
Alec Ingold,RB,LAC,0.59,,,,0.8,2.66,0.02,0.1,0.13,0.72,0.0,0.0
Reggie Gilliam,RB,NE,0.27,,,,0.11,0.39,0.0,0.09,0.13,0.87,0.01,
Chuba Hubbard,RB,CAR,12.41,,,,15.04,64.17,0.36,2.02,2.43,11.73,0.12,0.07
De'Von Achane,RB,MIA,16.93,,,,13.06,70.1,0.5,3.54,3.79,22.51,0.19,0.06
Tyjae Spears,RB,TEN,7.68,,,,7.17,27.7,0.22,2.33,2.8,11.75,0.02,0.03
Bijan Robinson,RB,ATL,22.46,,,,19.87,98.23,0.75,4.12,5.04,30.38,0.18,0.09
Devin Singletary,RB,NYG,4.37,,,,4.19,17.88,0.13,0.94,1.06,5.48,0.06,0.02
Najee Harris,RB,NYG,1.2,,,,0.86,3.59,0.02,0.39,0.45,2.23,0.02,0.0
Patrick Ricard,RB,NYG,0.13,,,,,,,0.06,0.08,0.44,0.0,0.0
Blake Corum,RB,LAR,10.2,,,,11.03,57.86,0.48,0.82,1.1,5.27,0.04,0.05
Cam Skattebo,RB,NYG,14.57,,,,14.73,66.98,0.56,2.13,2.68,16.46,0.13,0.06
Tyrone Tracy,RB,NYG,2.0,,,,2.03,9.38,0.04,0.41,0.51,2.69,0.03,0.01
Kyren Williams,RB,LAR,16.51,,,,14.91,76.52,0.78,2.15,2.73,14.49,0.1,0.07
Ronnie Rivers,RB,LAR,0.53,,,,0.71,3.31,0.03,0.02,0.02,0.11,0.0,0.0
Le'Veon Bell,RB,,,,,,,,,,,,,
A.J. Rose,RB,,,,,,,,,,,,,
Aaron Shampklin,RB,,,,,,,,,,,,,
Salvon Ahmed,RB,CHI,,,,,,,,,,,,
Kendall Milton,RB,CIN,,,,,,,,,,,,
Adam Randall,RB,BAL,,,,,,,,,,,,
Dalyn Dawkins,RB,,,,,,,,,,,,,
Boston Scott,RB,,,,,,,,,,,,,
Melvin Gordon,RB,,,,,,,,,,,,,
Malcolm Johnson,RB,,,,,,,,,,,,,
Luke Sellers,RB,,,,,,,,,,,,,
TaMerik Williams,RB,,,,,,,,,,,,,
D.J. Foster,RB,,,,,,,,,,,,,
Rahsul Faison,RB,,,,,,,,,,,,,
Rex Burkhead,RB,,,,,,,,,,,,,
Demario Richard,RB,,,,,,,,,,,,,
Lincoln Pare,RB,,,,,,,,,,,,,
Deshaun Fenwick,RB,,,,,,,,,,,,,
Jordan Wilkins,RB,,,,,,,,,,,,,
Josh Ferguson,RB,,,,,,,,,,,,,
Kalif Phillips,RB,,,,,,,,,,,,,
Theo Riddick,RB,,,,,,,,,,,,,
Brandon Cottom,RB,,,,,,,,,,,,,
La'Mical Perine,RB,,,,,,,,,,,,,
Algernon Brown,RB,,,,,,,,,,,,,
Pierre Strong,RB,GB,,,,,,,,,,,,
Justin Jones,RB,,,,,,,,,,,,,
Adam Prentice,RB,DEN,,,,,,,,,,,,
Dion Lewis,RB,,,,,,,,,,,,,
Rasheed Williams,RB,,,,,,,,,,,,,
Paul Perkins,RB,,,,,,,,,,,,,
Trey Sermon,RB,ATL,,,,,,,,,,,,
Darius Clark,RB,,,,,,,,,,,,,
Javon Leake,RB,,,,,,,,,,,,,
Joel Bouagnon,RB,,,,,,,,,,,,,
Audric Estime,RB,MIN,,,,,,,,,,,,
Justin Crawford,RB,,,,,,,,,,,,,
Xazavian Valladay,RB,,,,,,,,,,,,,
Ronald Jones,RB,,,,,,,,,,,,,
Calvin Tyler,RB,,,,,,,,,,,,,
Jaden Nixon,RB,,,,,,,,,,,,,
Jashaun Corbin,RB,,,,,,,,,,,,,
JaQuan Hardy,RB,,,,,,,,,,,,,
Khalid Abdullah,RB,,,,,,,,,,,,,
Robert Henry,RB,SEA,,,,,,,,,,,,
John David Moore,RB,,,,,,,,,,,,,
Ja'Quan Gardner,RB,,,,,,,,,,,,,
Emani Bailey,RB,,,,,,,,,,,,,
Michael Herzog,RB,,,,,,,,,,,,,
Bruce Anderson,RB,,,,,,,,,,,,,
Jahwan Edwards,RB,,,,,,,,,,,,,
Christian Wade,RB,,,,,,,,,,,,,
Chris Evans,RB,,,,,,,,,,,,,
Andrew Beck,RB,NYJ,,,,,,,,,,,,
Sione Houma,RB,,,,,,,,,,,,,
Marquis Young,RB,,,,,,,,,,,,,
Corey Taylor,RB,,,,,,,,,,,,,
Darnell Holland,RB,,,,,,,,,,,,,
Brandon Bolden,RB,,,,,,,,,,,,,
Tory Carter,RB,,,,,,,,,,,,,
Khalil Herbert,RB,ATL,,,,,,,,,,,,
Ryan Mueller,RB,,,,,,,,,,,,,
Michael Burton,RB,CLE,,,,,,,,,,,,
Sandro Platzgummer,RB,,,,,,,,,,,,,
Lew Nichols,RB,PIT,,,,,,,,,,,,
Derrius Guice,RB,,,,,,,,,,,,,
Jacardia Wright,RB,SEA,,,,,,,,,,,,
Clyde Edwards-Helaire,RB,,,,,,,,,,,,,
Julius Davis,RB,,,,,,,,,,,,,
Travon McMillian,RB,,,,,,,,,,,,,
David Johnson,RB,,,,,,,,,,,,,
Darrynton Evans,RB,,,,,,,,,,,,,
Miles Davis,RB,,,,,,,,,,,,,
Xavier Jones,RB,,,,,,,,,,,,,
Austin Jones,RB,,,,,,,,,,,,,
J.D. McKissic,RB,,,,,,,,,,,,,
Marcus Major,RB,,,,,,,,,,,,,
I'Tavius Mathers,RB,,,,,,,,,,,,,
Phillip Lindsay,RB,,,,,,,,,,,,,
Marshaun Coprich,RB,,,,,,,,,,,,,
Ito Smith,RB,DAL,,,,,,,,,,,,
Rushel Shell,RB,,,,,,,,,,,,,
Jabari Small,RB,DET,,,,,,,,,,,,
Josh Rounds,RB,,,,,,,,,,,,,
Dylan Devezin,RB,,,,,,,,,,,,,
Elijah Mitchell,RB,,,,,,,,,,,,,
Devontae Booker,RB,,,,,,,,,,,,,
Robert Burns,RB,,,,,,,,,,,,,
Devine Ozigbo,RB,,,,,,,,,,,,,
Ben VanSumeren,RB,KC,,,,,,,,,,,,
Johnny Stanton,RB,,,,,,,,,,,,,
Martez Carter,RB,,,,,,,,,,,,,
Deion Hankins,RB,,,,,,,,,,,,,
Nico Evans,RB,,,,,,,,,,,,,
Jeff Wilson,RB,,,,,,,,,,,,,
DeaMonte Trayanum,RB,NYJ,,,,,,,,,,,,
Adrian Killins,RB,DEN,,,,,,,,,,,,
Carlos Hyde,RB,,,,,,,,,,,,,
Shane Wimann,RB,,,,,,,,,,,,,
Brenden Knox,RB,,,,,,,,,,,,,
Senorise Perry,RB,,,,,,,,,,,,,
Tarik Cohen,RB,,,,,,,,,,,,,
Rushawn Baker,RB,,,,,,,,,,,,,
Titus Swen,RB,,,,,,,,,,,,,
Kairee Robinson,RB,,,,,,,,,,,,,
Isiah Pacheco,RB,DET,,,,,,,,,,,,
Jawon Chisholm,RB,,,,,,,,,,,,,
Patrick DiMarco,RB,,,,,,,,,,,,,
Josh Adams,RB,,,,,,,,,,,,,
Benny LeMay,RB,CLE,,,,,,,,,,,,
Anthony Grant,RB,,,,,,,,,,,,,
Brady Russell,RB,SEA,,,,,,,,,,,,
Trey Benson,RB,ARI,,,,,,,,,,,,
Brandon Brown-Dukes,RB,,,,,,,,,,,,,
Demetric Felton,RB,,,,,,,,,,,,,
Todd Gurley,RB,,,,,,,,,,,,,
Mark Ingram,RB,,,,,,,,,,,,,
Kevin Harris,RB,,,,,,,,,,,,,
Christopher Ezeala,RB,,,,,,,,,,,,,
Jay Ajayi,RB,,,,,,,,,,,,,
Trayone Gray,RB,,,,,,,,,,,,,
Marcus Yarns,RB,,,,,,,,,,,,,
Myles Montgomery,RB,NE,,,,,,,,,,,,
Sam Rogers,RB,,,,,,,,,,,,,
Montrell Johnson,RB,,,,,,,,,,,,,
Spencer Nigh,RB,,,,,,,,,,,,,
D'Onta Foreman,RB,,,,,,,,,,,,,
Gus Johnson,RB,,,,,,,,,,,,,
Quali Conley,RB,,,,,,,,,,,,,
Darrin Hall,RB,,,,,,,,,,,,,
Ty Montgomery,RB,,,,,,,,,,,,,
Gerrid Doaks,RB,,,,,,,,,,,,,
Kalen Ballage,RB,,,,,,,,,,,,,
Patrick Carr,RB,,,,,,,,,,,,,
Connor Harris,RB,,,,,,,,,,,,,
Synjyn Days,RB,,,,,,,,,,,,,
Deneric Prince,RB,,,,,,,,,,,,,
Jeremy McNichols,RB,WAS,,,,,,,,,,,,
Kayron Lynch-Adams,RB,,,,,,,,,,,,,
Troy Hairston,RB,,,,,,,,,,,,,
Joe Williams,RB,,,,,,,,,,,,,
Nick Sharga,RB,,,,,,,,,,,,,
Matt Colburn,RB,,,,,,,,,,,,,
James Conner,RB,ARI,,,,,,,,,,,,
Soma Vainuku,RB,,,,,,,,,,,,,
Trey Edmunds,RB,,,,,,,,,,,,,
Nyheim Miller-Hines,RB,,,,,,,,,,,,,
Michael Carter,RB,TEN,,,,,,,,,,,,
Tyrion Davis-Price,RB,,,,,,,,,,,,,
Jermar Jefferson,RB,,,,,,,,,,,,,
Nate Carter,RB,KC,,,,,,,,,,,,
Garrett Groshek,RB,,,,,,,,,,,,,
Jeremy Cox,RB,,,,,,,,,,,,,
Trent Battle,RB,,,,,,,,,,,,,
Chris Thompson,RB,,,,,,,,,,,,,
Tre Stewart,RB,,,,,,,,,,,,,
Kenneth Dixon,RB,,,,,,,,,,,,,
Nick Chubb,RB,,,,,,,,,,,,,
Cordarrelle Patterson,RB,,,,,,,,,,,,,
Max Borghi,RB,,,,,,,,,,,,,
Cameron Scarlett,RB,,,,,,,,,,,,,
Shane Watts,RB,,,,,,,,,,,,,
Craig Reynolds,RB,WAS,,,,,,,,,,,,
Jordan Mason,RB,MIN,,,,,,,,,,,,
Greg Bell,RB,,,,,,,,,,,,,
Gregory Desrosiers,RB,LAC,,,,,,,,,,,,
Raymond Calais,RB,,,,,,,,,,,,,
Dontae McMillan,RB,SEA,,,,,,,,,,,,
Mathieu Severance,RB,,,,,,,,,,,,,
Alexander Mattison,RB,,,,,,,,,,,,,
Snoop Conner,RB,,,,,,,,,,,,,
Elijah Collins,RB,,,,,,,,,,,,,
Dexter Williams,RB,,,,,,,,,,,,,
Hassan Hall,RB,,,,,,,,,,,,,
John Kelly,RB,,,,,,,,,,,,,
Christian Powell,RB,,,,,,,,,,,,,
Mike Boone,RB,,,,,,,,,,,,,
Austin Ekeler,RB,WAS,,,,,,,,,,,,
Lucas Scott,RB,BAL,,,,,,,,,,,,
Elijah Tau-Tolliver,RB,,,,,,,,,,,,,
Dalton Crossan,RB,,,,,,,,,,,,,
Jake Bargas,RB,,,,,,,,,,,,,
Rajion Neal,RB,,,,,,,,,,,,,
Cody Schrader,RB,DEN,,,,,,,,,,,,
Darius Bradwell,RB,,,,,,,,,,,,,
Alex Armah,RB,,,,,,,,,,,,,
A.J. Ouellette,RB,,,,,,,,,,,,,
LeVante Bellamy,RB,,,,,,,,,,,,,
RJ Harvey,RB,DEN,,,,,,,,,,,,
Devine Redding,RB,,,,,,,,,,,,,
Jason Huntley,RB,,,,,,,,,,,,,
Dylan McDuffie,RB,,,,,,,,,,,,,
Jerick McKinnon,RB,,,,,,,,,,,,,
Velus Jones,RB,SEA,,,,,,,,,,,,
Brian Herrien,RB,,,,,,,,,,,,,
Frank Gore,RB,,,,,,,,,,,,,
Khari Blasingame,RB,,,,,,,,,,,,,
Mike Weber,RB,,,,,,,,,,,,,
Dominique Brown,RB,,,,,,,,,,,,,
Spencer Brown,RB,,,,,,,,,,,,,
Kenjon Barner,RB,,,,,,,,,,,,,
Owen Wright,RB,LV,,,,,,,,,,,,
Ryan Nall,RB,,,,,,,,,,,,,
Darrius Sims,RB,,,,,,,,,,,,,
Marshawn Lynch,RB,,,,,,,,,,,,,
Marcus Martin,RB,,,,,,,,,,,,,
Nay'Quan Wright,RB,,,,,,,,,,,,,
Jordan Jones,RB,,,,,,,,,,,,,
Evan Hull,RB,ARI,,,,,,,,,,,,
Tony Jones,RB,,,,,,,,,,,,,
Ke'Shawn Vaughn,RB,,,,,,,,,,,,,
Trey Millard,RB,,,,,,,,,,,,,
Jerome Ford,RB,,,,,,,,,,,,,
D'Ernest Johnson,RB,,,,,,,,,,,,,
Louis Rees-Zammit,RB,,,,,,,,,,,,,
Robbie Ouzts,RB,SEA,,,,,,,,,,,,
Grant Finley,RB,NYG,,,,,,,,,,,,
Trestan Ebner,RB,,,,,,,,,,,,,
Jonathan Williams,RB,,,,,,,,,,,,,
JaMycal Hasty,RB,,,,,,,,,,,,,
Karan Higdon,RB,,,,,,,,,,,,,
Josh Caldwell,RB,,,,,,,,,,,,,
Dedrick Mills,RB,,,,,,,,,,,,,
Will Ratelle,RB,,,,,,,,,,,,,
Otis Anderson,RB,,,,,,,,,,,,,
Austin Ramesh,RB,,,,,,,,,,,,,
Charles McClelland,RB,,,,,,,,,,,,,
Elijah McGuire,RB,KC,,,,,,,,,,,,
Romar Morris,RB,,,,,,,,,,,,,
Matt Breida,RB,,,,,,,,,,,,,
BJ Baylor,RB,,,,,,,,,,,,,
Jake Funk,RB,,,,,,,,,,,,,
Keith Marshall,RB,,,,,,,,,,,,,
Tevin Coleman,RB,,,,,,,,,,,,,
Kevin Marks,RB,,,,,,,,,,,,,
Kennedy Brooks,RB,,,,,,,,,,,,,
Damien Williams,RB,,,,,,,,,,,,,
Darius Victor,RB,,,,,,,,,,,,,
Ian Wheeler,RB,,,,,,,,,,,,,
Darrell Henderson,RB,,,,,,,,,,,,,
Camerun Peoples,RB,,,,,,,,,,,,,
Adam Choice,RB,,,,,,,,,,,,,
Davon Booth,RB,IND,,,,,,,,,,,,
Joshua Kelley,RB,,,,,,,,,,,,,
Marcus Marshall,RB,,,,,,,,,,,,,
Tony Creecy,RB,,,,,,,,,,,,,
James Gilbert,RB,,,,,,,,,,,,,
Roman Hemby,RB,LV,,,,,,,,,,,,
Ezekiel Elliott,RB,,,,,,,,,,,,,
Antonio Gibson,RB,,,,,,,,,,,,,
Barika Kpeenu,RB,,,,,,,,,,,,,
Josh Williams,RB,TB,,,,,,,,,,,,
Malik Williams,RB,,,,,,,,,,,,,
Tiyon Evans,RB,,,,,,,,,,,,,
Matt Colburn,RB,,,,,,,,,,,,,
Sincere McCormick,RB,SF,,,,,,,,,,,,
TD Ayo-Durojaiye,RB,,,,,,,,,,,,,
Zander Horvath,RB,,,,,,,,,,,,,
Terion Stewart,RB,,,,,,,,,,,,,
Buddy Howell,RB,,,,,,,,,,,,,
Rashaad Penny,RB,,,,,,,,,,,,,
Lee Ward,RB,,,,,,,,,,,,,
Connor Neighbors,RB,,,,,,,,,,,,,
Zach Line,RB,,,,,,,,,,,,,
Alex Barnes,RB,,,,,,,,,,,,,
Ronald Awatt,RB,,,,,,,,,,,,,
Chris Carson,RB,,,,,,,,,,,,,
Mataeo Durant,RB,,,,,,,,,,,,,
James Robinson,RB,,,,,,,,,,,,,
Kerryon Johnson,RB,,,,,,,,,,,,,
Alfred Morris,RB,,,,,,,,,,,,,
Roosevelt Nix,RB,,,,,,,,,,,,,
Aca'Cedric Ware,RB,,,,,,,,,,,,,
Elijah Holyfield,RB,,,,,,,,,,,,,
David Fluellen,RB,,,,,,,,,,,,,
Khalan Laborn,RB,,,,,,,,,,,,,
Keaontay Ingram,RB,,,,,,,,,,,,,
Quayvon Hicks,RB,,,,,,,,,,,,,
Nathan Cottrell,RB,,,,,,,,,,,,,
C.J. Anderson,RB,,,,,,,,,,,,,
Dontrell Hilliard,RB,,,,,,,,,,,,,
Duke Johnson,RB,,,,,,,,,,,,,
Anthony McFarland,RB,,,,,,,,,,,,,
Trey Ragas,RB,,,,,,,,,,,,,
D'Vonte Price,RB,,,,,,,,,,,,,
Andrew Bonnet,RB,,,,,,,,,,,,,
Amar Johnson,RB,LAC,,,,,,,,,,,,
Gus Edwards,RB,,,,,,,,,,,,,
Jam Miller,RB,ATL,,,,,,,,,,,,
Jalen Richard,RB,LV,,,,,,,,,,,,
Jamal Haynes,RB,,,,,,,,,,,,,
Dante Miller,RB,,,,,,,,,,,,,
Jacques Patrick,RB,,,,,,,,,,,,,
Joshua Pitsenberger,RB,,,,,,,,,,,,,
Wes Hills,RB,,,,,,,,,,,,,
Devin Neal,RB,,,,,,,,,,,,,
Jackson Acker,RB,,,,,,,,,,,,,
Desmond Martin,RB,,,,,,,,,,,,,
Tyler Goodson,RB,DAL,,,,,,,,,,,,
Tyler Hoosman,RB,,,,,,,,,,,,,
Jaydon Blue,RB,PHI,,,,,,,,,,,,
Stanley Williams,RB,,,,,,,,,,,,,
Nick Brossette,RB,,,,,,,,,,,,,
DeWayne McBride,RB,,,,,,,,,,,,,
Raheem Mostert,RB,,,,,,,,,,,,,
Brock Lampe,RB,BUF,,,,,,,,,,,,
C.J. Ham,RB,,,,,,,,,,,,,
Bryant Koback,RB,,,,,,,,,,,,,
Rodney Smith,RB,,,,,,,,,,,,,
Anthony Hankerson,RB,,,,,,,,,,,,,
Isaiah Spiller,RB,,,,,,,,,,,,,
Jaylen Samuels,RB,,,,,,,,,,,,,
Jalen Simmons,RB,,,,,,,,,,,,,
Bruce Miller,RB,,,,,,,,,,,,,
Cash Jones,RB,,,,,,,,,,,,,
Zavier Scott,RB,CHI,,,,,,,,,,,,
Al-Jay Henderson,RB,NYJ,,,,,,,,,,,,
B.J. Emmons,RB,,,,,,,,,,,,,
Toa Taua,RB,,,,,,,,,,,,,
Tra Carson,RB,,,,,,,,,,,,,
De'Chavon Hayes,RB,,,,,,,,,,,,,
Jaden Shirden,RB,,,,,,,,,,,,,
Anderson Castle,RB,,,,,,,,,,,,,
James Develin,RB,,,,,,,,,,,,,
Tyler McCloskey,RB,,,,,,,,,,,,,
Jalen White,RB,,,,,,,,,,,,,
Javian Hawkins,RB,,,,,,,,,,,,,
Abram Smith,RB,,,,,,,,,,,,,
Reggie Bonnafon,RB,,,,,,,,,,,,,
Bilal Powell,RB,,,,,,,,,,,,,
Jordan Terrell,RB,,,,,,,,,,,,,
Terrell Newby,RB,,,,,,,,,,,,,
Timothy Flanders,RB,,,,,,,,,,,,,
Devontae Jackson,RB,,,,,,,,,,,,,
Valentine Holmes,RB,,,,,,,,,,,,,
Bobby Holly,RB,,,,,,,,,,,,,
Khalfani Muhammad,RB,,,,,,,,,,,,,
Ronald Jones,RB,,,,,,,,,,,,,
Gary Brightwell,RB,,,,,,,,,,,,,
Monte Pottebaum,RB,,,,,,,,,,,,,
Adrian Peterson,RB,,,,,,,,,,,,,
Darrel Williams,RB,,,,,,,,,,,,,
Justin Strong,RB,,,,,,,,,,,,,
Anthony Sherman,RB,,,,,,,,,,,,,
Sony Michel,RB,,,,,,,,,,,,,
Jordan Scarlett,RB,MIA,,,,,,,,,,,,
Trevor Etienne,RB,CAR,,,,,,,,,,,,
Trenton Cannon,RB,,,,,,,,,,,,,
Patrick Taylor,RB,,,,,,,,,,,,,
Qualan Jones,RB,,,,,,,,,,,,,
John Lovett,RB,,,,,,,,,,,,,
Tyreik McAllister,RB,,,,,,,,,,,,,
Rodney Hammond,RB,,,,,,,,,,,,,
Jonathan Ward,RB,BAL,,,,,,,,,,,,
Lan Larison,RB,NE,,,,,,,,,,,,
Brittain Brown,RB,CHI,,,,,,,,,,,,
Travis Dye,RB,,,,,,,,,,,,,
Aidan Robbins,RB,,,,,,,,,,,,,
Nathaniel Peat,RB,,,,,,,,,,,,,
Terrence Franks,RB,,,,,,,,,,,,,
La'Damian Webb,RB,,,,,,,,,,,,,
Brian Hill,RB,,,,,,,,,,,,,
Latavius Murray,RB,,,,,,,,,,,,,
Akrum Wadley,RB,,,,,,,,,,,,,
Tavien Feaster,RB,ARI,,,,,,,,,,,,
Scottie Phillips,RB,,,,,,,,,,,,,
Trayveon Williams,RB,,,,,,,,,,,,,
Damarea Crockett,RB,,,,,,,,,,,,,
Eno Benjamin,RB,,,,,,,,,,,,,
Alfonzo Graham,RB,,,,,,,,,,,,,
Isaiah Jacobs,RB,,,,,,,,,,,,,
Sutton Smith,RB,,,,,,,,,,,,,
Damien Martinez,RB,,,,,,,,,,,,,
William Stanback,RB,,,,,,,,,,,,,
Jacob Kibodi,RB,,,,,,,,,,,,,
Jaydn Ott,RB,KC,,,,,,,,,,,,
Justin Jackson,RB,,,,,,,,,,,,,
Anthony Tyus,RB,,,,,,,,,,,,,
Aaron Dykes,RB,,,,,,,,,,,,,
Lorenzo Lingard,RB,,,,,,,,,,,,,
Dameon Pierce,RB,PHI,,,,,,,,,,,,
ZaQuandre White,RB,,,,,,,,,,,,,
DeAndre Torrey,RB,,,,,,,,,,,,,
Mark Walton,RB,,,,,,,,,,,,,
Jordan Waters,RB,LAR,,,,,,,,,,,,
Kene Nwangwu,RB,NYJ,,,,,,,,,,,,
Henry Pearson,RB,,,,,,,,,,,,,
Keith Smith,RB,,,,,,,,,,,,,
Julian Allen,RB,,,,,,,,,,,,,
J.J. Taylor,RB,,,,,,,,,,,,,
Tony Brooks-James,RB,,,,,,,,,,,,,
Eric Gray,RB,,,,,,,,,,,,,
L.J. Scott,RB,,,,,,,,,,,,,
Devwah Whaley,RB,,,,,,,,,,,,,
Elijah Young,RB,,,,,,,,,,,,,
Josh Johnson,RB,,,,,,,,,,,,,
Lenard Tillery,RB,,,,,,,,,,,,,
Peyton Barber,RB,,,,,,,,,,,,,
Deon Jackson,RB,,,,,,,,,,,,,
Ricky Ortiz,RB,,,,,,,,,,,,,
Zach Laskey,RB,,,,,,,,,,,,,
Stephen Houston,RB,,,,,,,,,,,,,
Kylin Hill,RB,,,,,,,,,,,,,
Kobe McCrary,RB,,,,,,,,,,,,,
Stevie Scott,RB,,,,,,,,,,,,,
Giovani Bernard,RB,,,,,,,,,,,,,
Robert Burns,RB,CHI,,,,,,,,,,,,
Coleman Bennett,RB,,,,,,,,,,,,,
Jarveon Howard,RB,,,,,,,,,,,,,
Darwin Thompson,RB,,,,,,,,,,,,,
Zach Ojile,RB,,,,,,,,,,,,,
Ricky Seale,RB,,,,,,,,,,,,,
Bronson Rechsteiner,RB,,,,,,,,,,,,,
Noah Cain,RB,,,,,,,,,,,,,
Ryquell Armstead,RB,,,,,,,,,,,,,
Darrin Laufasa,RB,,,,,,,,,,,,,
Carlos Washington,RB,MIA,,,,,,,,,,,,
Dylan Sampson,RB,CLE,,,,,,,,,,,,
Kejon Owens,RB,,,,,,,,,,,,,
Leddie Brown,RB,,,,,,,,,,,,,
Zack Moss,RB,,,,,,,,,,,,,
Tyler Renew,RB,,,,,,,,,,,,,
Darren Sproles,RB,,,,,,,,,,,,,
CJ Verdell,RB,,,,,,,,,,,,,
Mark Thompson,RB,,,,,,,,,,,,,
Royce Freeman,RB,,,,,,,,,,,,,
Spencer Ware,RB,,,,,,,,,,,,,
Jase McClellan,RB,,,,,,,,,,,,,
Taj McGowan,RB,,,,,,,,,,,,,
Samson Evans,RB,,,,,,,,,,,,,
Larry Rose,RB,,,,,,,,,,,,,
Benny Snell,RB,,,,,,,,,,,,,
Josh Hokit,RB,,,,,,,,,,,,,
Lawrance Toafili,RB,,,,,,,,,,,,,
Michael Dyer,RB,,,,,,,,,,,,,
Sewo Olonilua,RB,,,,,,,,,,,,,
Joe Mixon,RB,,,,,,,,,,,,,
James Summers,RB,,,,,,,,,,,,,
J'Mari Taylor,RB,JAX,,,,,,,,,,,,
Kendre Miller,RB,NO,,,,,,,,,,,,
Jason Cabinda,RB,,,,,,,,,,,,,
Daijun Edwards,RB,,,,,,,,,,,,,
Damien Harris,RB,,,,,,,,,,,,,
Hassan Haskins,RB,,,,,,,,,,,,,
Gerald Holmes,RB,,,,,,,,,,,,,
Qadree Ollison,RB,,,,,,,,,,,,,
SaRodorick Thompson,RB,,,,,,,,,,,,,
Jordan Chunn,RB,,,,,,,,,,,,,
Terry Swanson,RB,,,,,,,,,,,,,
Ellis Merriweather,RB,,,,,,,,,,,,,
Ty Chandler,RB,NO,,,,,,,,,,,,
Carson Steele,RB,PHI,,,,,,,,,,,,
Nick Bawden,RB,,,,,,,,,,,,,
Frank Gore,RB,BUF,,,,,,,,,,,,
Robert Martin,RB,,,,,,,,,,,,,
Ja'Quinden Jackson,RB,,,,,,,,,,,,,
Tre Harbison,RB,,,,,,,,,,,,,
Kentrel Bullock,RB,CIN,,,,,,,,,,,,
Mark Weisman,RB,,,,,,,,,,,,,
Freddie Stevenson,RB,,,,,,,,,,,,,
LeSean McCoy,RB,,,,,,,,,,,,,
Austin Walter,RB,,,,,,,,,,,,,
Myles Gaskin,RB,,,,,,,,,,,,,
James Butler,RB,,,,,,,,,,,,,
Mohamed Ibrahim,RB,,,,,,,,,,,,,
Jordan Nubin,RB,,,,,,,,,,,,,
Bo Scarbrough,RB,,,,,,,,,,,,,
Mike Davis,RB,,,,,,,,,,,,,
Justin Stockton,RB,,,,,,,,,,,,,
Chris Warren,RB,,,,,,,,,,,,,
Dillon Johnson,RB,,,,,,,,,,,,,
Jordan Johnson,RB,,,,,,,,,,,,,
Jon Hilliman,RB,,,,,,,,,,,,,
Brandon Radcliff,RB,,,,,,,,,,,,,
Cam Akers,RB,,,,,,,,,,,,,
Clint Ratkovich,RB,,,,,,,,,,,,,
T.J. Pledger,RB,,,,,,,,,,,,,
Jaret Patterson,RB,CLE,,,,,,,,,,,,
DJ Giddens,RB,IND,,,,,,,,,,,,
Bryce Love,RB,,,,,,,,,,,,,
James White,RB,,,,,,,,,,,,,
Kalel Mullings,RB,TEN,,,,,,,,,,,,
Jordan Ellis,RB,,,,,,,,,,,,,
Dean Connors,RB,LAR,,,,,,,,,,,,
Lamar Miller,RB,,,,,,,,,,,,,
Ty Johnson,RB,BUF,,,,,,,,,,,,
Chris Smith,RB,,,,,,,,,,,,,
Ervin Philips,RB,,,,,,,,,,,,,
Zach Evans,RB,,,,,,,,,,,,,
Shaun Wilson,RB,,,,,,,,,,,,,
De'Lance Turner,RB,,,,,,,,,,,,,
Keilan Robinson,RB,,,,,,,,,,,,,
Luke Lundy,RB,,,,,,,,,,,,,
Wayne Taulapapa,RB,,,,,,,,,,,,,
Kyle Coleman,RB,,,,,,,,,,,,,
Kye Robichaux,RB,,,,,,,,,,,,,
Javorius Allen,RB,,,,,,,,,,,,,
Michael Wiley,RB,,,,,,,,,,,,,
Jamize Olawale,RB,,,,,,,,,,,,,
Jerrion Ealy,RB,,,,,,,,,,,,,
Sherman Badie,RB,,,,,,,,,,,,,
De'Mard Llorens,RB,,,,,,,,,,,,,
Troymaine Pope,RB,,,,,,,,,,,,,
Zonovan Knight,RB,ARI,,,,,,,,,,,,
Daniel Marx,RB,,,,,,,,,,,,,
Ross Scheuerman,RB,,,,,,,,,,,,,
Ray Lawry,RB,,,,,,,,,,,,,
Markese Stepp,RB,,,,,,,,,,,,,
Alstevis Squirewell,RB,,,,,,,,,,,,,
Kareem Hunt,RB,,,,,,,,,,,,,
Kerrith Whyte,RB,GB,,,,,,,,,,,,
T.J. Yeldon,RB,,,,,,,,,,,,,
Dare Ogunbowale,RB,HOU,,,,,,,,,,,,
Malcolm Brown,RB,,,,,,,,,,,,,
George Aston,RB,,,,,,,,,,,,,
Terrell Jennings,RB,,,,,,,,,,,,,
Taiwan Jones,RB,,,,,,,,,,,,,
Dominic Richardson,RB,,,,,,,,,,,,,
Raheem Blackshear,RB,,,,,,,,,,,,,
Devon Johnson,RB,,,,,,,,,,,,,
C.J. Prosise,RB,,,,,,,,,,,,,
Malik Davis,RB,DAL,,,,,,,,,,,,
Nick Ralston,RB,,,,,,,,,,,,,
Andy Janovich,RB,,,,,,,,,,,,,
Rakeem Boyd,RB,,,,,,,,,,,,,
Ricky Person,RB,,,,,,,,,,,,,
Keshawn Hill,RB,,,,,,,,,,,,,
Master Teague,RB,,,,,,,,,,,,,
Taquan Mizzell,RB,NYG,,,,,,,,,,,,
Dan Vitale,RB,,,,,,,,,,,,,
Ramon Jefferson,RB,,,,,,,,,,,,,
Gabe Nabers,RB,,,,,,,,,,,,,
D.J. Williams,RB,,,,,,,,,,,,,
Jarquez Hunter,RB,MIA,,,,,,,,,,,,
Henry Poggi,RB,,,,,,,,,,,,,
Toriano Clinton,RB,,,,,,,,,,,,,
Elijhaa Penny,RB,,,,,,,,,,,,,
Pete Guerriero,RB,,,,,,,,,,,,,
Derrick Gore,RB,,,,,,,,,,,,,
Trey Potts,RB,,,,,,,,,,,,,
Brandon Ross,RB,,,,,,,,,,,,,
Sone Ntoh,RB,,,,,,,,,,,,,
Ronnie Brown,RB,,,,,,,,,,,,,
Rodney Anderson,RB,,,,,,,,,,,,,
Shermari Jones,RB,,,,,,,,,,,,,
Robert Turbin,RB,,,,,,,,,,,,,
Luke McNitt,RB,,,,,,,,,,,,,
Tayon Fleet-Davis,RB,,,,,,,,,,,,,
T.J. Logan,RB,,,,,,,,,,,,,
Kadarius Calloway,RB,,,,,,,,,,,,,
Kobe Lewis,RB,,,,,,,,,,,,,
Artavis Pierce,RB,,,,,,,,,,,,,
Israel Abanikanda,RB,DAL,,,,,,,,,,,,
Marcus Cooper,RB,,,,,,,,,,,,,
Kevorian Barnes,RB,,,,,,,,,,,,,
Dontae Strickland,RB,,,,,,,,,,,,,
Kamryn Pettway,RB,,,,,,,,,,,,,
Trent Howland,RB,,,,,,,,,,,,,
Jakob Johnson,RB,,,,,,,,,,,,,
Jordon Vaughn,RB,,,,,,,,,,,,,
Leonard Fournette,RB,,,,,,,,,,,,,
Jordan Mims,RB,,,,,,,,,,,,,
ShunDerrick Powell,RB,,,,,,,,,,,,,
Jamaal Williams,RB,,,,,,,,,,,,,
Zamir White,RB,NO,,,,,,,,,,,,
Jawhar Jordan,RB,HOU,,,,,,,,,,,,
Ty'Son Williams,RB,,,,,,,,,,,,,
Avery Williams,RB,,,,,,,,,,,,,
EJ Smith,RB,,,,,,,,,,,,,
Chris Collier,RB,LV,,,,,,,,,,,,
Desmond Reid,RB,,,,,,,,,,,,,
Jalen Jackson,RB,,,,,,,,,,,,,
Elijah Dotson,RB,,,,,,,,,,,,,
Godwin Igwebuike,RB,,,,,,,,,,,,,
Corey Clement,RB,,,,,,,,,,,,,
Miles Sanders,RB,,,,,,,,,,,,,
Isaiah Bowser,RB,,,,,,,,,,,,,
Jalin Moore,RB,,,,,,,,,,,,,
Blake Watson,RB,,,,,,,,,,,,,
Patrick Laird,RB,,,,,,,,,,,,,
Dwayne Washington,RB,,,,,,,,,,,,,
Wayne Gallman,RB,,,,,,,,,,,,,
Mekhi Sargent,RB,,,,,,,,,,,,,
Cedric O'Neal,RB,,,,,,,,,,,,,
Tyler Ervin,RB,,,,,,,,,,,,,
Josh Jacobs,RB,GB,,,,,,,,,,,,
Zach Charbonnet,RB,SEA,,,,,,,,,,,,
Corey Knox,RB,,,,,,,,,,,,,
Cullen Gillaspia,RB,,,,,,,,,,,,,
Khalid Hill,RB,,,,,,,,,,,,,
Braylon Heard,RB,,,,,,,,,,,,,
Deuce Vaughn,RB,HOU,,,,,,,,,,,,
Rodney Smith,RB,,,,,,,,,,,,,
Devonta Freeman,RB,,,,,,,,,,,,,
Tim Cook,RB,,,,,,,,,,,,,
Ulysses Bentley,RB,NO,,,,,,,,,,,,
Chandler Cox,RB,,,,,,,,,,,,,
Zach Zenner,RB,,,,,,,,,,,,,
Josh Pitsenburger,RB,,,,,,,,,,,,,
Dalvin Cook,RB,,,,,,,,,,,,,
Ahmani Marshall,RB,CAR,,,,,,,,,,,,
TJ Harden,RB,,,,,,,,,,,,,
Larry Rountree,RB,,,,,,,,,,,,,
Marlon Mack,RB,,,,,,,,,,,,,
Sam Scott,RB,,,,,,,,,,,,,
Alex Tecza,RB,,,,,,,,,,,,,
Connor Slomka,RB,,,,,,,,,,,,,
CJ Marable,RB,,,,,,,,,,,,,
DeAndre Washington,RB,,,,,,,,,,,,,
Derek Watt,RB,,,,,,,,,,,,,
Phil Mafah,RB,NYG,,,,,,,,,,,,
Zac Brooks,RB,,,,,,,,,,,,,
Napoleon Maxwell,RB,,,,,,,,,,,,,
Mikey Daniel,RB,,,,,,,,,,,,,
Noah Whittington,RB,HOU,,,,,,,,,,,,
Michael Warren,RB,DET,,,,,,,,,,,,
Joe Bacci,RB,,,,,,,,,,,,,
Damon Bankston,RB,GB,,,,,,,,,,,,
Roydell Williams,RB,,,,,,,,,,,,,
Kenneth Harper,RB,,,,,,,,,,,,,
Mason Stokke,RB,CAR,,,,,,,,,,,,
Jack Colletto,RB,,,,,,,,,,,,,
Micah Bernard,RB,,,,,,,,,,,,,
Jarvion Franklin,RB,,,,,,,,,,,,,
Pooka Williams,RB,,,,,,,,,,,,,
Jordan Howard,RB,,,,,,,,,,,,,
Anthony Jones,RB,,,,,,,,,,,,,
Chris Swain,RB,,,,,,,,,,,,,
Chase Edmonds,RB,,,,,,,,,,,,,
Caleb Huntley,RB,,,,,,,,,,,,,
Donovan Edwards,RB,,,,,,,,,,,,,
Kenny McIntosh,RB,,,,,,,,,,,,,
Nate Noel,RB,,,,,,,,,,,,,
John Lovett,RB,,,,,,,,,,,,,
Daryl Virgies,RB,,,,,,,,,,,,,
Wendell Smallwood,RB,WAS,,,,,,,,,,,,
Kenyan Drake,RB,,,,,,,,,,,,,
De'Montre Tuggle,RB,,,,,,,,,,,,,
Zach Olstad,RB,,,,,,,,,,,,,
Marcelias Sutton,RB,,,,,,,,,,,,,
Darius Anderson,RB,,,,,,,,,,,,,
Darius Hagans,RB,,,,,,,,,,,,,
Xavier Turner,RB,,,,,,,,,,,,,
Nate McCrary,RB,,,,,,,,,,,,,
Darius Jackson,RB,,,,,,,,,,,,,
John Robinson-Woodgett,RB,,,,,,,,,,,,,
DJ Moore,WR,BUF,13.12,,,,0.43,2.36,0.02,4.4,6.91,57.26,0.44,0.02
Tom Kennedy,WR,DET,0.47,,,,,,,0.18,0.3,2.17,0.01,0.0
Jameson Williams,WR,DET,12.62,,,,0.59,3.37,0.03,3.77,6.57,61.48,0.36,0.02
Amon-Ra St. Brown,WR,DET,17.44,,,,0.28,1.61,0.01,6.43,9.34,76.34,0.52,0.03
Khalil Shakir,WR,BUF,10.95,,,,0.14,0.59,0.0,4.48,5.83,47.52,0.27,0.02
Keon Coleman,WR,BUF,3.07,,,,0.04,0.18,0.0,0.99,1.7,13.5,0.12,0.0
Isaac TeSlaa,WR,DET,3.98,,,,0.05,0.27,0.0,1.34,2.44,17.99,0.13,0.01
Joshua Palmer,WR,BUF,2.19,,,,,,,0.78,1.29,11.12,0.05,0.0
Tay Martin,WR,DET,0.7,,,,,,,0.27,0.44,3.14,0.02,0.0
Michael Wilson,WR,ARI,9.92,,,,0.05,0.18,0.0,3.64,6.15,48.74,0.23,0.01
Malachi Corley,WR,CLE,0.22,,,,0.13,0.88,0.0,0.04,0.06,0.47,0.0,0.0
Marvin Harrison,WR,ARI,9.26,,,,,,,3.03,6.47,47.3,0.25,0.01
Elic Ayomanor,WR,TEN,3.05,,,,,,,1.0,2.45,14.36,0.1,0.0
Chimere Dike,WR,TEN,1.46,,,,0.41,1.28,0.01,0.53,0.96,5.31,0.04,0.0
Darius Cooper,WR,PHI,0.5,,,,,,,0.2,0.26,2.02,0.02,0.0
KC Concepcion,WR,CLE,9.9,,,,0.74,3.24,0.03,3.24,5.13,43.91,0.29,0.01
Kevin Coleman,WR,MIA,1.42,,,,,,,0.55,0.84,6.2,0.04,0.0
Barion Brown,WR,NO,1.92,,,,0.22,0.95,0.01,0.74,1.17,8.38,0.04,0.0
Courtland Sutton,WR,DEN,10.7,,,,,,,3.73,6.63,50.9,0.31,0.02
Jakobi Meyers,WR,JAX,7.43,,,,0.26,1.13,0.01,3.02,5.02,34.34,0.13,0.01
Justin Jefferson,WR,MIN,17.79,,,,0.13,0.58,0.0,6.13,9.16,87.28,0.48,0.02
Tee Higgins,WR,CIN,13.84,,,,0.06,0.23,0.0,4.15,6.98,58.42,0.63,0.02
Alec Pierce,WR,IND,11.58,,,,0.06,0.24,0.0,3.22,5.83,61.35,0.36,0.01
Jalen Nailor,WR,LV,7.79,,,,0.25,1.03,0.01,2.52,4.71,38.83,0.21,0.01
Tyquan Thornton,WR,KC,6.47,,,,,,,1.92,3.58,33.68,0.2,0.01
Rashid Shaheed,WR,SEA,7.6,,,,0.71,4.64,0.02,2.41,3.92,35.46,0.17,0.01
KaVontae Turpin,WR,DAL,3.81,,,,0.98,5.91,0.03,0.98,1.47,15.01,0.09,0.01
Derius Davis,WR,LAC,0.19,,,,0.14,0.6,0.0,0.05,0.07,0.43,0.0,0.0
Jared Wayne,WR,HOU,3.05,,,,,,,1.1,1.7,12.66,0.11,
Jacob Cowing,WR,SF,0.61,,,,,,,0.21,0.33,2.77,0.02,0.0
Jalen McMillan,WR,TB,5.68,,,,0.11,0.54,0.0,1.82,2.93,24.23,0.22,0.01
Devontez Walker,WR,BAL,4.81,,,,0.06,0.25,0.0,1.49,2.63,21.2,0.19,0.01
Ladd McConkey,WR,LAC,13.1,,,,0.11,0.44,0.0,4.8,7.09,60.78,0.36,0.02
Jalen Coker,WR,CAR,12.91,,,,0.08,0.37,0.0,4.46,6.45,58.19,0.43,0.02
Devaughn Vele,WR,NO,9.56,,,,0.06,0.25,0.0,3.81,5.67,46.64,0.18,0.01
Tez Johnson,WR,TB,1.69,,,,0.1,0.35,0.0,0.54,0.92,6.71,0.07,0.0
Tai Felton,WR,MIN,5.03,,,,0.04,0.2,0.0,2.14,2.59,20.05,0.14,0.01
Tetairoa McMillan,WR,CAR,14.6,,,,0.08,0.37,0.0,4.49,8.38,70.39,0.5,0.02
Travis Hunter,WR,JAX,1.37,,,,0.13,0.48,0.0,0.53,1.0,5.78,0.03,0.0
Efton Chism,WR,NE,1.25,,,,,,,0.44,0.64,6.02,0.03,0.0
Elijah Sarratt,WR,BAL,1.84,,,,0.01,0.03,0.0,0.64,1.06,8.1,0.06,0.0
Chris Moore,WR,BAL,4.49,,,,0.06,0.28,0.0,1.55,2.66,21.65,0.12,0.01
Cooper Kupp,WR,SEA,7.57,,,,0.07,0.39,0.0,2.72,4.09,36.0,0.2,0.01
Treylon Burks,WR,WAS,0.46,,,,0.15,0.76,0.01,0.12,0.21,1.58,0.01,0.0
Jaxon Smith-Njigba,WR,SEA,19.55,,,,0.48,2.44,0.01,6.76,9.13,95.7,0.48,0.03
Josh Downs,WR,IND,10.44,,,,0.27,0.86,0.01,4.03,6.08,44.53,0.3,0.02
DeMario Douglas,WR,NE,8.24,,,,0.35,1.32,0.01,3.18,4.4,39.11,0.16,0.02
Kayshon Boutte,WR,HOU,9.54,,,,,,,2.83,4.58,44.32,0.38,0.01
Xavier Hutchinson,WR,HOU,7.84,,,,0.07,0.43,0.0,2.45,4.48,35.49,0.3,0.01
Jonathan Mingo,WR,DAL,0.51,,,,,,,0.16,0.34,2.61,0.01,
Andrei Iosivas,WR,CIN,5.21,,,,0.2,0.77,0.01,1.74,3.17,22.67,0.18,0.01
Rashee Rice,WR,KC,13.93,,,,0.47,1.78,0.02,5.35,7.5,63.08,0.33,0.02
Jalen Brooks,WR,ARI,0.32,,,,,,,0.12,0.24,1.47,0.01,0.0
Brycen Tremayne,WR,CAR,1.06,,,,,,,0.46,0.63,3.97,0.03,
Xavier Legette,WR,CAR,4.85,,,,,,,1.66,3.26,20.36,0.19,0.01
Brian Thomas,WR,JAX,8.32,,,,0.2,0.97,0.01,2.89,5.55,41.96,0.18,0.01
Tory Horton,WR,SEA,2.12,,,,0.06,0.32,0.0,0.71,1.2,9.58,0.07,0.0
Matthew Golden,WR,GB,11.84,,,,0.82,3.82,0.03,3.85,6.27,53.39,0.35,0.02
Isaiah Bond,WR,CLE,2.05,,,,0.18,0.76,0.01,0.54,1.12,9.53,0.07,0.0
Arian Smith,WR,NYJ,0.33,,,,0.07,0.27,0.0,0.11,0.21,1.14,0.01,0.0
Jaylin Lane,WR,WAS,1.71,,,,0.22,1.13,0.01,0.47,0.84,7.39,0.06,0.0
Myles Price,WR,MIN,0.7,,,,,,,0.25,0.38,3.12,0.02,
Dohnte Meyers,WR,CIN,0.49,,,,0.07,0.28,0.0,0.17,0.28,1.93,0.01,
Caleb Douglas,WR,MIA,8.86,,,,0.05,0.21,0.0,3.14,5.03,40.45,0.27,0.01
Zachariah Branch,WR,ATL,3.18,,,,0.15,0.67,0.01,1.25,1.95,13.82,0.07,0.0
Brenen Thompson,WR,LAC,1.24,,,,,,,0.47,0.82,5.49,0.04,0.0
Zavion Thomas,WR,CHI,0.75,,,,0.12,0.49,0.0,0.25,0.44,3.0,0.02,0.0
Kaden Wetjen,WR,PIT,0.69,,,,0.05,0.21,0.0,0.24,0.38,2.8,0.02,
Mike Evans,WR,SF,12.93,,,,,,,3.95,6.46,56.46,0.55,0.02
Mack Hollins,WR,NE,8.77,,,,0.05,0.2,0.0,3.23,4.95,41.9,0.22,0.01
DK Metcalf,WR,PIT,13.88,,,,0.15,0.64,0.01,4.36,7.45,62.24,0.53,0.02
Lil'Jordan Humphrey,WR,DEN,1.49,,,,,,,0.56,0.97,6.17,0.05,0.0
Cody White,WR,LV,0.46,,,,,,,0.17,0.28,2.21,0.01,0.0
Jaylen Waddle,WR,DEN,12.71,,,,0.22,1.03,0.01,4.56,7.23,60.71,0.32,0.02
Dyami Brown,WR,WAS,2.46,,,,0.07,0.38,0.0,0.86,1.34,11.14,0.07,0.0
Ben Skowronek,WR,PIT,1.36,,,,0.05,0.21,0.0,0.52,0.76,5.35,0.05,
George Pickens,WR,DAL,15.69,,,,0.06,0.28,0.0,4.79,7.11,82.05,0.44,0.02
Chris Olave,WR,NO,15.62,,,,0.1,0.36,0.0,5.87,8.94,77.81,0.32,0.02
Isaiah Williams,WR,NYJ,3.21,,,,0.17,0.9,0.0,1.42,1.95,13.17,0.06,0.01
Rome Odunze,WR,CHI,9.73,,,,0.06,0.23,0.0,3.04,5.97,45.4,0.35,0.01
Troy Franklin,WR,DEN,2.36,,,,0.11,0.37,0.0,0.84,1.56,9.54,0.08,0.0
Jaylin Noel,WR,HOU,8.37,,,,0.3,1.35,0.01,2.75,3.95,35.91,0.3,0.01
Kyle Williams,WR,NE,3.13,,,,0.05,0.2,0.0,1.06,2.07,13.43,0.12,0.0
LaJohntay Wester,WR,BAL,2.17,,,,0.22,0.84,0.01,0.71,1.17,9.19,0.07,0.01
Makai Lemon,WR,PHI,6.28,,,,0.11,0.57,0.01,2.25,3.3,27.51,0.2,0.01
Malik Benson,WR,LV,2.26,,,,,,,0.88,1.56,10.22,0.06,0.0
Josh Cameron,WR,JAX,1.45,,,,0.17,0.67,0.01,0.52,1.0,5.91,0.04,0.0
Cyrus Allen,WR,KC,0.78,,,,,,,0.28,0.49,3.91,0.02,0.0
Demarcus Robinson,WR,SF,6.41,,,,,,,2.0,3.27,28.38,0.26,0.01
Kalif Raymond,WR,CHI,5.66,,,,0.19,0.91,0.0,2.31,3.19,24.62,0.13,0.01
Deebo Samuel,WR,SF,10.44,,,,0.96,4.99,0.06,3.38,4.79,43.99,0.3,0.02
Olamide Zaccheaus,WR,ATL,4.18,,,,0.23,1.11,0.01,1.6,2.7,17.27,0.11,0.01
Devin Duvernay,WR,ARI,0.18,,,,0.04,0.16,0.0,0.07,0.12,0.69,0.0,0.0
Tylan Wallace,WR,CLE,0.56,,,,,,,0.2,0.32,2.5,0.02,0.0
Jahan Dotson,WR,ATL,4.11,,,,0.03,0.13,0.0,1.42,2.77,18.41,0.14,0.01
Romeo Doubs,WR,NE,9.01,,,,,,,3.2,4.97,42.62,0.26,0.01
Wan'Dale Robinson,WR,TEN,7.65,,,,0.2,0.96,0.01,3.3,5.76,34.05,0.14,0.01
Skyy Moore,WR,GB,1.14,,,,0.07,0.39,0.0,0.39,0.67,5.07,0.03,0.0
Dontayvion Wicks,WR,PHI,8.04,,,,0.05,0.23,0.0,2.62,4.2,35.66,0.3,0.01
Tre Tucker,WR,LV,8.79,,,,0.5,2.41,0.02,2.98,5.71,41.58,0.22,0.01
Jayden Reed,WR,GB,11.58,,,,0.83,6.04,0.04,3.81,5.13,46.48,0.37,0.02
Nikko Remigio,WR,KC,0.15,,,,0.03,0.14,0.0,0.04,0.08,0.71,0.0,0.0
Malik Washington,WR,MIA,9.22,,,,0.99,5.06,0.06,3.77,5.03,33.22,0.22,0.02
Xavier Worthy,WR,KC,9.85,,,,1.11,5.86,0.06,3.18,5.69,46.24,0.18,0.02
Adonai Mitchell,WR,NYJ,7.76,,,,0.06,0.18,0.0,2.51,5.32,37.62,0.24,0.01
Roman Wilson,WR,PIT,8.44,,,,0.03,0.11,0.0,2.96,5.2,35.09,0.32,0.01
Kameron Johnson,WR,TB,0.48,,,,0.05,0.24,0.0,0.15,0.28,1.83,0.02,0.0
Jalen Royals,WR,KC,0.24,,,,0.01,0.02,0.0,0.08,0.16,1.21,0.01,0.0
Germie Bernard,WR,PIT,6.26,,,,0.05,0.24,0.0,2.29,3.55,26.27,0.22,0.01
Antonio Williams,WR,WAS,7.34,,,,0.11,0.62,0.01,2.53,3.75,33.19,0.23,0.01
Ted Hurst,WR,TB,3.95,,,,0.09,0.37,0.0,1.3,2.44,17.23,0.14,0.01
Denzel Boston,WR,CLE,8.87,,,,0.14,0.57,0.01,2.96,4.84,42.29,0.26,0.01
Colbie Young,WR,CIN,0.71,,,,,,,0.27,0.48,2.98,0.02,0.0
Laquon Treadwell,WR,IND,0.76,,,,,,,0.11,0.78,4.73,0.03,
Chris Godwin,WR,TB,10.37,,,,0.05,0.24,0.0,3.99,5.92,45.11,0.31,0.02
Calvin Ridley,WR,TEN,5.1,,,,0.04,0.18,0.0,1.57,3.62,25.39,0.16,0.01
Terry McLaurin,WR,WAS,13.95,,,,0.06,0.28,0.0,4.58,6.57,67.46,0.43,0.02
CeeDee Lamb,WR,DAL,17.8,,,,0.18,1.07,0.01,5.86,8.39,87.04,0.51,0.03
Drake London,WR,ATL,11.75,,,,0.03,0.13,0.0,4.01,6.65,55.52,0.36,0.02
Christian Watson,WR,GB,14.84,,,,0.14,0.76,0.01,4.02,6.78,70.79,0.6,0.02
Britain Covey,WR,PHI,0.15,,,,,,,0.06,0.08,0.61,0.01,0.0
Quentin Johnston,WR,LAC,9.82,,,,0.19,0.69,0.0,3.27,5.35,43.3,0.35,0.01
Ryan Flournoy,WR,DAL,7.71,,,,0.2,1.07,0.01,2.52,3.63,35.54,0.25,0.01
Jack Bech,WR,LV,5.4,,,,0.06,0.25,0.0,2.06,3.37,25.21,0.13,0.01
Pat Bryant,WR,DEN,7.77,,,,0.09,0.37,0.0,3.06,5.29,37.32,0.15,0.01
Tre' Harris,WR,LAC,7.11,,,,0.13,0.56,0.0,2.92,4.33,32.86,0.14,0.01
Emeka Egbuka,WR,TB,10.8,,,,0.25,1.05,0.01,3.28,6.66,49.41,0.4,0.02
Luther Burden,WR,CHI,11.46,,,,0.64,2.99,0.02,4.04,5.82,55.23,0.25,0.02
Jahdae Walker,WR,CHI,1.78,,,,,,,0.58,1.1,8.07,0.06,0.0
Carnell Tate,WR,TEN,8.48,,,,0.09,0.36,0.0,3.11,6.39,40.65,0.21,0.01
Chris Bell,WR,MIA,6.73,,,,0.04,0.18,0.0,2.42,3.92,30.19,0.21,0.01
Deion Burks,WR,IND,0.29,,,,,,,0.12,0.19,1.25,0.01,0.0
Bryce Lance,WR,NO,2.78,,,,0.05,0.2,0.0,1.08,1.89,13.38,0.06,0.0
Keenan Allen,WR,IND,7.8,,,,,,,3.15,4.81,35.34,0.19,0.01
Stefon Diggs,WR,WAS,12.67,,,,,,,4.73,6.06,57.76,0.36,0.02
Kendrick Bourne,WR,ARI,4.17,,,,,,,1.66,2.6,20.78,0.07,0.01
Marquise Brown,WR,PHI,2.13,,,,,,,0.72,1.12,9.46,0.08,0.0
Jerry Jeudy,WR,CLE,7.56,,,,0.07,0.31,0.0,2.63,4.72,38.73,0.17,0.01
DeVonta Smith,WR,PHI,14.76,,,,0.05,0.24,0.0,5.11,7.01,69.59,0.44,0.02
Ja'Marr Chase,WR,CIN,17.24,,,,0.26,0.95,0.01,6.06,9.14,73.48,0.61,0.03
Rashod Bateman,WR,BAL,9.07,,,,0.06,0.26,0.0,2.88,5.28,41.13,0.34,0.01
Garrett Wilson,WR,NYJ,15.11,,,,0.17,0.56,0.0,5.59,8.96,64.37,0.5,0.02
John Metchie,WR,CAR,0.53,,,,0.09,0.34,0.0,0.19,0.32,1.95,0.02,0.0
Bo Melton,WR,GB,0.51,,,,0.18,1.01,0.01,0.12,0.23,1.64,0.01,0.0
Dareke Young,WR,LV,0.45,,,,,,,0.18,0.31,2.06,0.01,0.0
Parker Washington,WR,JAX,13.04,,,,0.47,1.13,0.01,4.43,7.8,60.09,0.4,0.02
Jordan Addison,WR,MIN,10.9,,,,0.28,2.43,0.02,3.33,5.46,48.3,0.4,0.01
Malachi Fields,WR,NYG,5.91,,,,0.06,0.26,0.0,2.13,3.71,25.39,0.2,0.01
Darnell Mooney,WR,NYG,4.1,,,,0.03,0.13,0.0,1.45,2.78,19.86,0.11,0.01
Odell Beckham,WR,NYG,1.6,,,,,,,0.61,0.97,6.7,0.05,0.0
Braxton Berrios,WR,NYG,0.3,,,,0.03,0.17,0.0,0.13,0.15,0.97,0.01,
Tutu Atwell,WR,LAR,2.35,,,,0.08,0.42,0.0,0.75,1.61,12.17,0.05,0.0
Malik Nabers,WR,NYG,13.62,,,,0.16,0.61,0.0,5.04,8.71,59.26,0.43,0.02
Xavier Smith,WR,LAR,3.26,,,,0.16,0.9,0.01,1.11,1.75,16.41,0.06,0.01
Konata Mumpfield,WR,LAR,3.54,,,,0.06,0.28,0.0,1.37,2.95,14.81,0.11,0.01
Davante Adams,WR,LAR,13.64,,,,,,,4.63,8.64,62.54,0.46,0.02
DeAndrew White,WR,,,,,,,,,,,,,
Ricky Jeune,WR,,,,,,,,,,,,,
Jerome Kapp,WR,,,,,,,,,,,,,
Jakeem Grant,WR,,,,,,,,,,,,,
Jaron Brown,WR,,,,,,,,,,,,,
Michael Gallup,WR,,,,,,,,,,,,,
De'Anthony Thomas,WR,,,,,,,,,,,,,
Tyren Montgomery,WR,TEN,,,,,,,,,,,,
Miles Boykin,WR,,,,,,,,,,,,,
Dorian Singer,WR,,,,,,,,,,,,,
Dante Pettis,WR,SF,,,,,,,,,,,,
Rashard Davis,WR,,,,,,,,,,,,,
Drew Morgan,WR,,,,,,,,,,,,,
John Ross,WR,,,,,,,,,,,,,
Johnny King,WR,,,,,,,,,,,,,
Tevin Jones,WR,,,,,,,,,,,,,
David Watford,WR,,,,,,,,,,,,,
Evan Berry,WR,,,,,,,,,,,,,
Taylor Grimes,WR,,,,,,,,,,,,,
Ty James,WR,,,,,,,,,,,,,
DeAngelo Hardy,WR,,,,,,,,,,,,,
Jequez Ezzard,WR,,,,,,,,,,,,,
Albert Wilson,WR,,,,,,,,,,,,,
Jacolby George,WR,,,,,,,,,,,,,
Ife Adeyi,WR,,,,,,,,,,,,,
Sean Modster,WR,,,,,,,,,,,,,
Cole Beck,WR,,,,,,,,,,,,,
Michael Strachan,WR,,,,,,,,,,,,,
Julian Fleming,WR,,,,,,,,,,,,,
Robbie Chosen,WR,,,,,,,,,,,,,
Marvin Bracy,WR,,,,,,,,,,,,,
Josh Kelly,WR,HOU,,,,,,,,,,,,
T.J. Vasher,WR,,,,,,,,,,,,,
Mark Chapman,WR,,,,,,,,,,,,,
Ke'Shawn Williams,WR,CIN,,,,,,,,,,,,
Alexander Hollins,WR,,,,,,,,,,,,,
Brian Brown,WR,,,,,,,,,,,,,
Keke Coutee,WR,,,,,,,,,,,,,
Mathew Sexton,WR,,,,,,,,,,,,,
Donaven McCulley,WR,,,,,,,,,,,,,
Caleb Chapman,WR,,,,,,,,,,,,,
Josh Ali,WR,,,,,,,,,,,,,
Stephon Robinson,WR,,,,,,,,,,,,,
Blayne Taylor,WR,,,,,,,,,,,,,
Mac Dalena,WR,,,,,,,,,,,,,
Devin Gardner,WR,,,,,,,,,,,,,
Tyler Simmons,WR,,,,,,,,,,,,,
Dorren Miller,WR,,,,,,,,,,,,,
Chris King,WR,,,,,,,,,,,,,
Johnny Wilson,WR,PHI,,,,,,,,,,,,
De'Quan Hampton,WR,,,,,,,,,,,,,
Chad Williams,WR,,,,,,,,,,,,,
Isaac Zico,WR,,,,,,,,,,,,,
Corey Rucker,WR,LV,,,,,,,,,,,,
O'Mega Blake,WR,,,,,,,,,,,,,
Jamaal Pritchett,WR,NYJ,,,,,,,,,,,,
Thomas Sperbeck,WR,,,,,,,,,,,,,
Anthony Nash,WR,,,,,,,,,,,,,
Isaiah Wright,WR,,,,,,,,,,,,,
Tyler Kahmann,WR,,,,,,,,,,,,,
Brevin Easton,WR,,,,,,,,,,,,,
Blake Proehl,WR,,,,,,,,,,,,,
Jamaal Jones,WR,,,,,,,,,,,,,
Jauan Jennings,WR,MIN,,,,,,,,,,,,
James Washington,WR,,,,,,,,,,,,,
Hamze El-Zayat,WR,,,,,,,,,,,,,
Travis Toivonen,WR,,,,,,,,,,,,,
Darrius Shepherd,WR,,,,,,,,,,,,,
Ahmarean Brown,WR,,,,,,,,,,,,,
Charlie Jones,WR,NYG,,,,,,,,,,,,
Seth Williams,WR,,,,,,,,,,,,,
Michael Johnson,WR,,,,,,,,,,,,,
Corbin Louks,WR,,,,,,,,,,,,,
Jason Brownlee,WR,,,,,,,,,,,,,
JoJo Natson,WR,,,,,,,,,,,,,
Ja'Corey Brooks,WR,,,,,,,,,,,,,
Pharoh Cooper,WR,,,,,,,,,,,,,
Daikiel Shorts,WR,,,,,,,,,,,,,
Kadarius Toney,WR,,,,,,,,,,,,,
Quez Watkins,WR,IND,,,,,,,,,,,,
Jaden Smith,WR,,,,,,,,,,,,,
Adrian Coxson,WR,,,,,,,,,,,,,
CJ Williams,WR,JAX,,,,,,,,,,,,
Willie Snead,WR,,,,,,,,,,,,,
C.J. Germany,WR,,,,,,,,,,,,,
CJ Daniels,WR,LAR,,,,,,,,,,,,
E.J. Williams,WR,,,,,,,,,,,,,
Dontez Byrd,WR,,,,,,,,,,,,,
Tre'Quan Smith,WR,,,,,,,,,,,,,
Gary Jennings,WR,LAC,,,,,,,,,,,,
Jamari Staples,WR,,,,,,,,,,,,,
Jerand Bradley,WR,,,,,,,,,,,,,
Trinity Benson,WR,,,,,,,,,,,,,
Gavin Holmes,WR,,,,,,,,,,,,,
Trevon Clark,WR,,,,,,,,,,,,,
Thyrick Pitts,WR,,,,,,,,,,,,,
Steven Sims,WR,,,,,,,,,,,,,
Dai'Jean Dixon,WR,,,,,,,,,,,,,
Tyjon Lindsey,WR,,,,,,,,,,,,,
Trevion Thompson,WR,,,,,,,,,,,,,
Gabe Marks,WR,,,,,,,,,,,,,
Landon Parker,WR,,,,,,,,,,,,,
David Durden,WR,,,,,,,,,,,,,
Noah Thomas,WR,CIN,,,,,,,,,,,,
Jalen Hurd,WR,,,,,,,,,,,,,
Gabriel Benyard,WR,,,,,,,,,,,,,
Steven Mitchell,WR,,,,,,,,,,,,,
Malik Earl,WR,,,,,,,,,,,,,
Jaelon Darden,WR,,,,,,,,,,,,,
Dakereon Joyner,WR,,,,,,,,,,,,,
Brandin Cooks,WR,SF,,,,,,,,,,,,
Peter LeBlanc,WR,,,,,,,,,,,,,
Deontay Burnett,WR,,,,,,,,,,,,,
Marken Michel,WR,,,,,,,,,,,,,
Shelton Gibson,WR,,,,,,,,,,,,,
Harvey Binford,WR,,,,,,,,,,,,,
Gio Pascascio,WR,,,,,,,,,,,,,
J.J. Jones,WR,,,,,,,,,,,,,
Rondale Moore,WR,,,,,,,,,,,,,
Jalen Moss,WR,,,,,,,,,,,,,
Kahlil Lewis,WR,,,,,,,,,,,,,
RJ Mobley,WR,,,,,,,,,,,,,
Caullin Lacy,WR,,,,,,,,,,,,,
Omari Evans,WR,KC,,,,,,,,,,,,
Adonis Jennings,WR,,,,,,,,,,,,,
Diontae Spencer,WR,,,,,,,,,,,,,
Damien Alford,WR,,,,,,,,,,,,,
Tyler Snead,WR,,,,,,,,,,,,,
Robert Lewis,WR,,,,,,,,,,,,,
Isaiah Zuber,WR,,,,,,,,,,,,,
Ricky White,WR,SEA,,,,,,,,,,,,
Casey Washington,WR,CAR,,,,,,,,,,,,
Felton Davis,WR,,,,,,,,,,,,,
Ishmael Zamora,WR,,,,,,,,,,,,,
Brandon Hayes,WR,,,,,,,,,,,,,
Alshon Jeffery,WR,,,,,,,,,,,,,
Micah Wright,WR,,,,,,,,,,,,,
Keon Hatcher,WR,,,,,,,,,,,,,
Davion Davis,WR,,,,,,,,,,,,,
Brandon Shippen,WR,,,,,,,,,,,,,
Cameron Batson,WR,,,,,,,,,,,,,
Johnnie Dixon,WR,,,,,,,,,,,,,
Tyrell Williams,WR,,,,,,,,,,,,,
Elijhah Badger,WR,,,,,,,,,,,,,
Mohamed Sanu,WR,,,,,,,,,,,,,
Xavier Loyd,WR,,,,,,,,,,,,,
DeAngelo Yancey,WR,,,,,,,,,,,,,
Tyler Boyd,WR,,,,,,,,,,,,,
Keelan Marion,WR,,,,,,,,,,,,,
Jeremiah Haydel,WR,,,,,,,,,,,,,
Justin Marshall,WR,,,,,,,,,,,,,
Latreal Jones,WR,,,,,,,,,,,,,
Jerreth Sterns,WR,,,,,,,,,,,,,
Kearis Jackson,WR,,,,,,,,,,,,,
Ka'Raun White,WR,,,,,,,,,,,,,
Cade Johnson,WR,,,,,,,,,,,,,
Redd Douglas,WR,,,,,,,,,,,,,
Nick Westbrook-Ikhine,WR,IND,,,,,,,,,,,,
Sincere Brown,WR,,,,,,,,,,,,,
Sam Pinckney,WR,,,,,,,,,,,,,
KhaDarel Hodge,WR,,,,,,,,,,,,,
Lucky Jackson,WR,DET,,,,,,,,,,,,
Des Lawrence,WR,,,,,,,,,,,,,
Devin Gray,WR,,,,,,,,,,,,,
Richie James,WR,,,,,,,,,,,,,
Jamoi Mayes,WR,,,,,,,,,,,,,
Anthony Miller,WR,,,,,,,,,,,,,
DaMarkus Lodge,WR,,,,,,,,,,,,,
Simi Fehoko,WR,ARI,,,,,,,,,,,,
Chandler Brayboy,WR,NE,,,,,,,,,,,,
K.J. Osborn,WR,TEN,,,,,,,,,,,,
Josh Imatorbhebhe,WR,,,,,,,,,,,,,
Montrell Washington,WR,,,,,,,,,,,,,
Xavier Weaver,WR,,,,,,,,,,,,,
Collin Johnson,WR,,,,,,,,,,,,,
Bennie Fowler,WR,,,,,,,,,,,,,
Anthony Schwartz,WR,,,,,,,,,,,,,
Derel Walker,WR,,,,,,,,,,,,,
Josh Harper,WR,,,,,,,,,,,,,
Stephen Louis,WR,,,,,,,,,,,,,
DeVonte Dedmon,WR,,,,,,,,,,,,,
Allen Lazard,WR,,,,,,,,,,,,,
Calvin Jackson,WR,,,,,,,,,,,,,
Marcus Kemp,WR,,,,,,,,,,,,,
Devon Cajuste,WR,,,,,,,,,,,,,
Isaiah Winstead,WR,,,,,,,,,,,,,
Le'Meke Brockington,WR,,,,,,,,,,,,,
Kermit Whitfield,WR,,,,,,,,,,,,,
Colton Dowell,WR,,,,,,,,,,,,,
Marcus Green,WR,,,,,,,,,,,,,
Jonathan Duhart,WR,,,,,,,,,,,,,
Curtis Samuel,WR,,,,,,,,,,,,,
Joe Horn,WR,,,,,,,,,,,,,
Deontez Alexander,WR,,,,,,,,,,,,,
DeMeer Blankumsee,WR,,,,,,,,,,,,,
Daniel George,WR,,,,,,,,,,,,,
Corey Willis,WR,,,,,,,,,,,,,
Malik Williams,WR,,,,,,,,,,,,,
Jimmy Holiday,WR,KC,,,,,,,,,,,,
Kole Wilson,WR,,,,,,,,,,,,,
Jake Bobo,WR,SEA,,,,,,,,,,,,
Tanner Gentry,WR,,,,,,,,,,,,,
Cody Thompson,WR,,,,,,,,,,,,,
Keytaon Thompson,WR,,,,,,,,,,,,,
Marcus Riley,WR,,,,,,,,,,,,,
Brady Boyd,WR,,,,,,,,,,,,,
Alex Bullock,WR,,,,,,,,,,,,,
Jordan Veasy,WR,,,,,,,,,,,,,
Calvin Austin,WR,NYG,,,,,,,,,,,,
Austin Trammell,WR,JAX,,,,,,,,,,,,
John Jackson,WR,,,,,,,,,,,,,
Jermaine Jackson,WR,,,,,,,,,,,,,
Dontay Demus,WR,,,,,,,,,,,,,
Jalen Tolbert,WR,MIA,,,,,,,,,,,,
Denzel Mims,WR,,,,,,,,,,,,,
Jahmal Banks,WR,,,,,,,,,,,,,
Kelvin Harmon,WR,,,,,,,,,,,,,
Malik Turner,WR,SF,,,,,,,,,,,,
Andre Patton,WR,,,,,,,,,,,,,
Kenny Stills,WR,,,,,,,,,,,,,
Cyrus Holder,WR,,,,,,,,,,,,,
Maurice Alexander,WR,,,,,,,,,,,,,
Joseph Parker,WR,,,,,,,,,,,,,
Jamari Thrash,WR,,,,,,,,,,,,,
Jontre Kirklin,WR,,,,,,,,,,,,,
Marcus Simms,WR,,,,,,,,,,,,,
Brian Burt,WR,,,,,,,,,,,,,
Alex Erickson,WR,,,,,,,,,,,,,
Luke Floriea,WR,,,,,,,,,,,,,
Cameron Ross,WR,DEN,,,,,,,,,,,,
Alex Bachman,WR,LAR,,,,,,,,,,,,
Tony Brown,WR,,,,,,,,,,,,,
Sam Schnee,WR,,,,,,,,,,,,,
Jared Murphy,WR,,,,,,,,,,,,,
Derrick Willies,WR,,,,,,,,,,,,,
Jason Moore,WR,,,,,,,,,,,,,
Liam Clifford,WR,,,,,,,,,,,,,
Bryan Thompson,WR,,,,,,,,,,,,,
Marquise Goodwin,WR,,,,,,,,,,,,,
Lujuan Winningham,WR,,,,,,,,,,,,,
Montorie Foster,WR,SEA,,,,,,,,,,,,
Devonte Ross,WR,,,,,,,,,,,,,
Osirus Mitchell,WR,,,,,,,,,,,,,
Dalevon Campbell,WR,,,,,,,,,,,,,
Canaan Severin,WR,,,,,,,,,,,,,
Terry Wright,WR,,,,,,,,,,,,,
Cody Hollister,WR,,,,,,,,,,,,,
Charleston Rambo,WR,,,,,,,,,,,,,
Marcus Burke,WR,,,,,,,,,,,,,
Adam Humphries,WR,,,,,,,,,,,,,
Ben Patterson,WR,,,,,,,,,,,,,
Dezmon Patmon,WR,,,,,,,,,,,,,
Emmanuel Butler,WR,,,,,,,,,,,,,
David Porter,WR,,,,,,,,,,,,,
Devonte Boyd,WR,,,,,,,,,,,,,
Jazz Ferguson,WR,,,,,,,,,,,,,
Uzoma Nwachukwu,WR,,,,,,,,,,,,,
Randall Cobb,WR,,,,,,,,,,,,,
K.D. Cannon,WR,,,,,,,,,,,,,
Kelly Akharaiyi,WR,,,,,,,,,,,,,
Malachi Jones,WR,,,,,,,,,,,,,
Darren Carrington,WR,,,,,,,,,,,,,
Cam Sims,WR,,,,,,,,,,,,,
Ezell Ruffin,WR,,,,,,,,,,,,,
Dom Williams,WR,,,,,,,,,,,,,
Caleb Scott,WR,TEN,,,,,,,,,,,,
Golden Tate,WR,,,,,,,,,,,,,
Preston Fox,WR,,,,,,,,,,,,,
Jon'Vea Johnson,WR,,,,,,,,,,,,,
A.J. Richardson,WR,,,,,,,,,,,,,
DeMichael Harris,WR,,,,,,,,,,,,,
Ed Lee,WR,,,,,,,,,,,,,
Tommy Mellott,WR,,,,,,,,,,,,,
Titus Davis,WR,,,,,,,,,,,,,
Jerjuan Newton,WR,,,,,,,,,,,,,
Jadakis Bonds,WR,,,,,,,,,,,,,
Dontae Fleming,WR,NYG,,,,,,,,,,,,
Nigel King,WR,,,,,,,,,,,,,
Taysir Mack,WR,,,,,,,,,,,,,
J.J. Nelson,WR,,,,,,,,,,,,,
Dean Patterson,WR,TB,,,,,,,,,,,,
Duke Williams,WR,,,,,,,,,,,,,
Johnathan Lloyd,WR,,,,,,,,,,,,,
Ethan Fernea,WR,,,,,,,,,,,,,
Zay Malone,WR,,,,,,,,,,,,,
Anthony Kelly,WR,,,,,,,,,,,,,
A.J. Green,WR,,,,,,,,,,,,,
Ontaria Wilson,WR,,,,,,,,,,,,,
C.J. Saunders,WR,,,,,,,,,,,,,
Terry Godwin,WR,,,,,,,,,,,,,
Aron Cruickshank,WR,,,,,,,,,,,,,
Bell Braylon,WR,,,,,,,,,,,,,
Jordan Moore,WR,CIN,,,,,,,,,,,,
Michael Dereus,WR,,,,,,,,,,,,,
Juwan Green,WR,,,,,,,,,,,,,
Devin Smith,WR,,,,,,,,,,,,,
Ricky Pearsall,WR,SF,,,,,,,,,,,,
Nico Collins,WR,HOU,,,,,,,,,,,,
Anthony Smith,WR,DAL,,,,,,,,,,,,
Henry Litwin,WR,,,,,,,,,,,,,
Ronnie Bell,WR,,,,,,,,,,,,,
Damon Sheehy-Guiseppi,WR,,,,,,,,,,,,,
Kenny Golladay,WR,,,,,,,,,,,,,
Daewood Davis,WR,,,,,,,,,,,,,
Bryan Edwards,WR,,,,,,,,,,,,,
Quincy Skinner,WR,GB,,,,,,,,,,,,
Matt Landers,WR,,,,,,,,,,,,,
Luke McCaffrey,WR,WAS,,,,,,,,,,,,
Aleva Hifo,WR,,,,,,,,,,,,,
John Ursua,WR,,,,,,,,,,,,,
Vernon Johnson,WR,,,,,,,,,,,,,
Braxton Westfield,WR,,,,,,,,,,,,,
Mason Tipton,WR,NO,,,,,,,,,,,,
Ahmad Wagner,WR,,,,,,,,,,,,,
Vyncint Smith,WR,,,,,,,,,,,,,
Eric Rogers,WR,,,,,,,,,,,,,
Jarred Haggins,WR,,,,,,,,,,,,,
Jose Barbon,WR,,,,,,,,,,,,,
KeeSean Johnson,WR,,,,,,,,,,,,,
Tyshaun James,WR,,,,,,,,,,,,,
Daniel Jackson,WR,,,,,,,,,,,,,
Tre Turner,WR,,,,,,,,,,,,,
Jordan Hudson,WR,DAL,,,,,,,,,,,,
Elijah Moore,WR,PHI,,,,,,,,,,,,
Drew Estrada,WR,,,,,,,,,,,,,
Marvelle Ross,WR,,,,,,,,,,,,,
Chris Blair,WR,ATL,,,,,,,,,,,,
Penny Hart,WR,,,,,,,,,,,,,
Matt Cole,WR,,,,,,,,,,,,,
Kristian Wilkerson,WR,,,,,,,,,,,,,
Devon Williams,WR,,,,,,,,,,,,,
Shaquelle Evans,WR,,,,,,,,,,,,,
Nick Williams,WR,DEN,,,,,,,,,,,,
Marcus Tucker,WR,,,,,,,,,,,,,
Brandon Lewis,WR,,,,,,,,,,,,,
Elijah Cooks,WR,,,,,,,,,,,,,
J.J. Koski,WR,,,,,,,,,,,,,
Travell Harris,WR,,,,,,,,,,,,,
Marcus Sanders,WR,,,,,,,,,,,,,
Terique Owens,WR,,,,,,,,,,,,,
Nyqwan Murray,WR,,,,,,,,,,,,,
Johnny Holton,WR,,,,,,,,,,,,,
Garrett Johnson,WR,,,,,,,,,,,,,
Thomas Ives,WR,CHI,,,,,,,,,,,,
JuJu Smith-Schuster,WR,,,,,,,,,,,,,
Russell Gage,WR,,,,,,,,,,,,,
Michael Walker,WR,,,,,,,,,,,,,
Tyreek Hill,WR,,,,,,,,,,,,,
Tim Jones,WR,JAX,,,,,,,,,,,,
Isaiah Neyor,WR,GB,,,,,,,,,,,,
Wayne Ruby,WR,,,,,,,,,,,,,
David White,WR,,,,,,,,,,,,,
Raphael Leonard,WR,,,,,,,,,,,,,
Cephus Johnson,WR,,,,,,,,,,,,,
Paul Browning,WR,,,,,,,,,,,,,
Tyler Adams,WR,,,,,,,,,,,,,
Josh Smith,WR,,,,,,,,,,,,,
Jimmy Horn,WR,CLE,,,,,,,,,,,,
William Fuller,WR,,,,,,,,,,,,,
Shae Wyatt,WR,,,,,,,,,,,,,
Trey Griffey,WR,,,,,,,,,,,,,
Ja'Marcus Bradley,WR,,,,,,,,,,,,,
Kenny Lawler,WR,,,,,,,,,,,,,
Mikah Holder,WR,,,,,,,,,,,,,
Russell Shepard,WR,,,,,,,,,,,,,
Marcus Peterson,WR,,,,,,,,,,,,,
T.J. Simmons,WR,,,,,,,,,,,,,
Jared Bernhardt,WR,,,,,,,,,,,,,
Savion Williams,WR,GB,,,,,,,,,,,,
Aaron Lacombe,WR,,,,,,,,,,,,,
Anthony Johnson,WR,,,,,,,,,,,,,
Bryce Oliver,WR,,,,,,,,,,,,,
Frank Darby,WR,,,,,,,,,,,,,
Lynn Bowden,WR,,,,,,,,,,,,,
Marcus Johnson,WR,,,,,,,,,,,,,
Josh Doctson,WR,,,,,,,,,,,,,
Deven Thompkins,WR,LV,,,,,,,,,,,,
Malachi Carter,WR,,,,,,,,,,,,,
Jalen Guyton,WR,,,,,,,,,,,,,
Dayton Wade,WR,,,,,,,,,,,,,
Darece Roberson,WR,,,,,,,,,,,,,
Irv Charles,WR,SEA,,,,,,,,,,,,
Phil Lutz,WR,,,,,,,,,,,,,
Floyd Allen,WR,,,,,,,,,,,,,
Jacob Harris,WR,,,,,,,,,,,,,
Tim Patrick,WR,NYJ,,,,,,,,,,,,
Joseph Ngata,WR,,,,,,,,,,,,,
Treveyon Pratt,WR,,,,,,,,,,,,,
Marquez Clark,WR,,,,,,,,,,,,,
Mekhi Mews,WR,,,,,,,,,,,,,
Keilahn Harris,WR,,,,,,,,,,,,,
Eli Pancol,WR,IND,,,,,,,,,,,,
Carlos Henderson,WR,,,,,,,,,,,,,
Jamison Crowder,WR,,,,,,,,,,,,,
Daniel Williams,WR,,,,,,,,,,,,,
Sean Ryan,WR,,,,,,,,,,,,,
Seth Dawkins,WR,,,,,,,,,,,,,
Dez Stewart,WR,,,,,,,,,,,,,
Jake Wieneke,WR,,,,,,,,,,,,,
DeAndre Carter,WR,,,,,,,,,,,,,
Puka Nacua,WR,LAR,,,,,,,,,,,,
Devin Carter,WR,,,,,,,,,,,,,
Robert Davis,WR,,,,,,,,,,,,,
Kalil Pimpleton,WR,,,,,,,,,,,,,
Shay Fields,WR,,,,,,,,,,,,,
Jaylon Moore,WR,,,,,,,,,,,,,
Jelani Baker,WR,,,,,,,,,,,,,
Damiere Byrd,WR,,,,,,,,,,,,,
Josh Reynolds,WR,,,,,,,,,,,,,
Dez Fitzpatrick,WR,,,,,,,,,,,,,
De'Zhaun Stribling,WR,SF,,,,,,,,,,,,
Ricky Collins,WR,,,,,,,,,,,,,
Darvin Kidsy,WR,,,,,,,,,,,,,
Rashard Higgins,WR,,,,,,,,,,,,,
Cam Camper,WR,,,,,,,,,,,,,
Kawaan Baker,WR,,,,,,,,,,,,,
A.J. Brown,WR,NE,,,,,,,,,,,,
Gunner Olszewski,WR,NYG,,,,,,,,,,,,
Colby Pearson,WR,,,,,,,,,,,,,
Geremy Davis,WR,,,,,,,,,,,,,
Diontae Johnson,WR,,,,,,,,,,,,,
Darrell Stewart,WR,,,,,,,,,,,,,
Kaden Prather,WR,,,,,,,,,,,,,
JaQuae Jackson,WR,,,,,,,,,,,,,
Ryan Switzer,WR,,,,,,,,,,,,,
Tyler Hudson,WR,,,,,,,,,,,,,
Aaron Fuller,WR,,,,,,,,,,,,,
Kyre Duplessis,WR,,,,,,,,,,,,,
Dontrelle Inman,WR,,,,,,,,,,,,,
Samson Nacua,WR,,,,,,,,,,,,,
Tim Wilson,WR,,,,,,,,,,,,,
Jaxon Janke,WR,,,,,,,,,,,,,
Keith Kirkwood,WR,,,,,,,,,,,,,
Cayleb Jones,WR,,,,,,,,,,,,,
Amari Cooper,WR,,,,,,,,,,,,,
Michael Rector,WR,,,,,,,,,,,,,
Mike Williams,WR,,,,,,,,,,,,,
Praise Olatoke,WR,,,,,,,,,,,,,
Kobe Hudson,WR,,,,,,,,,,,,,
Bryce Bobo,WR,,,,,,,,,,,,,
Je'Quan Burton,WR,,,,,,,,,,,,,
Jaelon Acklin,WR,,,,,,,,,,,,,
Ahmad Fulwood,WR,,,,,,,,,,,,,
Josh Gordon,WR,,,,,,,,,,,,,
Jonah Trinnaman,WR,,,,,,,,,,,,,
Michael Bandy,WR,DEN,,,,,,,,,,,,
Ted Ginn,WR,,,,,,,,,,,,,
Stephen Gosnell,WR,BUF,,,,,,,,,,,,
Dalen Cambre,WR,NYG,,,,,,,,,,,,
Chris Brazzell,WR,CAR,,,,,,,,,,,,
Danny Anthrop,WR,,,,,,,,,,,,,
Braydon Johnson,WR,,,,,,,,,,,,,
Ja'Mori Maclin,WR,BUF,,,,,,,,,,,,
Stanley Morgan,WR,,,,,,,,,,,,,
Alex Wesley,WR,,,,,,,,,,,,,
Kenny Bell,WR,,,,,,,,,,,,,
John Hightower,WR,,,,,,,,,,,,,
Kai Locksley,WR,,,,,,,,,,,,,
Aaron Anderson,WR,,,,,,,,,,,,,
Kendall Hinton,WR,,,,,,,,,,,,,
Phillip Brooks,WR,,,,,,,,,,,,,
Darius Davis,WR,,,,,,,,,,,,,
Brennan Eagles,WR,,,,,,,,,,,,,
Trebor Pena,WR,JAX,,,,,,,,,,,,
Chris Hilton,WR,,,,,,,,,,,,,
Marchie Murdock,WR,,,,,,,,,,,,,
Savon Scarver,WR,,,,,,,,,,,,,
Josh Vann,WR,,,,,,,,,,,,,
Harrison Wallace,WR,ARI,,,,,,,,,,,,
Jamire Jordan,WR,,,,,,,,,,,,,
Nick Easley,WR,,,,,,,,,,,,,
Kendrick Ings,WR,,,,,,,,,,,,,
Chase Claypool,WR,,,,,,,,,,,,,
Jaquarii Roberson,WR,,,,,,,,,,,,,
Sy Barnett,WR,,,,,,,,,,,,,
Anthony Dable,WR,,,,,,,,,,,,,
Dredrick Snelson,WR,,,,,,,,,,,,,
Kyle Philips,WR,,,,,,,,,,,,,
Jeff Caldwell,WR,KC,,,,,,,,,,,,
Ramel Keyton,WR,,,,,,,,,,,,,
KJ Hill,WR,LAC,,,,,,,,,,,,
Austin Carr,WR,,,,,,,,,,,,,
Cam Johnson,WR,,,,,,,,,,,,,
Isaiah Hodgins,WR,PIT,,,,,,,,,,,,
Mitch Mathews,WR,,,,,,,,,,,,,
Germone Hopper,WR,,,,,,,,,,,,,
Silas Bolden,WR,,,,,,,,,,,,,
Mecole Hardman,WR,,,,,,,,,,,,,
Antwane Wells,WR,ATL,,,,,,,,,,,,
Traeshon Holden,WR,,,,,,,,,,,,,
C.J. Charleston,WR,,,,,,,,,,,,,
Mason Kinsey,WR,,,,,,,,,,,,,
Brisly Estime,WR,,,,,,,,,,,,,
Davon Grayson,WR,,,,,,,,,,,,,
Kyron Hudson,WR,,,,,,,,,,,,,
Lacoltan Bester,WR,,,,,,,,,,,,,
Fred Trevillion,WR,,,,,,,,,,,,,
Xavier Guillory,WR,BAL,,,,,,,,,,,,
Marquez Stevenson,WR,,,,,,,,,,,,,
Jared Dangerfield,WR,,,,,,,,,,,,,
KeVonn Mabon,WR,,,,,,,,,,,,,
Joe Horn,WR,,,,,,,,,,,,,
Chris Tyree,WR,,,,,,,,,,,,,
Darius Prince,WR,,,,,,,,,,,,,
Landon Lenoir,WR,,,,,,,,,,,,,
Adam Thielen,WR,,,,,,,,,,,,,
JJ Laap,WR,,,,,,,,,,,,,
OJ Hiliare,WR,,,,,,,,,,,,,
Kaden Davis,WR,CHI,,,,,,,,,,,,
Tre Mosley,WR,,,,,,,,,,,,,
Devin Ross,WR,,,,,,,,,,,,,
T.J. Jones,WR,,,,,,,,,,,,,
George Campbell,WR,,,,,,,,,,,,,
Isaiah Wooden,WR,,,,,,,,,,,,,
Daurice Fountain,WR,,,,,,,,,,,,,
Jester Weah,WR,,,,,,,,,,,,,
Dazz Newsome,WR,,,,,,,,,,,,,
Taywan Taylor,WR,,,,,,,,,,,,,
Karel Hamilton,WR,,,,,,,,,,,,,
Dennis Parks,WR,,,,,,,,,,,,,
Avery Davis,WR,,,,,,,,,,,,,
Tony Stevens,WR,,,,,,,,,,,,,
Jaleel Scott,WR,,,,,,,,,,,,,
Eric McAlister,WR,,,,,,,,,,,,,
Kekoa Crawford,WR,,,,,,,,,,,,,
Brandon Powell,WR,,,,,,,,,,,,,
Andrew Armstrong,WR,KC,,,,,,,,,,,,
Monaray Baldwin,WR,,,,,,,,,,,,,
C.J. Duncan,WR,,,,,,,,,,,,,
Damion Jeanpiere,WR,,,,,,,,,,,,,
Bailey Gaither,WR,,,,,,,,,,,,,
Dakota Caton,WR,,,,,,,,,,,,,
Rico Bussey,WR,,,,,,,,,,,,,
Tyler Lockett,WR,,,,,,,,,,,,,
James Proche,WR,CLE,,,,,,,,,,,,
Damon Hazelton,WR,,,,,,,,,,,,,
Willie Johnson,WR,,,,,,,,,,,,,
Shane Leatherbury,WR,,,,,,,,,,,,,
Rodney Adams,WR,,,,,,,,,,,,,
Jalen Greene,WR,,,,,,,,,,,,,
Marvin Mims,WR,DEN,,,,,,,,,,,,
Detrich Clark,WR,,,,,,,,,,,,,
Shaq Hill,WR,,,,,,,,,,,,,
Monty Madaris,WR,,,,,,,,,,,,,
Romell Guerrier,WR,,,,,,,,,,,,,
Francis Owusu,WR,,,,,,,,,,,,,
Hunter Renfrow,WR,,,,,,,,,,,,,
Marcus Lucas,WR,,,,,,,,,,,,,
Equanimeous St. Brown,WR,,,,,,,,,,,,,
Da'Mari Scott,WR,,,,,,,,,,,,,
Cade McDonald,WR,,,,,,,,,,,,,
Keeon Johnson,WR,,,,,,,,,,,,,
Julian Edelman,WR,,,,,,,,,,,,,
Chad Hansen,WR,,,,,,,,,,,,,
Roderick Daniels,WR,,,,,,,,,,,,,
Kyle Dixon,WR,NE,,,,,,,,,,,,
Bobo Wilson,WR,,,,,,,,,,,,,
Deonte Harty,WR,,,,,,,,,,,,,
Demetrius Wilson,WR,,,,,,,,,,,,,
DaVaris Daniels,WR,,,,,,,,,,,,,
Kyric McGowan,WR,,,,,,,,,,,,,
Chase Cota,WR,,,,,,,,,,,,,
Amari Rodgers,WR,,,,,,,,,,,,,
David Bell,WR,,,,,,,,,,,,,
Antoine Wesley,WR,,,,,,,,,,,,,
Nick Nash,WR,,,,,,,,,,,,,
Myron Mitchell,WR,,,,,,,,,,,,,
Tyler Vaughns,WR,,,,,,,,,,,,,
Jalen Walthall,WR,,,,,,,,,,,,,
Keyarris Garrett,WR,,,,,,,,,,,,,
Tyre Brady,WR,,,,,,,,,,,,,
Kevin Snead,WR,,,,,,,,,,,,,
Moose Muhammad,WR,,,,,,,,,,,,,
John Brown,WR,,,,,,,,,,,,,
Allen Robinson,WR,,,,,,,,,,,,,
Zach Mathis,WR,,,,,,,,,,,,,
Dante Wright,WR,,,,,,,,,,,,,
Corey Sutton,WR,,,,,,,,,,,,,
Mario Williams,WR,,,,,,,,,,,,,
Kwamie Lassiter,WR,,,,,,,,,,,,,
Austin Duke,WR,,,,,,,,,,,,,
Hal Presley,WR,,,,,,,,,,,,,
Octavian Smith,WR,,,,,,,,,,,,,
Malik McClain,WR,NYJ,,,,,,,,,,,,
Quincy Enunwa,WR,,,,,,,,,,,,,
Trenton Irwin,WR,,,,,,,,,,,,,
Corey Crooms,WR,,,,,,,,,,,,,
Will Pauling,WR,SF,,,,,,,,,,,,
Kasey Closs,WR,,,,,,,,,,,,,
Changa Hodge,WR,,,,,,,,,,,,,
Landen Akers,WR,,,,,,,,,,,,,
Taylor Morin,WR,,,,,,,,,,,,,
Josh Magee,WR,,,,,,,,,,,,,
Jacob Copeland,WR,,,,,,,,,,,,,
Jimmy Kibble,WR,,,,,,,,,,,,,
Ajou Ajou,WR,,,,,,,,,,,,,
Joseph Scates,WR,,,,,,,,,,,,,
Kyle Sheets,WR,,,,,,,,,,,,,
Chris Brown,WR,,,,,,,,,,,,,
Michael Crabtree,WR,,,,,,,,,,,,,
Jake Herslow,WR,,,,,,,,,,,,,
Quintez Cephus,WR,,,,,,,,,,,,,
Jordan Bly,WR,,,,,,,,,,,,,
Keshunn Abram,WR,,,,,,,,,,,,,
Julian Hicks,WR,,,,,,,,,,,,,
Quenton Bundrage,WR,,,,,,,,,,,,,
Stephen Guidry,WR,,,,,,,,,,,,,
Braxton Burmeister,WR,,,,,,,,,,,,,
Juwann Winfree,WR,,,,,,,,,,,,,
Cortez Braham,WR,,,,,,,,,,,,,
Emmanuel Henderson,WR,SEA,,,,,,,,,,,,
Hank Beatty,WR,,,,,,,,,,,,,
John Harris,WR,,,,,,,,,,,,,
Jalen Sample,WR,,,,,,,,,,,,,
John Diarse,WR,,,,,,,,,,,,,
Chase Roberts,WR,,,,,,,,,,,,,
Terrill Davis,WR,,,,,,,,,,,,,
Jacob De Jesus,WR,,,,,,,,,,,,,
Antonio Brown,WR,,,,,,,,,,,,,
DJ Turner,WR,,,,,,,,,,,,,
Keelan Cole,WR,,,,,,,,,,,,,
Johnathon Johnson,WR,,,,,,,,,,,,,
Duece Watts,WR,,,,,,,,,,,,,
DeSean Jackson,WR,,,,,,,,,,,,,
Scotty Washington,WR,,,,,,,,,,,,,
Trevon Grimes,WR,,,,,,,,,,,,,
Tre Walker,WR,,,,,,,,,,,,,
JoJo Ward,WR,,,,,,,,,,,,,
Dez Bryant,WR,,,,,,,,,,,,,
Cornell Powell,WR,,,,,,,,,,,,,
Cedric Tillman,WR,NO,,,,,,,,,,,,
Cole Beasley,WR,,,,,,,,,,,,,
Jarvis Landry,WR,,,,,,,,,,,,,
Dee Eskridge,WR,,,,,,,,,,,,,
Chris Autman-Bell,WR,,,,,,,,,,,,,
Trevor Davis,WR,,,,,,,,,,,,,
Matt Fleming,WR,,,,,,,,,,,,,
Dres Anderson,WR,,,,,,,,,,,,,
Zimari Manning,WR,,,,,,,,,,,,,
Jehu Chesson,WR,,,,,,,,,,,,,
Isaiah McKoy,WR,,,,,,,,,,,,,
Travis Jonsen,WR,,,,,,,,,,,,,
Robert Wheelwright,WR,,,,,,,,,,,,,
Dalton Schoen,WR,,,,,,,,,,,,,
Emeka Emezie,WR,,,,,,,,,,,,,
Jack Sorenson,WR,,,,,,,,,,,,,
Shawn Poindexter,WR,,,,,,,,,,,,,
Darreus Rogers,WR,,,,,,,,,,,,,
Deon Cain,WR,,,,,,,,,,,,,
Rory Starkey,WR,,,,,,,,,,,,,
Jha'Quan Jackson,WR,,,,,,,,,,,,,
Justice Liggins,WR,,,,,,,,,,,,,
Dan Chisena,WR,,,,,,,,,,,,,
Dimitri Stanley,WR,,,,,,,,,,,,,
Oliver Martin,WR,,,,,,,,,,,,,
Joaquin Davis,WR,,,,,,,,,,,,,
Mante Morrow,WR,,,,,,,,,,,,,
Valdez Showers,WR,,,,,,,,,,,,,
Amir Carlisle,WR,,,,,,,,,,,,,
Jalen Camp,WR,,,,,,,,,,,,,
Jonathan Brady,WR,,,,,,,,,,,,,
Jeff Weimer,WR,,,,,,,,,,,,,
Rashad Rochelle,WR,,,,,,,,,,,,,
Jaray Jenkins,WR,,,,,,,,,,,,,
Dont'e Thornton,WR,LV,,,,,,,,,,,,
Gavin Lutman,WR,,,,,,,,,,,,,
Dominic Lovett,WR,DET,,,,,,,,,,,,
Kaylon Horton,WR,,,,,,,,,,,,,
Dillon Stoner,WR,,,,,,,,,,,,,
Paul Richardson,WR,,,,,,,,,,,,,
Damion Ratley,WR,,,,,,,,,,,,,
Jordan Watkins,WR,SF,,,,,,,,,,,,
Jeremiah Webb,WR,NE,,,,,,,,,,,,
T.Y. Hilton,WR,,,,,,,,,,,,,
Nick Holley,WR,,,,,,,,,,,,,
Terrace Marshall,WR,,,,,,,,,,,,,
Shedrick Jackson,WR,,,,,,,,,,,,,
Robert Woods,WR,,,,,,,,,,,,,
Stanley Berryhill,WR,,,,,,,,,,,,,
DeAndre Reaves,WR,,,,,,,,,,,,,
Kisean Johnson,WR,,,,,,,,,,,,,
Jalen Wayne,WR,,,,,,,,,,,,,
Malcolm Lewis,WR,,,,,,,,,,,,,
John Jiles,WR,,,,,,,,,,,,,
Fred Brown,WR,,,,,,,,,,,,,
Mac Hippenhammer,WR,,,,,,,,,,,,,
Levern Jacobs,WR,,,,,,,,,,,,,
Nate McCollum,WR,,,,,,,,,,,,,
De'Mornay Pierson-El,WR,,,,,,,,,,,,,
Richard Mullaney,WR,,,,,,,,,,,,,
Dylan Drummond,WR,ATL,,,,,,,,,,,,
Darius Lassiter,WR,,,,,,,,,,,,,
Daylen Baldwin,WR,,,,,,,,,,,,,
Trishton Jackson,WR,,,,,,,,,,,,,
Papi White,WR,,,,,,,,,,,,,
Travis Fulgham,WR,,,,,,,,,,,,,
Coleman Owen,WR,GB,,,,,,,,,,,,
Noah Short,WR,,,,,,,,,,,,,
Michael Young,WR,,,,,,,,,,,,,
Taj Williams,WR,,,,,,,,,,,,,
Noel Thomas,WR,,,,,,,,,,,,,
Malcolm Perry,WR,,,,,,,,,,,,,
Jordyn Tyson,WR,NO,,,,,,,,,,,,
Thomas Hennigan,WR,,,,,,,,,,,,,
Cameron Dorner,WR,NE,,,,,,,,,,,,
Zay Jones,WR,,,,,,,,,,,,,
Malick Meiga,WR,SEA,,,,,,,,,,,,
Mekale McKay,WR,,,,,,,,,,,,,
T.J. Luther,WR,,,,,,,,,,,,,
Cyril Grayson,WR,,,,,,,,,,,,,
Jaelen Gill,WR,,,,,,,,,,,,,
Jalen Virgil,WR,,,,,,,,,,,,,
Austin Proehl,WR,,,,,,,,,,,,,
Ketron Jackson,WR,,,,,,,,,,,,,
Camden Brown,WR,DAL,,,,,,,,,,,,
Elijah Marks,WR,,,,,,,,,,,,,
Beau Corrales,WR,,,,,,,,,,,,,
Josh Hammond,WR,,,,,,,,,,,,,
Sam Wiglusz,WR,,,,,,,,,,,,,
Robert Foster,WR,,,,,,,,,,,,,
Sam Brown,WR,,,,,,,,,,,,,
Byron Pringle,WR,,,,,,,,,,,,,
T.J. Rahming,WR,,,,,,,,,,,,,
Makai Polk,WR,,,,,,,,,,,,,
Omar Cooper,WR,NYJ,,,,,,,,,,,,
Malik Heath,WR,ATL,,,,,,,,,,,,
Nick DeGennaro,WR,WAS,,,,,,,,,,,,
Mike Thomas,WR,,,,,,,,,,,,,
Warren Jackson,WR,,,,,,,,,,,,,
Justin Lockhart,WR,,,,,,,,,,,,,
Tru Edwards,WR,,,,,,,,,,,,,
Gabe Davis,WR,,,,,,,,,,,,,
Allen Hurns,WR,MIA,,,,,,,,,,,,
Jaden Bradley,WR,WAS,,,,,,,,,,,,
Jaaron Hayek,WR,,,,,,,,,,,,,
Cortrelle Simpson,WR,,,,,,,,,,,,,
Justice Shelton-Mosley,WR,,,,,,,,,,,,,
Connor Wedington,WR,,,,,,,,,,,,,
Tyrie Cleveland,WR,,,,,,,,,,,,,
Tejhaun Palmer,WR,,,,,,,,,,,,,
DeAndre Thompkins,WR,GB,,,,,,,,,,,,
Racey McMath,WR,,,,,,,,,,,,,
Brian Cobbs,WR,,,,,,,,,,,,,
Trey Quinn,WR,,,,,,,,,,,,,
Jordan Smallwood,WR,,,,,,,,,,,,,
Sammy Watkins,WR,,,,,,,,,,,,,
Vinny Anthony,WR,ATL,,,,,,,,,,,,
Donovan Peoples-Jones,WR,,,,,,,,,,,,,
Daniel Rodriguez,WR,,,,,,,,,,,,,
Da'Ron Brown,WR,,,,,,,,,,,,,
Jeff Thomas,WR,,,,,,,,,,,,,
Zion Bowens,WR,,,,,,,,,,,,,
Austin Mack,WR,,,,,,,,,,,,,
Jaylen Johnson,WR,,,,,,,,,,,,,
C.J. Board,WR,,,,,,,,,,,,,
Michael Briscoe,WR,MIN,,,,,,,,,,,,
Trent Taylor,WR,,,,,,,,,,,,,
Cam Worthy,WR,,,,,,,,,,,,,
Lamar Atkins,WR,,,,,,,,,,,,,
E.J. Horton,WR,,,,,,,,,,,,,
Gage Larvadain,WR,BAL,,,,,,,,,,,,
Chester Rogers,WR,,,,,,,,,,,,,
Cody Chrest,WR,,,,,,,,,,,,,
Andrew Parchment,WR,,,,,,,,,,,,,
Omari Kelly,WR,,,,,,,,,,,,,
Korey Robertson,WR,,,,,,,,,,,,,
Cody Core,WR,,,,,,,,,,,,,
Tavonn Salter,WR,,,,,,,,,,,,,
Scotty Miller,WR,CHI,,,,,,,,,,,,
Devin Phelps,WR,,,,,,,,,,,,,
Sergio Bailey,WR,,,,,,,,,,,,,
Isiah Ferguson,WR,,,,,,,,,,,,,
Kevin Shaa,WR,,,,,,,,,,,,,
Dane Key,WR,DEN,,,,,,,,,,,,
David Moore,WR,CAR,,,,,,,,,,,,
Ja'seem Reed,WR,CAR,,,,,,,,,,,,
Chris Coleman,WR,,,,,,,,,,,,,
Gehrig Dieter,WR,,,,,,,,,,,,,
Shi Smith,WR,,,,,,,,,,,,,
Dax Milne,WR,,,,,,,,,,,,,
Donte Sylencieux,WR,,,,,,,,,,,,,
Shemar Bridges,WR,,,,,,,,,,,,,
Eli Stove,WR,,,,,,,,,,,,,
Reggie Virgil,WR,ARI,,,,,,,,,,,,
Chris Hogan,WR,,,,,,,,,,,,,
Kendric Pryor,WR,,,,,,,,,,,,,
River Cracraft,WR,,,,,,,,,,,,,
Kenzel Doe,WR,,,,,,,,,,,,,
Rico Gafford,WR,,,,,,,,,,,,,
Jacoby Jones,WR,,,,,,,,,,,,,
Cole Burgess,WR,,,,,,,,,,,,,
Brandon Zylstra,WR,,,,,,,,,,,,,
Andre Roberts,WR,,,,,,,,,,,,,
Ainias Smith,WR,,,,,,,,,,,,,
Taye Barber,WR,,,,,,,,,,,,,
Xavier Gipson,WR,PHI,,,,,,,,,,,,
Ishmael Hyman,WR,,,,,,,,,,,,,
B.J. Johnson,WR,,,,,,,,,,,,,
Dorian Baker,WR,,,,,,,,,,,,,
Christian Kirk,WR,SF,,,,,,,,,,,,
Xavier Rush,WR,,,,,,,,,,,,,
AJ Henning,WR,MIA,,,,,,,,,,,,
Eric Rivers,WR,TB,,,,,,,,,,,,
Jordan Williams-Lambert,WR,,,,,,,,,,,,,
Devontres Dukes,WR,,,,,,,,,,,,,
Reggie Brown,WR,,,,,,,,,,,,,
David Sills,WR,TB,,,,,,,,,,,,
Jordan Whittington,WR,LAR,,,,,,,,,,,,
Andy Isabella,WR,,,,,,,,,,,,,
Jamal Custis,WR,,,,,,,,,,,,,
Cody Latimer,WR,,,,,,,,,,,,,
Kaylon Geiger,WR,,,,,,,,,,,,,
Tyron Billy-Johnson,WR,,,,,,,,,,,,,
Mitch Van Vooren,WR,,,,,,,,,,,,,
DeVante Parker,WR,,,,,,,,,,,,,
Shakeir Ryan,WR,,,,,,,,,,,,,
Leon Johnson,WR,,,,,,,,,,,,,
Kelvin McKnight,WR,,,,,,,,,,,,,
Seth Roberts,WR,,,,,,,,,,,,,
Andre Levrone,WR,,,,,,,,,,,,,
Jamal Robinson,WR,,,,,,,,,,,,,
Kendrick Rogers,WR,,,,,,,,,,,,,
Amba Etta-Tawo,WR,,,,,,,,,,,,,
Austin Wolf,WR,,,,,,,,,,,,,
Jeff Badet,WR,,,,,,,,,,,,,
Damoun Patterson,WR,,,,,,,,,,,,,
Tajae Sharpe,WR,,,,,,,,,,,,,
Emmanuel Sanders,WR,,,,,,,,,,,,,
Isaiah McKenzie,WR,,,,,,,,,,,,,
Tarik Black,WR,,,,,,,,,,,,,
Javon Wims,WR,,,,,,,,,,,,,
Moochie Dixon,WR,,,,,,,,,,,,,
Danny Davis,WR,,,,,,,,,,,,,
Javon Baker,WR,,,,,,,,,,,,,
Damarr Aultman,WR,,,,,,,,,,,,,
Theo Wease,WR,LAC,,,,,,,,,,,,
Larry Fitzgerald,WR,,,,,,,,,,,,,
Garrett Scantling,WR,ATL,,,,,,,,,,,,
Bryant Mitchell,WR,,,,,,,,,,,,,
Whop Philyor,WR,,,,,,,,,,,,,
DJ Chark,WR,,,,,,,,,,,,,
Jhajuan Seales,WR,,,,,,,,,,,,,
Isaiah Weston,WR,,,,,,,,,,,,,
Victor Bolden,WR,,,,,,,,,,,,,
Larry Clark,WR,,,,,,,,,,,,,
Raleigh Webb,WR,,,,,,,,,,,,,
Cameron Posey,WR,,,,,,,,,,,,,
Jalen McCleskey,WR,,,,,,,,,,,,,
Sahmir Hagans,WR,,,,,,,,,,,,,
Marcell Ateman,WR,,,,,,,,,,,,,
Dede Westbrook,WR,,,,,,,,,,,,,
Antonio Nunn,WR,,,,,,,,,,,,,
Justin Shorter,WR,,,,,,,,,,,,,
Rashad Medaris,WR,,,,,,,,,,,,,
Danny Amendola,WR,,,,,,,,,,,,,
Trent Sherfield,WR,BUF,,,,,,,,,,,,
Levi Wentz,WR,,,,,,,,,,,,,
Xavier Restrepo,WR,TEN,,,,,,,,,,,,
Shaleak Knotts,WR,,,,,,,,,,,,,
Thayer Thomas,WR,,,,,,,,,,,,,
Shawn Bane,WR,,,,,,,,,,,,,
Jayden Higgins,WR,HOU,,,,,,,,,,,,
Jaivon Heiligh,WR,,,,,,,,,,,,,
Michael Wortham,WR,JAX,,,,,,,,,,,,
Antwan Goodley,WR,,,,,,,,,,,,,
Cornelius Johnson,WR,,,,,,,,,,,,,
Jalen Williams,WR,,,,,,,,,,,,,
Lincoln Victor,WR,,,,,,,,,,,,,
Ryan Grant,WR,,,,,,,,,,,,,
Chase Cota,WR,,,,,,,,,,,,,
Jordan Byrd,WR,,,,,,,,,,,,,
Tyrell Shavers,WR,BUF,,,,,,,,,,,,
Daniel Arias,WR,,,,,,,,,,,,,
Manasseh Bailey,WR,,,,,,,,,,,,,
Riley Lees,WR,,,,,,,,,,,,,
Xavier Ubosi,WR,,,,,,,,,,,,,
Devon Allen,WR,,,,,,,,,,,,,
Michael Woods,WR,,,,,,,,,,,,,
Marvin Jones,WR,,,,,,,,,,,,,
Chris Conley,WR,,,,,,,,,,,,,
Taylor Gabriel,WR,,,,,,,,,,,,,
Ventell Bryant,WR,,,,,,,,,,,,,
Josh Malone,WR,,,,,,,,,,,,,
Javess Blue,WR,,,,,,,,,,,,,
Josh Crockett,WR,,,,,,,,,,,,,
Trent Steelman,WR,,,,,,,,,,,,,
Xavier Wade,WR,,,,,,,,,,,,,
Sean Brown,WR,,,,,,,,,,,,,
D.J. Montgomery,WR,IND,,,,,,,,,,,,
John Franklin,WR,,,,,,,,,,,,,
Hayden Hatten,WR,,,,,,,,,,,,,
Corey Coleman,WR,,,,,,,,,,,,,
Chad Beebe,WR,,,,,,,,,,,,,
Winston Wright,WR,,,,,,,,,,,,,
Micah Simon,WR,CAR,,,,,,,,,,,,
Deante' Gray,WR,,,,,,,,,,,,,
Kayaune Ross,WR,,,,,,,,,,,,,
Will Hastings,WR,,,,,,,,,,,,,
Malik Knowles,WR,,,,,,,,,,,,,
Jamal Agnew,WR,,,,,,,,,,,,,
Speedy Noil,WR,,,,,,,,,,,,,
Malik Henry,WR,,,,,,,,,,,,,
Tahj Washington,WR,,,,,,,,,,,,,
Reggie Diggs,WR,,,,,,,,,,,,,
Mario Hull,WR,,,,,,,,,,,,,
Devante Davis,WR,,,,,,,,,,,,,
Chris Lacy,WR,,,,,,,,,,,,,
Erik Ezukanma,WR,,,,,,,,,,,,,
Geronimo Allison,WR,,,,,,,,,,,,,
Brenden Rice,WR,,,,,,,,,,,,,
Antoine Green,WR,,,,,,,,,,,,,
Maurice Ffrench,WR,,,,,,,,,,,,,
Austin Watkins,WR,,,,,,,,,,,,,
Tommy Thomas,WR,,,,,,,,,,,,,
Tyler Harrell,WR,,,,,,,,,,,,,
Khalil McClain,WR,,,,,,,,,,,,,
Al Riles,WR,IND,,,,,,,,,,,,
Quentin Skinner,WR,,,,,,,,,,,,,
Jerome Lane,WR,,,,,,,,,,,,,
Julio Jones,WR,,,,,,,,,,,,,
Reggie White,WR,,,,,,,,,,,,,
Jhamon Ausbon,WR,,,,,,,,,,,,,
Anthony Gould,WR,IND,,,,,,,,,,,,
Pokey Wilson,WR,,,,,,,,,,,,,
Brandon Aiyuk,WR,SF,,,,,,,,,,,,
Zay Flowers,WR,BAL,,,,,,,,,,,,
Keelan Doss,WR,,,,,,,,,,,,,
Squirrel White,WR,,,,,,,,,,,,,
Kody Case,WR,,,,,,,,,,,,,
Chris Finke,WR,,,,,,,,,,,,,
Ify Umodu,WR,,,,,,,,,,,,,
Jadon Janke,WR,,,,,,,,,,,,,
Brock Rechsteiner,WR,,,,,,,,,,,,,
Jonathan Adams,WR,,,,,,,,,,,,,
Josh Johnson,WR,,,,,,,,,,,,,
Breshad Perriman,WR,,,,,,,,,,,,,
Geordon Porter,WR,,,,,,,,,,,,,
Ryan Miller,WR,MIA,,,,,,,,,,,,
Van Jefferson,WR,WAS,,,,,,,,,,,,
Jeff Smith,WR,,,,,,,,,,,,,
Ja'Kobi Lane,WR,BAL,,,,,,,,,,,,
Jimmie Hunt,WR,,,,,,,,,,,,,
Dennis Houston,WR,,,,,,,,,,,,,
Ra'Shaun Henry,WR,,,,,,,,,,,,,
Malik Taylor,WR,,,,,,,,,,,,,
Dallas Daniels,WR,,,,,,,,,,,,,
Henry Ruggs,WR,,,,,,,,,,,,,
Samori Toure,WR,,,,,,,,,,,,,
Garett Maag,WR,,,,,,,,,,,,,
Marcus Rosemy-Jacksaint,WR,,,,,,,,,,,,,
Keevan Lucas,WR,,,,,,,,,,,,,
Jalin Hyatt,WR,NYG,,,,,,,,,,,,
Chris Rowland,WR,,,,,,,,,,,,,
Trey Palmer,WR,NO,,,,,,,,,,,,
Courtney Jackson,WR,,,,,,,,,,,,,
Derek Wright,WR,,,,,,,,,,,,,
Quartney Davis,WR,,,,,,,,,,,,,
LaQuvionte Gonzalez,WR,,,,,,,,,,,,,
Jaydon Mickens,WR,,,,,,,,,,,,,
Kyrese Rowan,WR,NO,,,,,,,,,,,,
Josh Pearson,WR,,,,,,,,,,,,,
DT Sheffield,WR,,,,,,,,,,,,,
Jimmy Williams,WR,,,,,,,,,,,,,
Kolby Listenbee,WR,,,,,,,,,,,,,
Ray-Ray McCloud,WR,,,,,,,,,,,,,
Derrick Dillon,WR,,,,,,,,,,,,,
Skyler Bell,WR,BUF,,,,,,,,,,,,
Lawrence Keys,WR,DET,,,,,,,,,,,,
Sterling Shepard,WR,NYJ,,,,,,,,,,,,
Jared Smart,WR,,,,,,,,,,,,,
Devin Fuller,WR,,,,,,,,,,,,,
Kameron Brown,WR,,,,,,,,,,,,,
Ihmir Smith-Marsette,WR,CAR,,,,,,,,,,,,
Milton Wright,WR,,,,,,,,,,,,,
Jay Lee,WR,,,,,,,,,,,,,
Bub Means,WR,CLE,,,,,,,,,,,,
Eldridge Massington,WR,NO,,,,,,,,,,,,
Kevin Austin,WR,NO,,,,,,,,,,,,
Lance McCutcheon,WR,,,,,,,,,,,,,
Jeff Cotton,WR,,,,,,,,,,,,,
Tony Jones,WR,,,,,,,,,,,,,
Slade Bolden,WR,,,,,,,,,,,,,
Krishawn Hogan,WR,,,,,,,,,,,,,
Andre Lindsey,WR,,,,,,,,,,,,,
Joe Walker,WR,,,,,,,,,,,,,
Derrick Johnson,WR,,,,,,,,,,,,,
Easop Winston,WR,,,,,,,,,,,,,
Trayvon Rudolph,WR,,,,,,,,,,,,,
Luke Grimm,WR,,,,,,,,,,,,,
Talolo Limi-Jones,WR,,,,,,,,,,,,,
A.T. Perry,WR,,,,,,,,,,,,,
Xavier Johnson,WR,,,,,,,,,,,,,
Jermaine Kearse,WR,,,,,,,,,,,,,
Junior Bergen,WR,,,,,,,,,,,,,
Ty Fryfogle,WR,,,,,,,,,,,,,
Tyler Scott,WR,LV,,,,,,,,,,,,
Auden Tate,WR,,,,,,,,,,,,,
Jake Kumerow,WR,,,,,,,,,,,,,
Jalen Reagor,WR,MIA,,,,,,,,,,,,
Justin Hall,WR,,,,,,,,,,,,,
Spencer Schnell,WR,,,,,,,,,,,,,
C.J. Worton,WR,,,,,,,,,,,,,
Kirk Merritt,WR,,,,,,,,,,,,,
Max Tomczak,WR,,,,,,,,,,,,,
Josh Reese,WR,,,,,,,,,,,,,
John Hurst,WR,,,,,,,,,,,,,
Brandon Johnson,WR,PIT,,,,,,,,,,,,
Ryan Davis,WR,,,,,,,,,,,,,
Marquez North,WR,,,,,,,,,,,,,
Tre Nixon,WR,,,,,,,,,,,,,
Kenny Cook,WR,,,,,,,,,,,,,
Armanti Foreman,WR,,,,,,,,,,,,,
Joshua Cephus,WR,,,,,,,,,,,,,
Pig Howard,WR,,,,,,,,,,,,,
Ayir Asante,WR,,,,,,,,,,,,,
Reggie Begelton,WR,,,,,,,,,,,,,
Cedrick Wilson,WR,,,,,,,,,,,,,
Treyvhon Saunders,WR,,,,,,,,,,,,,
Anthony Turner,WR,,,,,,,,,,,,,
Mike Harley,WR,,,,,,,,,,,,,
Donatella Luckett,WR,,,,,,,,,,,,,
Jeff Foreman,WR,,,,,,,,,,,,,
Kade Warner,WR,,,,,,,,,,,,,
Keric Wheatfall,WR,,,,,,,,,,,,,
Justyn Ross,WR,,,,,,,,,,,,,
Grant DuBose,WR,,,,,,,,,,,,,
Siaosi Mariner,WR,,,,,,,,,,,,,
Jaylen Smith,WR,,,,,,,,,,,,,
Montana Lemonious-Craig,WR,,,,,,,,,,,,,
JP Richardson,WR,CHI,,,,,,,,,,,,
Michael Thomas,WR,,,,,,,,,,,,,
Junior Vandeross,WR,,,,,,,,,,,,,
Isaiah Coulter,WR,,,,,,,,,,,,,
Giles Jackson,WR,,,,,,,,,,,,,
Shaquan Davis,WR,,,,,,,,,,,,,
Branden Mack,WR,,,,,,,,,,,,,
Jamel Johnson,WR,,,,,,,,,,,,,
Matthew Slater,WR,,,,,,,,,,,,,
Devin Lucien,WR,,,,,,,,,,,,,
Johnny Johnson,WR,,,,,,,,,,,,,
Justin Sumpter,WR,,,,,,,,,,,,,
Drake Stoops,WR,,,,,,,,,,,,,
Greg Dortch,WR,BUF,,,,,,,,,,,,
Terrell Sinkfield,WR,,,,,,,,,,,,,
Emanuel Hall,WR,,,,,,,,,,,,,
Deshon Foxx,WR,,,,,,,,,,,,,
Da'Quan Felton,WR,,,,,,,,,,,,,
Rasheed Bailey,WR,,,,,,,,,,,,,
Justin Hardy,WR,,,,,,,,,,,,,
Kevin White,WR,,,,,,,,,,,,,
KJ Hamler,WR,,,,,,,,,,,,,
Tank Dell,WR,HOU,,,,,,,,,,,,
Tre'Shaun Harrison,WR,,,,,,,,,,,,,
Tulu Griffin,WR,,,,,,,,,,,,,
Braylon Sanders,WR,,,,,,,,,,,,,
Anthony Mahoungou,WR,,,,,,,,,,,,,
Darius Slayton,WR,IND,,,,,,,,,,,,
Dillon Mitchell,WR,,,,,,,,,,,,,
K.J. Maye,WR,,,,,,,,,,,,,
Brian Riley,WR,,,,,,,,,,,,,
Brennan Presley,WR,LAR,,,,,,,,,,,,
Antonio Callaway,WR,,,,,,,,,,,,,
Brelan Chancellor,WR,,,,,,,,,,,,,
Dwayne Harris,WR,,,,,,,,,,,,,
JaVonta Payton,WR,,,,,,,,,,,,,
Matthew Henry,WR,,,,,,,,,,,,,
DeAndre Hopkins,WR,,,,,,,,,,,,,
Tommylee Lewis,WR,,,,,,,,,,,,,
TJ Sheffield,WR,,,,,,,,,,,,,
KeAndre Lambert-Smith,WR,LAC,,,,,,,,,,,,
Lance Lenoir,WR,,,,,,,,,,,,,
Kyle Lewis,WR,,,,,,,,,,,,,
Tyrone Broden,WR,,,,,,,,,,,,,
J. Michael Sturdivant,WR,GB,,,,,,,,,,,,
Preston Williams,WR,,,,,,,,,,,,,
Marcus Leak,WR,,,,,,,,,,,,,
Marquez Valdes-Scantling,WR,LAC,,,,,,,,,,,,
Malik Rutherford,WR,,,,,,,,,,,,,
Jeshaun Jones,WR,MIN,,,,,,,,,,,,
Zakhari Franklin,WR,,,,,,,,,,,,,
Damond Powell,WR,,,,,,,,,,,,,
Bryce Ford-Wheaton,WR,,,,,,,,,,,,,
Ryan McDaniel,WR,,,,,,,,,,,,,
Brandon Smith,WR,PIT,,,,,,,,,,,,
Marquez Callaway,WR,,,,,,,,,,,,,
Jadon Haselwood,WR,,,,,,,,,,,,,
Neil Pau'u,WR,,,,,,,,,,,,,
Julian Williams,WR,,,,,,,,,,,,,
Trevor Harman,WR,,,,,,,,,,,,,
Qadir Ismail,WR,CHI,,,,,,,,,,,,
Bud Sasser,WR,,,,,,,,,,,,,
Parris Campbell,WR,,,,,,,,,,,,,
David Wallis,WR,,,,,,,,,,,,,
Jesse Matthews,WR,,,,,,,,,,,,,
Romello Brinson,WR,,,,,,,,,,,,,
Zach Pascal,WR,,,,,,,,,,,,,
Jeret Smith,WR,,,,,,,,,,,,,
Martavis Bryant,WR,,,,,,,,,,,,,
Anthony Ratliff-Williams,WR,,,,,,,,,,,,,
Jermiah Braswell,WR,,,,,,,,,,,,,
Rakim Jarrett,WR,,,,,,,,,,,,,
Malik Cunningham,WR,,,,,,,,,,,,,
Josh Bellamy,WR,,,,,,,,,,,,,
Sean Riley,WR,,,,,,,,,,,,,
Danny Gray,WR,,,,,,,,,,,,,
Travin Dural,WR,,,,,,,,,,,,,
Donte Moncrief,WR,,,,,,,,,,,,,
Bisi Johnson,WR,,,,,,,,,,,,,
Teo Redding,WR,,,,,,,,,,,,,
Tanner Knue,WR,,,,,,,,,,,,,
Corey Davis,WR,,,,,,,,,,,,,
Demetris Robertson,WR,,,,,,,,,,,,,
Will Sheppard,WR,MIA,,,,,,,,,,,,
Kobe Prentice,WR,,,,,,,,,,,,,
Brandon Polk,WR,,,,,,,,,,,,,
Luke Wysong,WR,,,,,,,,,,,,,
Jalen Cropper,WR,NO,,,,,,,,,,,,
Javon McKinley,WR,,,,,,,,,,,,,
Justin Watson,WR,,,,,,,,,,,,,
Ja'Lynn Polk,WR,,,,,,,,,,,,,
Isaiah Washington,WR,,,,,,,,,,,,,
Dillon Bell,WR,MIN,,,,,,,,,,,,
Bryson Green,WR,,,,,,,,,,,,,
Dontez Ford,WR,,,,,,,,,,,,,
Fred Ross,WR,,,,,,,,,,,,,
Artavis Scott,WR,,,,,,,,,,,,,
Daniel Sobkowicz,WR,HOU,,,,,,,,,,,,
Ty Scott,WR,,,,,,,,,,,,,
Raylen Sharpe,WR,,,,,,,,,,,,,
Wesley Grimes,WR,SF,,,,,,,,,,,,
Beaux Collins,WR,ATL,,,,,,,,,,,,
Andre Baccellia,WR,,,,,,,,,,,,,
Tyler Johnson,WR,NYJ,,,,,,,,,,,,
Mitch Tinsley,WR,CIN,,,,,,,,,,,,
Jarius Wright,WR,,,,,,,,,,,,,
Isaiah Ford,WR,,,,,,,,,,,,,
Michael Pittman,WR,PIT,,,,,,,,,,,,
Earnest Edwards,WR,,,,,,,,,,,,,
Kendal Thompson,WR,,,,,,,,,,,,,
Kolbe Katsis,WR,DEN,,,,,,,,,,,,
Damion Willis,WR,,,,,,,,,,,,,
Marvin Hall,WR,,,,,,,,,,,,,
Jermaine Burton,WR,,,,,,,,,,,,,
Lewis Bond,WR,HOU,,,,,,,,,,,,
Cody Chrest,WR,,,,,,,,,,,,,
Nsimba Webster,WR,,,,,,,,,,,,,
Sam James,WR,,,,,,,,,,,,,
Amara Darboh,WR,,,,,,,,,,,,,
Trevontae Hights,WR,,,,,,,,,,,,,
Kazmeir Allen,WR,,,,,,,,,,,,,
Matthew Eaton,WR,,,,,,,,,,,,,
Reggie Roberson,WR,,,,,,,,,,,,,
Jonathon Rumph,WR,,,,,,,,,,,,,
Laviska Shenault,WR,,,,,,,,,,,,,
Binjimen Victor,WR,,,,,,,,,,,,,
Rashod Owens,WR,,,,,,,,,,,,,
James Quick,WR,,,,,,,,,,,,,
Reece Horn,WR,,,,,,,,,,,,,
R.J. Shelton,WR,,,,,,,,,,,,,
Jakobie Keeney-James,WR,,,,,,,,,,,,,
Devron Harper,WR,,,,,,,,,,,,,
Roc Taylor,WR,,,,,,,,,,,,,
Nelson Agholor,WR,,,,,,,,,,,,,
Tavon Austin,WR,,,,,,,,,,,,,
Freddie Swain,WR,,,,,,,,,,,,,
Khalil Tate,WR,,,,,,,,,,,,,
Durron Neal,WR,,,,,,,,,,,,,
Zach D'Orazio,WR,,,,,,,,,,,,,
Shaq Roland,WR,CHI,,,,,,,,,,,,
Dontario Drummond,WR,,,,,,,,,,,,,
Ashton Dulin,WR,IND,,,,,,,,,,,,
Tayvion Robinson,WR,,,,,,,,,,,,,
Key'Shawn Smith,WR,,,,,,,,,,,,,
Trevon Bradford,WR,,,,,,,,,,,,,
Bra'Lon Cherry,WR,,,,,,,,,,,,,
Marlon Williams,WR,,,,,,,,,,,,,
Riley Ridley,WR,,,,,,,,,,,,,
Alonzo Moore,WR,,,,,,,,,,,,,
Omar Bayless,WR,,,,,,,,,,,,,
Jamarius Way,WR,,,,,,,,,,,,,
Talik Keaton,WR,,,,,,,,,,,,,
Dymere Miller,WR,,,,,,,,,,,,,
Joe Reed,WR,,,,,,,,,,,,,
Jalon Calhoun,WR,,,,,,,,,,,,,
Joseph Manjack,WR,,,,,,,,,,,,,
Mitchell Paige,WR,,,,,,,,,,,,,
Terrell Bynum,WR,,,,,,,,,,,,,
DaeSean Hamilton,WR,,,,,,,,,,,,,
Christian Blake,WR,,,,,,,,,,,,,
Darius Jennings,WR,,,,,,,,,,,,,
Aaron Parker,WR,,,,,,,,,,,,,
C.J. Johnson,WR,,,,,,,,,,,,,
Phillip Dorsett,WR,LV,,,,,,,,,,,,
Marqise Lee,WR,,,,,,,,,,,,,
Xavier White,WR,,,,,,,,,,,,,
Malik Flowers,WR,,,,,,,,,,,,,
Kevin Kassis,WR,,,,,,,,,,,,,
Nick Williams,WR,,,,,,,,,,,,,
Tyler Rutenbeck,WR,,,,,,,,,,,,,
Kendrick Law,WR,DET,,,,,,,,,,,,
Jordan Westerkamp,WR,,,,,,,,,,,,,
Kalija Lipscomb,WR,,,,,,,,,,,,,
Damore'ea Stringfellow,WR,,,,,,,,,,,,,
Travis Benjamin,WR,,,,,,,,,,,,,
Noah Brown,WR,,,,,,,,,,,,,
John Hall,WR,,,,,,,,,,,,,
Quincy McDuffie,WR,,,,,,,,,,,,,
Greg Ward,WR,,,,,,,,,,,,,
Tyler Conklin,TE,DET,0.32,,,,,,,0.14,0.2,1.42,0.01,0.0
Dawson Knox,TE,BUF,4.25,,,,,,,1.59,2.2,17.05,0.16,0.01
Brock Wright,TE,DET,2.31,,,,,,,1.04,1.45,8.94,0.06,0.0
Dalton Kincaid,TE,BUF,12.16,,,,,,,4.72,6.0,52.04,0.37,0.02
Sam LaPorta,TE,DET,11.19,,,,0.06,0.29,0.0,4.42,5.89,46.31,0.35,0.02
Jackson Hawes,TE,BUF,1.74,,,,,,,0.72,0.92,6.8,0.06,0.0
Luke Schoonmaker,TE,DAL,1.62,,,,,,,0.63,0.86,6.95,0.05,0.0
Erick All,TE,CIN,2.6,,,,,,,1.16,1.58,9.81,0.08,0.0
Harold Fannin,TE,CLE,9.78,,,,0.22,0.69,0.01,3.7,5.13,39.99,0.32,0.01
Colston Loveland,TE,CHI,11.88,,,,0.06,0.2,0.0,4.26,6.2,51.78,0.4,0.02
Jake Briningstool,TE,KC,0.23,,,,,,,0.1,0.13,1.02,0.0,
Oscar Delp,TE,NO,1.2,,,,,,,0.55,0.75,5.16,0.02,0.0
Sam Roush,TE,CHI,1.65,,,,,,,0.72,1.05,6.53,0.05,0.0
Seydou Traore,TE,MIA,0.9,,,,,,,0.38,0.5,3.59,0.03,0.0
Robert Tonyan,TE,PIT,0.08,,,,,,,0.03,0.04,0.27,0.0,0.0
Drew Sample,TE,CIN,1.83,,,,,,,0.85,1.12,6.72,0.05,0.0
Pat Freiermuth,TE,PIT,8.85,,,,,,,3.62,4.44,33.06,0.32,0.01
Cade Otton,TE,TB,6.92,,,,,,,2.97,4.22,27.87,0.19,0.01
Jelani Woods,TE,NYJ,0.31,,,,,,,0.12,0.18,1.31,0.01,
Payne Durham,TE,TB,0.5,,,,,,,0.2,0.3,1.92,0.02,0.0
Brevyn Spann-Ford,TE,DAL,1.31,,,,,,,0.51,0.69,5.58,0.04,0.0
Oronde Gadsden,TE,LAC,4.59,,,,,,,1.72,2.33,21.67,0.12,0.01
Mason Taylor,TE,NYJ,4.77,,,,,,,2.22,3.06,18.45,0.12,0.01
Tyler Warren,TE,IND,11.33,,,,0.29,1.06,0.01,4.46,6.53,45.93,0.35,0.02
Marlin Klein,TE,HOU,2.92,,,,,,,1.19,1.51,11.17,0.1,0.0
Matt Hibner,TE,BAL,2.27,,,,,,,0.91,1.27,9.11,0.07,0.0
Will Kacmarek,TE,MIA,4.27,,,,,,,1.88,2.29,16.57,0.12,0.01
Travis Kelce,TE,KC,10.62,,,,,,,4.38,5.62,48.33,0.23,0.02
Ian Thomas,TE,LV,2.1,,,,,,,0.96,1.43,8.53,0.05,0.0
Mark Andrews,TE,BAL,10.51,,,,0.4,1.65,0.01,3.86,4.99,39.24,0.41,0.02
Cole Kmet,TE,CHI,3.89,,,,,,,1.66,2.2,15.68,0.11,0.01
Noah Gray,TE,KC,4.21,,,,,,,1.79,2.5,19.03,0.09,0.01
Jake Ferguson,TE,DAL,9.61,,,,,,,3.89,4.7,37.58,0.33,0.02
Ko Kieft,TE,TB,0.04,,,,,,,0.02,0.03,0.17,0.0,0.0
Drew Ogletree,TE,IND,0.63,,,,,,,0.26,0.4,2.55,0.02,0.0
Brenton Strange,TE,JAX,7.88,,,,,,,3.45,4.85,34.12,0.17,0.01
Ben Sinnott,TE,WAS,4.29,,,,,,,1.78,2.09,17.2,0.13,0.01
Cade Stover,TE,HOU,1.83,,,,0.12,0.55,0.0,0.71,0.95,6.68,0.06,0.0
Gunnar Helm,TE,TEN,6.29,,,,,,,2.78,3.88,23.22,0.2,0.01
Josh Cuevas,TE,BAL,0.82,,,,,,,0.33,0.46,3.22,0.03,0.0
Jack Endries,TE,CIN,0.56,,,,,,,0.25,0.34,2.11,0.02,0.0
Riley Nowakowski,TE,PIT,0.22,,,,,,,0.1,0.13,0.77,0.01,0.0
Austin Hooper,TE,ATL,2.3,,,,,,,0.99,1.31,9.57,0.06,0.0
Durham Smythe,TE,BAL,2.47,,,,,,,1.06,1.38,10.22,0.07,0.0
T.J. Hockenson,TE,MIN,9.07,,,,,,,3.85,4.73,37.3,0.25,0.01
Foster Moreau,TE,HOU,4.22,,,,,,,1.51,2.05,16.49,0.18,0.01
Quintin Morris,TE,JAX,0.41,,,,,,,0.18,0.3,1.56,0.01,0.0
John Bates,TE,WAS,4.82,,,,,,,1.9,2.42,20.5,0.14,0.01
Josh Whyle,TE,GB,0.4,,,,,,,0.17,0.21,1.55,0.01,0.0
Blake Whiteheart,TE,CLE,1.65,,,,,,,0.66,1.0,6.59,0.06,0.0
Elijah Arroyo,TE,SEA,3.57,,,,,,,1.3,2.17,16.66,0.1,0.0
Nate Boerkircher,TE,JAX,1.27,,,,,,,0.58,0.9,5.02,0.03,0.0
Bauer Sharp,TE,TB,0.11,,,,,,,0.05,0.06,0.39,0.0,
David Njoku,TE,LAC,3.86,,,,,,,1.65,2.25,14.84,0.12,0.01
Evan Engram,TE,DEN,4.28,,,,,,,2.2,3.09,17.26,0.06,0.01
Jonnu Smith,TE,GB,4.35,,,,,,,1.82,2.35,16.46,0.15,0.01
Mike Gesicki,TE,CIN,5.73,,,,,,,2.49,3.48,22.95,0.16,0.01
Dalton Schultz,TE,HOU,10.68,,,,,,,4.17,5.62,44.25,0.35,0.02
Adam Trautman,TE,DEN,1.84,,,,,,,0.74,1.06,7.16,0.06,0.0
Juwan Johnson,TE,NO,9.87,,,,,,,4.3,5.5,45.81,0.17,0.01
Charlie Woerner,TE,ATL,0.69,,,,,,,0.33,0.42,2.53,0.02,0.0
Feleipe Franks,TE,CAR,0.08,,,,0.05,0.2,0.0,0.02,0.03,0.17,0.0,0.0
Tommy Tremble,TE,CAR,3.8,,,,,,,1.57,2.21,13.65,0.14,0.01
Jeremy Ruckert,TE,NYJ,0.93,,,,,,,0.44,0.55,3.27,0.03,0.0
Michael Mayer,TE,LV,8.34,,,,,,,3.98,6.16,36.27,0.12,0.01
Nate Adkins,TE,DEN,0.28,,,,,,,0.13,0.18,1.06,0.01,0.0
Darren Waller,TE,CAR,6.59,,,,,,,2.39,3.48,25.28,0.28,0.01
Mo Alie-Cox,TE,IND,1.12,,,,,,,0.46,0.69,4.59,0.03,0.0
Eric Saubert,TE,SEA,0.43,,,,,,,0.19,0.26,1.72,0.01,0.0
Johnny Mundt,TE,PHI,1.52,,,,,,,0.59,0.82,6.28,0.05,
Charlie Kolar,TE,LAC,3.93,,,,0.11,0.43,0.0,1.7,2.21,15.46,0.1,0.01
Trey McBride,TE,ARI,14.8,,,,0.12,0.44,0.01,6.77,9.0,62.97,0.28,0.03
Greg Dulcich,TE,MIA,5.75,,,,,,,2.35,3.08,25.55,0.14,0.01
Daniel Bellinger,TE,TEN,3.93,,,,,,,1.69,2.37,16.76,0.09,0.01
Cameron Latu,TE,NE,0.23,,,,,,,0.1,0.13,0.94,0.01,0.0
Elijah Higgins,TE,ARI,2.72,,,,,,,1.3,1.71,11.23,0.05,0.0
AJ Barner,TE,SEA,8.61,,,,0.65,2.8,0.03,3.49,4.29,32.31,0.24,0.02
Mitchell Evans,TE,CAR,1.02,,,,,,,0.41,0.57,4.1,0.03,0.0
Kenyon Sadiq,TE,NYJ,5.64,,,,0.05,0.21,0.0,2.46,3.21,21.83,0.16,0.01
Eli Raridon,TE,NE,3.91,,,,,,,1.65,2.18,15.72,0.12,0.01
Carsen Ryan,TE,CLE,0.21,,,,,,,0.09,0.11,0.84,0.01,
Hunter Henry,TE,NE,10.23,,,,,,,3.96,5.23,43.52,0.32,0.02
George Kittle,TE,SF,10.7,,,,,,,3.9,4.51,43.64,0.4,0.02
Dallas Goedert,TE,PHI,10.17,,,,,,,3.69,4.5,39.36,0.42,0.01
Noah Fant,TE,NO,5.16,,,,,,,2.29,2.82,21.98,0.11,0.01
Josh Oliver,TE,MIN,4.24,,,,,,,1.69,2.14,17.49,0.13,0.01
Kyle Pitts,TE,ATL,8.81,,,,,,,3.56,5.16,40.32,0.2,0.01
Luke Farrell,TE,SF,2.41,,,,,,,1.02,1.24,9.32,0.08,0.0
Darnell Washington,TE,PIT,3.71,,,,,,,1.55,2.04,15.06,0.11,0.01
Tucker Kraft,TE,GB,11.85,,,,,,,3.85,5.03,50.19,0.49,0.01
Theo Johnson,TE,NYG,3.42,,,,,,,1.32,1.99,14.81,0.1,0.0
Max Klare,TE,LAR,1.02,,,,,,,0.43,0.63,4.35,0.03,0.0
Colby Parkinson,TE,LAR,7.55,,,,,,,2.81,3.95,28.95,0.3,0.01
Isaiah Likely,TE,NYG,11.84,,,,,,,4.78,5.9,46.21,0.4,0.02
Tyler Higbee,TE,LAR,2.54,,,,,,,1.01,1.4,10.74,0.08,0.0
Davis Allen,TE,LAR,2.19,,,,,,,0.98,1.37,8.85,0.05,0.0
Terrance Ferguson,TE,LAR,5.26,,,,,,,1.82,3.37,21.8,0.21,0.01
Chris Manhertz,TE,NYG,0.31,,,,,,,0.13,0.19,1.18,0.01,0.0
Ellis Richardson,TE,,,,,,,,,,,,,
Carl Tucker,TE,,,,,,,,,,,,,
Matt Seybert,TE,,,,,,,,,,,,,
Nick Boyle,TE,,,,,,,,,,,,,
Tommy Sweeney,TE,,,,,,,,,,,,,
Bryce Williams,TE,,,,,,,,,,,,,
Christian Sims,TE,,,,,,,,,,,,,
Ryan Yurachek,TE,,,,,,,,,,,,,
Joshua Lingenfelter,TE,,,,,,,,,,,,,
E.J. Jenkins,TE,PHI,,,,,,,,,,,,
Elijah Wellman,TE,,,,,,,,,,,,,
Brett Weaver,TE,,,,,,,,,,,,,
Charles Clay,TE,,,,,,,,,,,,,
Drew Belcher,TE,,,,,,,,,,,,,
Stephen Anderson,TE,,,,,,,,,,,,,
Jordan Matthews,TE,,,,,,,,,,,,,
Hunter Kampmoyer,TE,,,,,,,,,,,,,
Jake Tonges,TE,SF,,,,,,,,,,,,
Brandon Dillon,TE,,,,,,,,,,,,,
C.J. Conrad,TE,,,,,,,,,,,,,
Dax Raymond,TE,PIT,,,,,,,,,,,,
Matt Weiser,TE,,,,,,,,,,,,,
Easton Dean,TE,,,,,,,,,,,,,
Travis Wilson,TE,,,,,,,,,,,,,
Parker Houston,TE,,,,,,,,,,,,,
Jacob Hollister,TE,,,,,,,,,,,,,
Kendall Blanton,TE,,,,,,,,,,,,,
Codey McElroy,TE,,,,,,,,,,,,,
Rory Anderson,TE,,,,,,,,,,,,,
Harold Spears,TE,,,,,,,,,,,,,
Stone Eby,TE,,,,,,,,,,,,,
Cole Hunt,TE,,,,,,,,,,,,,
Ben Johnson,TE,,,,,,,,,,,,,
Jesper Horsted,TE,,,,,,,,,,,,,
Alex Gray,TE,,,,,,,,,,,,,
Jerome Cunningham,TE,,,,,,,,,,,,,
Jean Sifrin,TE,,,,,,,,,,,,,
Tanner McLachlan,TE,,,,,,,,,,,,,
Romello Brooker,TE,,,,,,,,,,,,,
Dylan Soehner,TE,,,,,,,,,,,,,
Gee Scott,TE,,,,,,,,,,,,,
Derrick Deese,TE,,,,,,,,,,,,,
Kenny Fletcher,TE,,,,,,,,,,,,,
Stephen Sullivan,TE,,,,,,,,,,,,,
Brenden Bates,TE,JAX,,,,,,,,,,,,
Ernst Brun,TE,,,,,,,,,,,,,
Jalin Conyers,TE,,,,,,,,,,,,,
Giovanni Ricci,TE,,,,,,,,,,,,,
Vance McDonald,TE,,,,,,,,,,,,,
Paul Quessenberry,TE,,,,,,,,,,,,,
Jalen Wydermyer,TE,,,,,,,,,,,,,
Matt LaCosse,TE,NE,,,,,,,,,,,,
Matt Lengel,TE,,,,,,,,,,,,,
Dominick Wood-Anderson,TE,,,,,,,,,,,,,
Justin Joly,TE,MIA,,,,,,,,,,,,
Troy Fumagalli,TE,,,,,,,,,,,,,
Derek Carrier,TE,,,,,,,,,,,,,
Travis Koontz,TE,,,,,,,,,,,,,
Jesse James,TE,,,,,,,,,,,,,
Riley Sharp,TE,,,,,,,,,,,,,
James Looney,TE,,,,,,,,,,,,,
Jared Scott,TE,,,,,,,,,,,,,
Miles Kitselman,TE,DET,,,,,,,,,,,,
Isaac Nauta,TE,GB,,,,,,,,,,,,
Jared Cook,TE,,,,,,,,,,,,,
Ethan Wolf,TE,,,,,,,,,,,,,
Kaden Smith,TE,,,,,,,,,,,,,
Ryan Becker,TE,,,,,,,,,,,,,
Tyler Mabry,TE,,,,,,,,,,,,,
Rob Gronkowski,TE,,,,,,,,,,,,,
Dae'Quan Wright,TE,,,,,,,,,,,,,
Clayton Wilson,TE,,,,,,,,,,,,,
Zach Gentry,TE,,,,,,,,,,,,,
Moral Stephens,TE,,,,,,,,,,,,,
Jermaine Terry,TE,,,,,,,,,,,,,
Barrett Burns,TE,BAL,,,,,,,,,,,,
Erik Krommenhoek,TE,,,,,,,,,,,,,
Geor'Quarius Spivey,TE,,,,,,,,,,,,,
Jordan Petaia,TE,,,,,,,,,,,,,
Jake Powell,TE,,,,,,,,,,,,,
Zack Kuntz,TE,,,,,,,,,,,,,
John Michael Gyllenborg,TE,KC,,,,,,,,,,,,
Griffin Hebert,TE,,,,,,,,,,,,,
Heinrich Haarberg,TE,,,,,,,,,,,,,
John FitzPatrick,TE,CLE,,,,,,,,,,,,
Dallin Holker,TE,,,,,,,,,,,,,
Jerome Washington,TE,,,,,,,,,,,,,
Chris Bazile,TE,,,,,,,,,,,,,
Richard Rodgers,TE,,,,,,,,,,,,,
Jason Reese,TE,,,,,,,,,,,,,
Darion Clark,TE,,,,,,,,,,,,,
Jack Velling,TE,ATL,,,,,,,,,,,,
Chase Allen,TE,,,,,,,,,,,,,
Jake Burt,TE,,,,,,,,,,,,,
Will Mallory,TE,IND,,,,,,,,,,,,
Thomas Gordon,TE,DET,,,,,,,,,,,,
Noah Gindorff,TE,,,,,,,,,,,,,
Micky Crum,TE,,,,,,,,,,,,,
Bronson Kaufusi,TE,GB,,,,,,,,,,,,
Zach Ertz,TE,PHI,,,,,,,,,,,,
Bucky Hodges,TE,,,,,,,,,,,,,
N'Keal Harry,TE,,,,,,,,,,,,,
Jake McGee,TE,,,,,,,,,,,,,
Brandon Barnes,TE,,,,,,,,,,,,,
Grant Calcaterra,TE,PHI,,,,,,,,,,,,
Jaren Kanak,TE,TEN,,,,,,,,,,,,
Graham Adomitis,TE,,,,,,,,,,,,,
Rhett Ellison,TE,,,,,,,,,,,,,
Farrod Green,TE,,,,,,,,,,,,,
Jason Vander Laan,TE,,,,,,,,,,,,,
Damien Caffrey,TE,,,,,,,,,,,,,
Leroy Watson,TE,,,,,,,,,,,,,
Lee Smith,TE,ATL,,,,,,,,,,,,
Stephen Baggett,TE,,,,,,,,,,,,,
Nakia Griffin-Stewart,TE,,,,,,,,,,,,,
Mike Rigerman,TE,,,,,,,,,,,,,
Grayson Gunter,TE,,,,,,,,,,,,,
Izaiah Gathings,TE,,,,,,,,,,,,,
Pharaoh Brown,TE,IND,,,,,,,,,,,,
Nick Muse,TE,ATL,,,,,,,,,,,,
Davis Koppenhaver,TE,,,,,,,,,,,,,
Carson Williams,TE,,,,,,,,,,,,,
Miller Forristall,TE,,,,,,,,,,,,,
Jordan Franks,TE,,,,,,,,,,,,,
Vernon Davis,TE,,,,,,,,,,,,,
Eli Stowers,TE,PHI,,,,,,,,,,,,
RJ Maryland,TE,,,,,,,,,,,,,
Dylan Stapleton,TE,,,,,,,,,,,,,
Bryson Nesbit,TE,,,,,,,,,,,,,
Khalil Dinkins,TE,SF,,,,,,,,,,,,
Mason Pline,TE,,,,,,,,,,,,,
Jeremiah Hall,TE,,,,,,,,,,,,,
Lawrence Cager,TE,,,,,,,,,,,,,
Trent Pennix,TE,,,,,,,,,,,,,
Jared Rice,TE,,,,,,,,,,,,,
Devin Funchess,TE,,,,,,,,,,,,,
Dylan Parham,TE,,,,,,,,,,,,,
Maxx Williams,TE,,,,,,,,,,,,,
Steven Stilianos,TE,,,,,,,,,,,,,
Gavin Bartholomew,TE,MIN,,,,,,,,,,,,
Lake McRee,TE,PIT,,,,,,,,,,,,
Daniel Crawford,TE,,,,,,,,,,,,,
Trevor Wood,TE,,,,,,,,,,,,,
Caleb Lohner,TE,DEN,,,,,,,,,,,,
Austin Fort,TE,,,,,,,,,,,,,
Zaire Mitchell-Paden,TE,HOU,,,,,,,,,,,,
Tyree Jackson,TE,,,,,,,,,,,,,
Kyle Rudolph,TE,,,,,,,,,,,,,
Keenen Brown,TE,,,,,,,,,,,,,
Bryce Pierre,TE,,,,,,,,,,,,,
Treyton Welch,TE,NO,,,,,,,,,,,,
Eli Wolf,TE,,,,,,,,,,,,,
Keith Towbridge,TE,,,,,,,,,,,,,
Garrett Hudson,TE,,,,,,,,,,,,,
Jeremiah Franklin,TE,,,,,,,,,,,,,
Blake Jarwin,TE,,,,,,,,,,,,,
Jordan Leggett,TE,,,,,,,,,,,,,
Peyton Hendershot,TE,,,,,,,,,,,,,
Nolan Givan,TE,,,,,,,,,,,,,
Michael Trigg,TE,DAL,,,,,,,,,,,,
Layne Pryor,TE,,,,,,,,,,,,,
Nikola Kalinic,TE,CHI,,,,,,,,,,,,
Luke Stocker,TE,,,,,,,,,,,,,
Hunter Long,TE,ARI,,,,,,,,,,,,
Kalif Jackson,TE,MIA,,,,,,,,,,,,
Brandon Frazier,TE,,,,,,,,,,,,,
John Stephens,TE,,,,,,,,,,,,,
Kyle Markway,TE,,,,,,,,,,,,,
Antony Auclair,TE,,,,,,,,,,,,,
J.P. Holtz,TE,,,,,,,,,,,,,
Beau Sandland,TE,,,,,,,,,,,,,
Mik'Quan Deane,TE,,,,,,,,,,,,,
Jack Doyle,TE,IND,,,,,,,,,,,,
Michael Miller,TE,,,,,,,,,,,,,
Nick O'Leary,TE,,,,,,,,,,,,,
Bruno Labelle,TE,,,,,,,,,,,,,
Dan Villari,TE,LAR,,,,,,,,,,,,
Jeff Heuerman,TE,,,,,,,,,,,,,
Tre Watson,TE,MIA,,,,,,,,,,,,
Antonio Gandy-Golden,TE,,,,,,,,,,,,,
Keleki Latu,TE,BUF,,,,,,,,,,,,
Jjay Mcafee,TE,,,,,,,,,,,,,
Brycen Hopkins,TE,,,,,,,,,,,,,
Jack Stoll,TE,SF,,,,,,,,,,,,
Tommy Hudson,TE,,,,,,,,,,,,,
Brayden Willis,TE,SF,,,,,,,,,,,,
Clive Walford,TE,,,,,,,,,,,,,
Tyrone Swoopes,TE,,,,,,,,,,,,,
Thomas Greaney,TE,,,,,,,,,,,,,
Cole Herdman,TE,,,,,,,,,,,,,
Justin Rigg,TE,,,,,,,,,,,,,
Jordan Reed,TE,,,,,,,,,,,,,
Taylor Sloat,TE,,,,,,,,,,,,,
James Mitchell,TE,DAL,,,,,,,,,,,,
Zach Horton,TE,,,,,,,,,,,,,
Parker Hesse,TE,,,,,,,,,,,,,
Rysen John,TE,,,,,,,,,,,,,
Eric Wallace,TE,,,,,,,,,,,,,
Ryan Jones,TE,,,,,,,,,,,,,
Sean McKeon,TE,,,,,,,,,,,,,
Deon Yelder,TE,,,,,,,,,,,,,
Kevin Foelsch,TE,,,,,,,,,,,,,
Jaheim Bell,TE,,,,,,,,,,,,,
Chase Curtis,TE,,,,,,,,,,,,,
Charlie Taumoepeau,TE,,,,,,,,,,,,,
Teagan Quitoriano,TE,ARI,,,,,,,,,,,,
Cameron Clear,TE,,,,,,,,,,,,,
Garrett Dickerson,TE,,,,,,,,,,,,,
Andrew Gleichert,TE,,,,,,,,,,,,,
Sean Culkin,TE,,,,,,,,,,,,,
Jacob Warren,TE,,,,,,,,,,,,,
Taylor McNamara,TE,,,,,,,,,,,,,
Phazahn Odom,TE,,,,,,,,,,,,,
Jimmy Graham,TE,,,,,,,,,,,,,
Gannon Sinclair,TE,,,,,,,,,,,,,
Brandon Williams,TE,,,,,,,,,,,,,
Reggie Brown,TE,,,,,,,,,,,,,
Justin Sinz,TE,,,,,,,,,,,,,
Ben Sims,TE,,,,,,,,,,,,,
Alec Holler,TE,,,,,,,,,,,,,
Louis Hansen,TE,,,,,,,,,,,,,
Mason Fairchild,TE,,,,,,,,,,,,,
Eli Wilson,TE,,,,,,,,,,,,,
Leonard Taylor,TE,,,,,,,,,,,,,
Treyton Pickering,TE,,,,,,,,,,,,,
Patrick Herbert,TE,LAC,,,,,,,,,,,,
Devin Asiasi,TE,,,,,,,,,,,,,
Cethan Carter,TE,,,,,,,,,,,,,
Hayden Hurst,TE,,,,,,,,,,,,,
John Copenhaver,TE,,,,,,,,,,,,,
Steven Wroblewski,TE,,,,,,,,,,,,,
McCallan Castles,TE,,,,,,,,,,,,,
Scooter Harrington,TE,,,,,,,,,,,,,
Thomas Yassmin,TE,GB,,,,,,,,,,,,
Eric Tomlinson,TE,,,,,,,,,,,,,
Cary Angeline,TE,,,,,,,,,,,,,
Justin Johnson,TE,,,,,,,,,,,,,
Darren Fells,TE,TB,,,,,,,,,,,,
Nick Kallerup,TE,SEA,,,,,,,,,,,,
Cheyenne O'Grady,TE,,,,,,,,,,,,,
Tyler Eifert,TE,,,,,,,,,,,,,
Cade Brewer,TE,,,,,,,,,,,,,
Garrett Griffin,TE,,,,,,,,,,,,,
DJ Rogers,TE,DAL,,,,,,,,,,,,
Jevoni Robinson,TE,,,,,,,,,,,,,
Josh Bist,TE,,,,,,,,,,,,,
John Raine,TE,,,,,,,,,,,,,
Julian Hill,TE,NE,,,,,,,,,,,,
Thomas Fidone,TE,NYG,,,,,,,,,,,,
Billy Brown,TE,,,,,,,,,,,,,
Lachlan Pitts,TE,,,,,,,,,,,,,
Nick Bowers,TE,,,,,,,,,,,,,
DeShawn Hanika,TE,,,,,,,,,,,,,
O.J. Howard,TE,,,,,,,,,,,,,
Caleb Wilson,TE,,,,,,,,,,,,,
Mark Redman,TE,GB,,,,,,,,,,,,
Drew Biber,TE,,,,,,,,,,,,,
Lance Kendricks,TE,,,,,,,,,,,,,
Roger Carter,TE,,,,,,,,,,,,,
Johnny Lumpkin,TE,,,,,,,,,,,,,
Andrew Price,TE,,,,,,,,,,,,,
Hunter Bryant,TE,,,,,,,,,,,,,
Oscar Cardenas,TE,,,,,,,,,,,,,
Brevin Jordan,TE,HOU,,,,,,,,,,,,
Jerell Adams,TE,,,,,,,,,,,,,
Trey Knox,TE,,,,,,,,,,,,,
Connor Davis,TE,,,,,,,,,,,,,
Jason Witten,TE,,,,,,,,,,,,,
Ross Travis,TE,,,,,,,,,,,,,
Evan Baylis,TE,,,,,,,,,,,,,
Gerrit Prince,TE,,,,,,,,,,,,,
Marcus Baugh,TE,,,,,,,,,,,,,
Kole Taylor,TE,,,,,,,,,,,,,
Tyree Mayfield,TE,,,,,,,,,,,,,
Moliki Matavao,TE,NO,,,,,,,,,,,,
Austin Allen,TE,,,,,,,,,,,,,
Jake Hausmann,TE,,,,,,,,,,,,,
Marshall Lang,TE,MIN,,,,,,,,,,,,
Nick Vannett,TE,BAL,,,,,,,,,,,,
Kahale Warring,TE,,,,,,,,,,,,,
Ryan Smith,TE,,,,,,,,,,,,,
Taysom Hill,TE,,,,,,,,,,,,,
Jordan Thomas,TE,,,,,,,,,,,,,
Trey Burton,TE,,,,,,,,,,,,,
Jamal Pettigrew,TE,,,,,,,,,,,,,
Jared Wiley,TE,KC,,,,,,,,,,,,
Blake Mack,TE,,,,,,,,,,,,,
Jeremy Sprinkle,TE,,,,,,,,,,,,,
Ricky Seals-Jones,TE,,,,,,,,,,,,,
Ty Pezza,TE,BAL,,,,,,,,,,,,
DJ Thomas-Jones,TE,,,,,,,,,,,,,
Demetrius Harris,TE,,,,,,,,,,,,,
Albert Okwuegbunam,TE,,,,,,,,,,,,,
Ben Beise,TE,,,,,,,,,,,,,
Chris Herndon,TE,,,,,,,,,,,,,
Stevo Klotz,TE,,,,,,,,,,,,,
Scott Orndoff,TE,,,,,,,,,,,,,
Chris Pierce,TE,,,,,,,,,,,,,
JJ Howland,TE,,,,,,,,,,,,,
Dylan Leonard,TE,,,,,,,,,,,,,
Jake Butt,TE,,,,,,,,,,,,,
Marcus Santos-Silva,TE,,,,,,,,,,,,,
Franko House,TE,CHI,,,,,,,,,,,,
Brian Walker,TE,,,,,,,,,,,,,
Rohan Jones,TE,,,,,,,,,,,,,
Thaddeus Moss,TE,,,,,,,,,,,,,
Cam Grandy,TE,MIN,,,,,,,,,,,,
Charles Scarff,TE,,,,,,,,,,,,,
Landon Rice,TE,,,,,,,,,,,,,
Daniel Helm,TE,,,,,,,,,,,,,
Steven Scheu,TE,,,,,,,,,,,,,
Jimmy Bell,TE,,,,,,,,,,,,,
Brayden Lenius,TE,,,,,,,,,,,,,
Austin Roberts,TE,,,,,,,,,,,,,
Josiah Price,TE,,,,,,,,,,,,,
Caleb Repp,TE,,,,,,,,,,,,,
Luke Musgrave,TE,GB,,,,,,,,,,,,
Camren McDonald,TE,,,,,,,,,,,,,
Bug Howard,TE,,,,,,,,,,,,,
John Mitchell,TE,,,,,,,,,,,,,
Tim Tebow,TE,,,,,,,,,,,,,
Jaeden Graham,TE,,,,,,,,,,,,,
Jordan Akins,TE,,,,,,,,,,,,,
Garrett Walston,TE,,,,,,,,,,,,,
Kenny Yeboah,TE,ARI,,,,,,,,,,,,
Ben Koyack,TE,,,,,,,,,,,,,
Sammis Reyes,TE,,,,,,,,,,,,,
Andrew Vollert,TE,,,,,,,,,,,,,
Nate Wieting,TE,,,,,,,,,,,,,
Sal Cannella,TE,,,,,,,,,,,,,
Nick Eubanks,TE,,,,,,,,,,,,,
Naz Bohannon,TE,,,,,,,,,,,,,
Marcedes Lewis,TE,,,,,,,,,,,,,
Ben Yurosek,TE,MIN,,,,,,,,,,,,
Seth Green,TE,,,,,,,,,,,,,
Hunter Thedford,TE,,,,,,,,,,,,,
Shawn Bowman,TE,ARI,,,,,,,,,,,,
Curtis Hodges,TE,,,,,,,,,,,,,
Alex Ellis,TE,,,,,,,,,,,,,
Stone Smartt,TE,NO,,,,,,,,,,,,
Tyler Moore,TE,,,,,,,,,,,,,
Darrell Daniels,TE,,,,,,,,,,,,,
Nate Iese,TE,,,,,,,,,,,,,
J.J. Arcega-Whiteside,TE,,,,,,,,,,,,,
CJ Dippre,TE,TB,,,,,,,,,,,,
Messiah Swinson,TE,,,,,,,,,,,,,
Levine Toilolo,TE,NYG,,,,,,,,,,,,
Tanner Conner,TE,NE,,,,,,,,,,,,
Daniel Brown,TE,,,,,,,,,,,,,
David Reeves,TE,,,,,,,,,,,,,
Shaun Beyer,TE,,,,,,,,,,,,,
Virgil Green,TE,,,,,,,,,,,,,
Anthony Manzo-Lewis,TE,,,,,,,,,,,,,
Austin Stogner,TE,,,,,,,,,,,,,
Colin Jeter,TE,,,,,,,,,,,,,
Maximilian Mang,TE,,,,,,,,,,,,,
Eric Ebron,TE,PIT,,,,,,,,,,,,
Kris Leach,TE,,,,,,,,,,,,,
Dan Light,TE,,,,,,,,,,,,,
Ross Dwelley,TE,,,,,,,,,,,,,
Luke Willson,TE,,,,,,,,,,,,,
Justin Tukes,TE,,,,,,,,,,,,,
Caden Prieskorn,TE,,,,,,,,,,,,,
Cody Hardy,TE,NYJ,,,,,,,,,,,,
Nate Becker,TE,,,,,,,,,,,,,
Isaiah Searight,TE,,,,,,,,,,,,,
Caleb Bluiett,TE,,,,,,,,,,,,,
Jackson Harris,TE,,,,,,,,,,,,,
Nick Keizer,TE,,,,,,,,,,,,,
Dallen Bentley,TE,DEN,,,,,,,,,,,,
Lance Mason,TE,,,,,,,,,,,,,
Scott Simonson,TE,,,,,,,,,,,,,
Alize Mack,TE,,,,,,,,,,,,,
Thomas Odukoya,TE,KC,,,,,,,,,,,,
Tre' McKitty,TE,,,,,,,,,,,,,
Johnny Pascuzzi,TE,,,,,,,,,,,,,
Tim Semisch,TE,,,,,,,,,,,,,
Kano Dillon,TE,,,,,,,,,,,,,
Josh Hill,TE,,,,,,,,,,,,,
Chris Briggs,TE,,,,,,,,,,,,,
Delanie Walker,TE,,,,,,,,,,,,,
Adam Shaheen,TE,,,,,,,,,,,,,
M.J. McFarland,TE,,,,,,,,,,,,,
Tyler Neville,TE,,,,,,,,,,,,,
Hakeem Butler,TE,,,,,,,,,,,,,
Carson Meier,TE,,,,,,,,,,,,,
Xavier Grimble,TE,,,,,,,,,,,,,
Cam Sutton,TE,,,,,,,,,,,,,
Carson Towt,TE,IND,,,,,,,,,,,,
Michael Jacobson,TE,,,,,,,,,,,,,
Mason Schreck,TE,,,,,,,,,,,,,
Luke Deal,TE,,,,,,,,,,,,,
Mark Vital,TE,,,,,,,,,,,,,
Temarrick Hemingway,TE,WAS,,,,,,,,,,,,
Stevie Donatell,TE,,,,,,,,,,,,,
Tyler Hoppes,TE,,,,,,,,,,,,,
Malcolm Epps,TE,,,,,,,,,,,,,
Bernhard Seikovits,TE,,,,,,,,,,,,,
Travis Vokolek,TE,ARI,,,,,,,,,,,,
Cam Serigne,TE,,,,,,,,,,,,,
Seth DeValve,TE,,,,,,,,,,,,,
Nick Truesdell,TE,,,,,,,,,,,,,
Michael Colubiale,TE,,,,,,,,,,,,,
Chamon Metayer,TE,,,,,,,,,,,,,
Kevin Rader,TE,,,,,,,,,,,,,
Josh Babicz,TE,,,,,,,,,,,,,
Zach Heins,TE,,,,,,,,,,,,,
Tanner Koziol,TE,JAX,,,,,,,,,,,,
Ben Ellefson,TE,,,,,,,,,,,,,
Luke Lachey,TE,,,,,,,,,,,,,
Ryan Izzo,TE,,,,,,,,,,,,,
Donald Parham,TE,,,,,,,,,,,,,
Ian Bunting,TE,,,,,,,,,,,,,
Colson Yankoff,TE,WAS,,,,,,,,,,,,
Moritz Bohringer,TE,,,,,,,,,,,,,
Matt Bushman,TE,,,,,,,,,,,,,
Ja'Tavion Sanders,TE,CAR,,,,,,,,,,,,
Brian Vogler,TE,,,,,,,,,,,,,
Isaac Rex,TE,,,,,,,,,,,,,
Armani Rogers,TE,,,,,,,,,,,,,
Michael Ezeike,TE,,,,,,,,,,,,,
David Wells,TE,,,,,,,,,,,,,
Drake Dabney,TE,GB,,,,,,,,,,,,
Mitchell Wilcox,TE,,,,,,,,,,,,,
Anthony Landphere,TE,,,,,,,,,,,,,
Hayden Rucci,TE,LAC,,,,,,,,,,,,
La'Michael Pettway,TE,,,,,,,,,,,,,
Devin Mahina,TE,,,,,,,,,,,,,
Tony Poljan,TE,,,,,,,,,,,,,
Beau Gardner,TE,,,,,,,,,,,,,
Hale Hentges,TE,,,,,,,,,,,,,
Chris Myarick,TE,LV,,,,,,,,,,,,
Jackson Meeks,TE,DET,,,,,,,,,,,,
Kylen Granson,TE,TEN,,,,,,,,,,,,
David Martin-Robinson,TE,TEN,,,,,,,,,,,,
Joshua Perkins,TE,NYJ,,,,,,,,,,,,
Christian Trahan,TE,,,,,,,,,,,,,
Will Dissly,TE,,,,,,,,,,,,,
Connor Hulstein,TE,,,,,,,,,,,,,
Sam Cotton,TE,,,,,,,,,,,,,
Sage Surratt,TE,,,,,,,,,,,,,
Quentin Moore,TE,,,,,,,,,,,,,
Josiah Deguara,TE,PHI,,,,,,,,,,,,
Briley Moore,TE,,,,,,,,,,,,,
Kehinde Oginni,TE,,,,,,,,,,,,,
Lucas Krull,TE,DEN,,,,,,,,,,,,
Hayden Large,TE,CHI,,,,,,,,,,,,
Carter Runyon,TE,LV,,,,,,,,,,,,
MyCole Pruitt,TE,,,,,,,,,,,,,
Charles Jones,TE,,,,,,,,,,,,,
Jody Fortson,TE,,,,,,,,,,,,,
Jason Croom,TE,,,,,,,,,,,,,
DeSean Smith,TE,,,,,,,,,,,,,
Princeton Fant,TE,DAL,,,,,,,,,,,,
Jordan Murray,TE,,,,,,,,,,,,,
Jake Roh,TE,,,,,,,,,,,,,
Harrison Bryant,TE,,,,,,,,,,,,,
Joshua Simon,TE,,,,,,,,,,,,,
Dylan Cantrell,TE,,,,,,,,,,,,,
Gerald Everett,TE,,,,,,,,,,,,,
Dre Miller,TE,,,,,,,,,,,,,
Tyler Kroft,TE,,,,,,,,,,,,,
Luke Benson,TE,,,,,,,,,,,,,
Anthony Firkser,TE,,,,,,,,,,,,,
James O'Shaughnessy,TE,,,,,,,,,,,,,
Kent Taylor,TE,,,,,,,,,,,,,
Shane Zylstra,TE,,,,,,,,,,,,,
Jacob Breeland,TE,,,,,,,,,,,,,
Tip Reiman,TE,ARI,,,,,,,,,,,,
DeShon Williams,TE,,,,,,,,,,,,,
Joel Honigford,TE,,,,,,,,,,,,,
Colin Granger,TE,,,,,,,,,,,,,
Garrett Celek,TE,,,,,,,,,,,,,
Devon Garrison,TE,,,,,,,,,,,,,
Ryan Griffin,TE,,,,,,,,,,,,,
Lincoln Sefcik,TE,,,,,,,,,,,,,
Jared Pinkney,TE,,,,,,,,,,,,,
Joel Wilson,TE,TEN,,,,,,,,,,,,
Chase Harrell,TE,,,,,,,,,,,,,
Ben Braunecker,TE,,,,,,,,,,,,,
Eric Frohnapfel,TE,,,,,,,,,,,,,
Josh Pederson,TE,,,,,,,,,,,,,
Pat Conroy,TE,,,,,,,,,,,,,
JJ Galbreath,TE,,,,,,,,,,,,,
Alex Larson,TE,,,,,,,,,,,,,
Cole Turner,TE,MIA,,,,,,,,,,,,
Jibri Blount,TE,,,,,,,,,,,,,
Cameron Brate,TE,,,,,,,,,,,,,
Adam Zaruba,TE,,,,,,,,,,,,,
Evan Svoboda,TE,LAC,,,,,,,,,,,,
Eni Falayi,TE,,,,,,,,,,,,,
Blake Bell,TE,,,,,,,,,,,,,
Jack Westover,TE,WAS,,,,,,,,,,,,
Mike Estes,TE,,,,,,,,,,,,,
Stephen Carlson,TE,CHI,,,,,,,,,,,,
Chig Okonkwo,TE,WAS,,,,,,,,,,,,
Zach Davidson,TE,,,,,,,,,,,,,
Rivaldo Fairweather,TE,,,,,,,,,,,,,
Wyatt Houston,TE,CAR,,,,,,,,,,,,
Clay Burton,TE,,,,,,,,,,,,,
Noah Togiai,TE,,,,,,,,,,,,,
Neal Johnson,TE,,,,,,,,,,,,,
Joe Royer,TE,CLE,,,,,,,,,,,,
Logan Stokes,TE,,,,,,,,,,,,,
Sam Pitz,TE,,,,,,,,,,,,,
Aaron Peck,TE,,,,,,,,,,,,,
Ethan Conner,TE,,,,,,,,,,,,,
Artayvious Lynn,TE,,,,,,,,,,,,,
Matt Lauter,TE,,,,,,,,,,,,,
Geoff Swaim,TE,,,,,,,,,,,,,
Irv Smith,TE,,,,,,,,,,,,,
Dalton Keene,TE,,,,,,,,,,,,,
Brock Bowers,TE,LV,,,,,,,,,,,,
Gunnar Oakes,TE,,,,,,,,,,,,,
Christian Scotland-Williamson,TE,,,,,,,,,,,,,
C.J. Uzomah,TE,,,,,,,,,,,,,
Trevon Wesco,TE,,,,,,,,,,,,,
Tanner Arkin,TE,NE,,,,,,,,,,,,
John Samuel Shenker,TE,,,,,,,,,,,,,
Tyler Davis,TE,,,,,,,,,,,,,
Troy Mangen,TE,,,,,,,,,,,,,
Darion Griswold,TE,,,,,,,,,,,,,
Ademola Faleye,TE,,,,,,,,,,,,,
Dominique Dafney,TE,,,,,,,,,,,,,
Tanner Hudson,TE,CIN,,,,,,,,,,,,
Baylor Cupp,TE,,,,,,,,,,,,,
Logan Paulsen,TE,,,,,,,,,,,,,
Pro Wells,TE,,,,,,,,,,,,,
Patrick Murtagh,TE,,,,,,,,,,,,,
Tucker Fisk,TE,,,,,,,,,,,,,
Patrick Gurd,TE,LV,,,,,,,,,,,,
Kivon Cartwright,TE,,,,,,,,,,,,,
Jameson Geers,TE,ARI,,,,,,,,,,,,
Ray Hamilton,TE,,,,,,,,,,,,,
Jace Sternberger,TE,,,,,,,,,,,,,
Nick Guggemos,TE,,,,,,,,,,,,,
Colin Thompson,TE,,,,,,,,,,,,,
Anthony Torres,TE,,,,,,,,,,,,,
Josh Kattus,TE,,,,,,,,,,,,,
Cole Fotheringham,TE,,,,,,,,,,,,,
Dan Arnold,TE,,,,,,,,,,,,,
Tanner Taula,TE,,,,,,,,,,,,,
Devin Culp,TE,TB,,,,,,,,,,,,
Rodney Williams,TE,,,,,,,,,,,,,
Ben Mason,TE,,,,,,,,,,,,,
Matt Sokol,TE,,,,,,,,,,,,,
Logan Thomas,TE,,,,,,,,,,,,,
Alec Bloom,TE,,,,,,,,,,,,,
Benjamin Watson,TE,,,,,,,,,,,,,
