name,pos,team,pts_ppr,pass_yd,pass_td,pass_int,rush_att,rush_yd,rush_td,rec,rec_tgt,rec_yd,rec_td,fum_lost
Michael Penix,QB,ATL,13.44,200.8,1.14,0.5,2.78,8.65,0.12,,,,,0.16
Jordan Love,QB,GB,16.48,232.01,1.63,1.14,3.3,15.0,0.09,,,,,0.19
Bo Nix,QB,DEN,17.3,226.31,1.5,0.87,4.61,20.65,0.21,,,,,0.19
Deshaun Watson,QB,CLE,13.75,213.4,1.09,1.15,3.02,14.01,0.13,,,,,0.16
Daniel Jones,QB,IND,13.68,208.23,1.0,0.77,3.74,14.73,0.14,,,,,0.16
Trevor Lawrence,QB,JAX,19.29,238.64,1.64,0.49,4.76,19.04,0.31,,,,,0.2
Marcus Mariota,QB,WAS,12.75,188.1,0.72,0.98,6.26,27.15,0.14,,,,,0.17
Patrick Mahomes,QB,KC,20.65,248.16,1.92,0.5,3.97,22.5,0.25,,,,,0.2
Baker Mayfield,QB,TB,16.01,213.33,1.46,0.7,3.72,16.62,0.13,,,,,0.17
Josh Allen,QB,BUF,23.71,264.02,1.55,1.15,7.66,35.42,0.78,,,,,0.21
Justin Herbert,QB,LAC,16.86,232.75,1.26,0.58,4.12,20.93,0.19,,,,,0.18
Bryce Young,QB,CAR,16.24,202.55,1.37,0.66,4.41,21.84,0.21,,,,,0.18
Geno Smith,QB,NYJ,15.74,226.25,1.39,0.63,3.14,13.38,0.11,,,,,0.18
Jared Goff,QB,DET,19.45,254.0,2.19,0.1,1.92,5.06,0.05,,,,,0.21
C.J. Stroud,QB,HOU,15.38,233.61,1.15,0.45,3.03,11.53,0.15,,,,,0.17
Cam Ward,QB,TEN,12.92,195.12,0.82,0.41,3.08,13.33,0.18,,,,,0.16
Jacoby Brissett,QB,ARI,15.66,224.24,1.37,0.28,3.05,11.36,0.09,,,,,0.19
Dak Prescott,QB,DAL,18.99,268.56,1.81,0.61,3.0,10.86,0.12,,,,,0.22
Matthew Stafford,QB,LAR,15.89,241.82,1.57,0.57,1.87,4.01,0.05,,,,,0.19
Lamar Jackson,QB,BAL,24.49,274.83,1.69,0.46,8.58,52.46,0.34,,,,,0.19
Sam Darnold,QB,SEA,16.94,236.51,1.7,0.55,2.42,9.61,0.08,,,,,0.18
Kyler Murray,QB,MIN,17.47,211.79,1.33,0.4,5.93,28.98,0.23,,,,,0.18
Kirk Cousins,QB,LV,14.86,217.89,1.53,0.57,1.9,3.72,0.06,,,,,0.18
Tyler Shough,QB,NO,18.35,239.85,1.56,0.52,5.2,17.94,0.25,,,,,0.19
Malik Willis,QB,MIA,16.02,215.94,0.94,0.42,5.28,24.46,0.29,,,,,0.14
Brock Purdy,QB,SF,21.56,250.25,2.2,0.67,4.35,20.42,0.24,,,,,0.19
Drake Maye,QB,NE,18.57,253.83,1.26,0.94,6.04,30.46,0.24,,,,,0.18
Jameis Winston,QB,NYG,14.28,215.99,1.1,0.51,3.41,11.81,0.12,,,,,0.17
Joe Burrow,QB,CIN,17.48,246.52,1.82,0.98,3.27,10.15,0.08,,,,,0.2
Aaron Rodgers,QB,PIT,14.28,219.91,1.37,0.89,1.51,7.19,0.06,,,,,0.18
Case Keenum,QB,CHI,11.73,184.75,0.84,0.71,3.39,11.61,0.09,,,,,
Jalen Hurts,QB,PHI,18.47,217.73,1.21,0.92,6.5,32.94,0.44,,,,,0.16
Kinkead Dent,QB,,,,,,,,,,,,,
Brett Gabbert,QB,,,,,,,,,,,,,
Behren Morton,QB,NE,,,,,,,,,,,,
AJ McCarron,QB,,,,,,,,,,,,,
Joe Flacco,QB,CIN,,,,,,,,,,,,
Ryan Griffin,QB,,,,,,,,,,,,,
Steven Montez,QB,,,,,,,,,,,,,
Max Duggan,QB,,,,,,,,,,,,,
Jacob Eason,QB,,,,,,,,,,,,,
Jamie Newman,QB,,,,,,,,,,,,,
Davis Mills,QB,HOU,,,,,,,,,,,,
Anthony Brown,QB,,,,,,,,,,,,,
Drew Lock,QB,SEA,,,,,,,,,,,,
Taryn Christion,QB,,,,,,,,,,,,,
Joe Milton,QB,DAL,,,,,,,,,,,,
Marquise Williams,QB,,,,,,,,,,,,,
Kevin Hogan,QB,,,,,,,,,,,,,
Chad Henne,QB,,,,,,,,,,,,,
Reid Sinnett,QB,,,,,,,,,,,,,
Jaren Hall,QB,,,,,,,,,,,,,
Jalen Morton,QB,IND,,,,,,,,,,,,
Jarrett Guarantano,QB,,,,,,,,,,,,,
Kyron Drones,QB,,,,,,,,,,,,,
DeShone Kizer,QB,,,,,,,,,,,,,
Robert Griffin,QB,,,,,,,,,,,,,
Zack Annexstad,QB,,,,,,,,,,,,,
Andy Dalton,QB,PHI,,,,,,,,,,,,
Anthony Boone,QB,,,,,,,,,,,,,
Davis Webb,QB,,,,,,,,,,,,,
T.J. Linta,QB,,,,,,,,,,,,,
Connor Jessop,QB,,,,,,,,,,,,,
Manny Wilkins,QB,,,,,,,,,,,,,
Brian Hoyer,QB,,,,,,,,,,,,,
Brian Lewerke,QB,,,,,,,,,,,,,
Austin Reed,QB,,,,,,,,,,,,,
C.J. Beathard,QB,,,,,,,,,,,,,
Miller Moss,QB,CHI,,,,,,,,,,,,
Tua Tagovailoa,QB,ATL,,,,,,,,,,,,
Brett Hundley,QB,,,,,,,,,,,,,
Zach Wilson,QB,NO,,,,,,,,,,,,
Case Cookus,QB,,,,,,,,,,,,,
Seth Henigan,QB,,,,,,,,,,,,,
Jake Browning,QB,,,,,,,,,,,,,
Ethan Garbers,QB,,,,,,,,,,,,,
Sam Ehlinger,QB,DEN,,,,,,,,,,,,
Shane Carden,QB,,,,,,,,,,,,,
J'Mar Smith,QB,,,,,,,,,,,,,
Chandler Morris,QB,,,,,,,,,,,,,
James Franklin,QB,,,,,,,,,,,,,
Matt Ryan,QB,,,,,,,,,,,,,
Chase Litton,QB,,,,,,,,,,,,,
Cooper Rush,QB,ATL,,,,,,,,,,,,
Brandon Silvers,QB,,,,,,,,,,,,,
Hendon Hooker,QB,TEN,,,,,,,,,,,,
Kevin Davidson,QB,,,,,,,,,,,,,
Tre Ford,QB,,,,,,,,,,,,,
Andrew Peasley,QB,,,,,,,,,,,,,
Michael Pratt,QB,,,,,,,,,,,,,
Blake Bortles,QB,NO,,,,,,,,,,,,
Josh Johnson,QB,CIN,,,,,,,,,,,,
Taylor Heinicke,QB,,,,,,,,,,,,,
Athan Kaliakmanis,QB,WAS,,,,,,,,,,,,
Cade Peterson,QB,,,,,,,,,,,,,
Jimmy Garoppolo,QB,,,,,,,,,,,,,
Trevor Knight,QB,,,,,,,,,,,,,
Rocky Lombardi,QB,,,,,,,,,,,,,
John Paddock,QB,,,,,,,,,,,,,
Jake Heaps,QB,,,,,,,,,,,,,
Peewee Jarrett,QB,,,,,,,,,,,,,
Ryan Tannehill,QB,,,,,,,,,,,,,
Ben DiNucci,QB,,,,,,,,,,,,,
Nathan Rourke,QB,,,,,,,,,,,,,
Shedeur Sanders,QB,CLE,,,,,,,,,,,,
Peter Pujals,QB,,,,,,,,,,,,,
Jacob Clark,QB,,,,,,,,,,,,,
Tommy Armstrong Jr.,QB,,,,,,,,,,,,,
Gavin Hardison,QB,,,,,,,,,,,,,
Jordan Travis,QB,,,,,,,,,,,,,
Garrett Greene,QB,TB,,,,,,,,,,,,
Taulia Tagovailoa,QB,,,,,,,,,,,,,
Joey Aguilar,QB,JAX,,,,,,,,,,,,
Tom Brady,QB,,,,,,,,,,,,,
Sean Clifford,QB,CIN,,,,,,,,,,,,
Michael Hiers,QB,,,,,,,,,,,,,
Tyrod Taylor,QB,GB,,,,,,,,,,,,
John Matocha,QB,,,,,,,,,,,,,
Dorian Thompson-Robinson,QB,,,,,,,,,,,,,
Emory Jones,QB,,,,,,,,,,,,,
Mark Gronowski,QB,HOU,,,,,,,,,,,,
Shea Patterson,QB,,,,,,,,,,,,,
Joel Stave,QB,,,,,,,,,,,,,
Will Levis,QB,NYJ,,,,,,,,,,,,
Tyler Bray,QB,,,,,,,,,,,,,
Carson Strong,QB,,,,,,,,,,,,,
Wilton Speight,QB,,,,,,,,,,,,,
Carson Beck,QB,ARI,,,,,,,,,,,,
Kyle Trask,QB,,,,,,,,,,,,,
Jacob Dolegala,QB,,,,,,,,,,,,,
Logan Woodside,QB,,,,,,,,,,,,,
Felix Harper,QB,,,,,,,,,,,,,
Tyler Huntley,QB,BAL,,,,,,,,,,,,
Chevan Cordeiro,QB,,,,,,,,,,,,,
Broc Rutter,QB,,,,,,,,,,,,,
Jake Haener,QB,NYG,,,,,,,,,,,,
Drew Anderson,QB,,,,,,,,,,,,,
Skylar Thompson,QB,BAL,,,,,,,,,,,,
Tanner Morgan,QB,,,,,,,,,,,,,
Haynes King,QB,CAR,,,,,,,,,,,,
Easton Stick,QB,TB,,,,,,,,,,,,
Tommy Stevens,QB,NYG,,,,,,,,,,,,
David Fales,QB,,,,,,,,,,,,,
Bailey Zappe,QB,,,,,,,,,,,,,
Taylor Elgersma,QB,,,,,,,,,,,,,
Kurt Benkert,QB,,,,,,,,,,,,,
Collin Schlee,QB,,,,,,,,,,,,,
Nick Tiano,QB,,,,,,,,,,,,,
Paxton Lynch,QB,,,,,,,,,,,,,
Josh Rosen,QB,,,,,,,,,,,,,
Luke Falk,QB,,,,,,,,,,,,,
Cole Payton,QB,PHI,,,,,,,,,,,,
Nick Schuessler,QB,PIT,,,,,,,,,,,,
Tim Boyle,QB,,,,,,,,,,,,,
Dalton Sturm,QB,,,,,,,,,,,,,
Kenny Pickett,QB,CAR,,,,,,,,,,,,
Jacob Huesman,QB,,,,,,,,,,,,,
Tim DeMorat,QB,,,,,,,,,,,,,
Justin Fields,QB,KC,,,,,,,,,,,,
Wes Lunt,QB,,,,,,,,,,,,,
Hunter Dekkers,QB,,,,,,,,,,,,,
Clayton Tune,QB,,,,,,,,,,,,,
Spencer Sanders,QB,,,,,,,,,,,,,
Kedon Slovis,QB,GB,,,,,,,,,,,,
Mitchell Trubisky,QB,TEN,,,,,,,,,,,,
Matt Corral,QB,,,,,,,,,,,,,
Jaxson Dart,QB,NYG,,,,,,,,,,,,
Roland Rivers,QB,,,,,,,,,,,,,
K.J. Costello,QB,,,,,,,,,,,,,
Will Grier,QB,,,,,,,,,,,,,
Cam Newton,QB,,,,,,,,,,,,,
Tyler Ferguson,QB,,,,,,,,,,,,,
J.J. McCarthy,QB,NYG,,,,,,,,,,,,
John Rhys Plumlee,QB,,,,,,,,,,,,,
Chase Daniel,QB,,,,,,,,,,,,,
Casey Bauman,QB,,,,,,,,,,,,,
Phillip Sims,QB,,,,,,,,,,,,,
Riley Leonard,QB,IND,,,,,,,,,,,,
Chad Kelly,QB,,,,,,,,,,,,,
Cody Kessler,QB,,,,,,,,,,,,,
Nick Fitzgerald,QB,,,,,,,,,,,,,
Max Brosmer,QB,MIN,,,,,,,,,,,,
Brandon Allen,QB,,,,,,,,,,,,,
Connor Bazelak,QB,,,,,,,,,,,,,
Eli Jenkins,QB,,,,,,,,,,,,,
Colt McCoy,QB,,,,,,,,,,,,,
Diego Pavia,QB,,,,,,,,,,,,,
Hajj-Malik Williams,QB,,,,,,,,,,,,,
Tommy DeVito,QB,NE,,,,,,,,,,,,
Will Howard,QB,PIT,,,,,,,,,,,,
Shane Buechele,QB,BUF,,,,,,,,,,,,
Nate Sudfeld,QB,,,,,,,,,,,,,
Dustin Crum,QB,,,,,,,,,,,,,
Cole McDonald,QB,,,,,,,,,,,,,
Derek Carr,QB,,,,,,,,,,,,,
Vincent Testaverde,QB,,,,,,,,,,,,,
Dresser Winn,QB,,,,,,,,,,,,,
Stetson Bennett,QB,LAR,,,,,,,,,,,,
Anthony Richardson,QB,IND,,,,,,,,,,,,
Joshua Dobbs,QB,DET,,,,,,,,,,,,
Holton Ahlers,QB,,,,,,,,,,,,,
Aidan O'Connell,QB,LV,,,,,,,,,,,,
Brett Rypien,QB,TB,,,,,,,,,,,,
David Olson,QB,,,,,,,,,,,,,
Joe Webb,QB,,,,,,,,,,,,,
Collin Hill,QB,,,,,,,,,,,,,
Trey Lance,QB,LAC,,,,,,,,,,,,
Ryan Finley,QB,,,,,,,,,,,,,
Sawyer Robertson,QB,,,,,,,,,,,,,
Zach Terrell,QB,BAL,,,,,,,,,,,,
Jake Coker,QB,,,,,,,,,,,,,
Devin Leary,QB,,,,,,,,,,,,,
Kurtis Rourke,QB,SF,,,,,,,,,,,,
Nathan Peterman,QB,,,,,,,,,,,,,
Bryce Perkins,QB,,,,,,,,,,,,,
Kenji Bahar,QB,,,,,,,,,,,,,
Mitch Leidner,QB,,,,,,,,,,,,,
Anthony Gordon,QB,,,,,,,,,,,,,
Clayton Thorson,QB,NYG,,,,,,,,,,,,
Ty Simpson,QB,LAR,,,,,,,,,,,,
Jake Luton,QB,,,,,,,,,,,,,
Russell Wilson,QB,,,,,,,,,,,,,
Austin Aune,QB,,,,,,,,,,,,,
Ken Seals,QB,,,,,,,,,,,,,
Fernando Mendoza,QB,LV,,,,,,,,,,,,
Matt Barkley,QB,,,,,,,,,,,,,
James Blackman,QB,,,,,,,,,,,,,
Mike Bercovici,QB,,,,,,,,,,,,,
P.J. Walker,QB,,,,,,,,,,,,,
Gunnar Watson,QB,,,,,,,,,,,,,
Jeremy Moussa,QB,,,,,,,,,,,,,
Chris Oladokun,QB,,,,,,,,,,,,,
DJ Uiagalelei,QB,LAC,,,,,,,,,,,,
Logan Kilgore,QB,,,,,,,,,,,,,
Devlin Hodges,QB,,,,,,,,,,,,,
Cade Klubnik,QB,NYJ,,,,,,,,,,,,
Jack Coan,QB,,,,,,,,,,,,,
Bart Houston,QB,,,,,,,,,,,,,
Brady Cook,QB,MIA,,,,,,,,,,,,
Cole Kelley,QB,,,,,,,,,,,,,
Sean Mannion,QB,,,,,,,,,,,,,
Nick Stevens,QB,,,,,,,,,,,,,
Alex Smith,QB,,,,,,,,,,,,,
Josh McCown,QB,,,,,,,,,,,,,
Davis Cheek,QB,,,,,,,,,,,,,
Nick Foles,QB,,,,,,,,,,,,,
Nate Stanley,QB,,,,,,,,,,,,,
Matthew Caldwell,QB,LAR,,,,,,,,,,,,
Desmond Ridder,QB,,,,,,,,,,,,,
Teddy Bridgewater,QB,,,,,,,,,,,,,
Jack Heneghan,QB,,,,,,,,,,,,,
Kaidon Salter,QB,,,,,,,,,,,,,
James Morgan,QB,,,,,,,,,,,,,
Kyle Allen,QB,BUF,,,,,,,,,,,,
Austin Appleby,QB,,,,,,,,,,,,,
Jalon Daniels,QB,TB,,,,,,,,,,,,
Matt Schaub,QB,,,,,,,,,,,,,
Trace McSorley,QB,,,,,,,,,,,,,
Riley Neal,QB,,,,,,,,,,,,,
David Blough,QB,,,,,,,,,,,,,
Trevor Siemian,QB,,,,,,,,,,,,,
Ian Book,QB,,,,,,,,,,,,,
Jason Bean,QB,,,,,,,,,,,,,
Garrett Gilbert,QB,,,,,,,,,,,,,
Carson Wentz,QB,MIN,,,,,,,,,,,,
Graham Mertz,QB,HOU,,,,,,,,,,,,
Philip Rivers,QB,,,,,,,,,,,,,
Cam Miller,QB,,,,,,,,,,,,,
Dillon Gabriel,QB,CLE,,,,,,,,,,,,
Mike Glennon,QB,,,,,,,,,,,,,
Spencer Rattler,QB,NO,,,,,,,,,,,,
Gardner Minshew,QB,ARI,,,,,,,,,,,,
Mike White,QB,,,,,,,,,,,,,
Colby Suits,QB,,,,,,,,,,,,,
Kellen Mond,QB,,,,,,,,,,,,,
Jarrett Stidham,QB,DEN,,,,,,,,,,,,
Kyle McCord,QB,MIA,,,,,,,,,,,,
Quinn Ewers,QB,JAX,,,,,,,,,,,,
Jordan Ta'amu,QB,,,,,,,,,,,,,
Ryan Willis,QB,,,,,,,,,,,,,
Ben Wooldridge,QB,,,,,,,,,,,,,
Jake Rudock,QB,,,,,,,,,,,,,
Nic Shimonek,QB,,,,,,,,,,,,,
Garrett Nussmeier,QB,KC,,,,,,,,,,,,
Sefo Liufau,QB,,,,,,,,,,,,,
Tanner McKee,QB,PHI,,,,,,,,,,,,
Kyle Shurmur,QB,,,,,,,,,,,,,
Zach Conque,QB,,,,,,,,,,,,,
Matt Moore,QB,,,,,,,,,,,,,
Josh Woodrum,QB,,,,,,,,,,,,,
E.J. Perry,QB,,,,,,,,,,,,,
Chris Streveler,QB,,,,,,,,,,,,,
Jack Plummer,QB,,,,,,,,,,,,,
Max Wittek,QB,,,,,,,,,,,,,
Lamar Jordan,QB,,,,,,,,,,,,,
Austin Allen,QB,,,,,,,,,,,,,
Carter Bradley,QB,,,,,,,,,,,,,
Bryan Bennett,QB,,,,,,,,,,,,,
Nolan Henderson,QB,,,,,,,,,,,,,
Danny Etling,QB,,,,,,,,,,,,,
Jerod Evans,QB,,,,,,,,,,,,,
E.J. Warner,QB,,,,,,,,,,,,,
Chase Garbers,QB,,,,,,,,,,,,,
Drew Plitt,QB,,,,,,,,,,,,,
Ben Roethlisberger,QB,PIT,,,,,,,,,,,,
Tanner Mordecai,QB,,,,,,,,,,,,,
Sam Hartman,QB,WAS,,,,,,,,,,,,
Jacob Sirmon,QB,,,,,,,,,,,,,
Sam Howell,QB,DAL,,,,,,,,,,,,
Caleb Williams,QB,CHI,,,,,,,,,,,,
Drew Stanton,QB,,,,,,,,,,,,,
Jerry Lovelocke,QB,,,,,,,,,,,,,
Jalan McClendon,QB,,,,,,,,,,,,,
Luis Perez,QB,,,,,,,,,,,,,
Eric Dungey,QB,,,,,,,,,,,,,
Jake Fromm,QB,,,,,,,,,,,,,
Jeff Driskel,QB,,,,,,,,,,,,,
Kyle Sloter,QB,,,,,,,,,,,,,
Aaron Bailey,QB,BAL,,,,,,,,,,,,
Ryan Fitzpatrick,QB,,,,,,,,,,,,,
Mason Rudolph,QB,PIT,,,,,,,,,,,,
J.T. Barrett,QB,,,,,,,,,,,,,
D'Eriq King,QB,,,,,,,,,,,,,
Mike DiLiello,QB,,,,,,,,,,,,,
Nick Mullens,QB,JAX,,,,,,,,,,,,
Jalen Milroe,QB,SEA,,,,,,,,,,,,
Brandon Peters,QB,,,,,,,,,,,,,
Taylen Green,QB,CLE,,,,,,,,,,,,
Kyle Lauletta,QB,,,,,,,,,,,,,
Tyson Bagent,QB,CHI,,,,,,,,,,,,
Drew Brees,QB,,,,,,,,,,,,,
Alex Tanney,QB,,,,,,,,,,,,,
Adrian Martinez,QB,,,,,,,,,,,,,
Jake Retzlaff,QB,,,,,,,,,,,,,
Mac Jones,QB,SF,,,,,,,,,,,,
Joe Fagnano,QB,BAL,,,,,,,,,,,,
Blaine Gabbert,QB,,,,,,,,,,,,,
Josh Love,QB,,,,,,,,,,,,,
Drew Allar,QB,PIT,,,,,,,,,,,,
Jayden Daniels,QB,WAS,,,,,,,,,,,,
Jake Waters,QB,,,,,,,,,,,,,
Luke Altmyer,QB,DET,,,,,,,,,,,,
Levi Lewis,QB,,,,,,,,,,,,,
John Wolford,QB,,,,,,,,,,,,,
Jack Strand,QB,ATL,,,,,,,,,,,,
William Thompson,QB,,,,,,,,,,,,,
Cole Stoudt,QB,,,,,,,,,,,,,
Aeneas Dennis,QB,,,,,,,,,,,,,
Cody Fajardo,QB,,,,,,,,,,,,,
Brogan Roback,QB,,,,,,,,,,,,,
Payton Thorne,QB,,,,,,,,,,,,,
Ben Bryant,QB,,,,,,,,,,,,,
Alex McGough,QB,,,,,,,,,,,,,
Skyler Howard,QB,SEA,,,,,,,,,,,,
Blake Sims,QB,,,,,,,,,,,,,
Chris Brooks,RB,GB,6.87,,,,6.21,29.39,0.16,1.47,1.94,9.54,0.1,0.03
Kaleb Johnson,RB,GB,4.53,,,,5.82,21.98,0.15,0.67,0.97,4.93,0.05,0.03
Brian Robinson,RB,ATL,4.38,,,,5.6,21.49,0.14,0.68,0.86,4.94,0.04,0.02
MarShawn Lloyd,RB,GB,10.15,,,,10.89,46.18,0.33,1.7,2.26,12.05,0.12,0.05
Bijan Robinson,RB,ATL,20.13,,,,18.47,85.95,0.46,4.15,5.1,32.57,0.24,0.08
Isaac Guerendo,RB,SF,,,,,,,,,,,,
Tyrone Tracy,RB,NYG,3.26,,,,2.76,13.48,0.07,0.69,0.86,5.84,0.04,0.01
British Brooks,RB,HOU,0.17,,,,0.11,0.49,0.0,0.05,0.06,0.4,0.0,
Brashard Smith,RB,KC,0.66,,,,0.56,2.21,0.02,0.15,0.19,1.21,0.01,0.0
Quinshon Judkins,RB,CLE,12.31,,,,15.46,57.67,0.5,2.04,2.35,11.82,0.07,0.06
Ashton Jeanty,RB,LV,15.9,,,,17.7,57.88,0.36,3.95,4.95,22.12,0.31,0.08
Tahj Brooks,RB,CIN,0.54,,,,0.88,2.54,0.02,0.08,0.1,0.61,0.0,0.0
CJ Donaldson,RB,NO,1.68,,,,1.16,4.31,0.04,0.49,0.67,3.38,0.03,
Jeremiyah Love,RB,ARI,14.65,,,,11.91,48.28,0.44,3.74,4.79,24.77,0.17,0.06
Kaytron Allen,RB,WAS,1.89,,,,2.65,9.02,0.05,0.4,0.56,2.36,0.02,0.01
Alvin Kamara,RB,NO,8.06,,,,7.91,28.21,0.27,2.06,2.33,11.37,0.08,0.04
Jonathan Taylor,RB,IND,19.9,,,,21.76,86.85,0.93,2.96,3.62,20.74,0.11,0.09
Reggie Gilliam,RB,NE,0.26,,,,0.11,0.4,0.0,0.09,0.13,0.85,0.01,
Kenny Gainwell,RB,TB,7.65,,,,7.18,27.61,0.23,1.87,2.35,12.96,0.07,0.03
Rachaad White,RB,WAS,6.97,,,,5.88,21.28,0.07,2.69,2.96,13.74,0.07,0.03
James Cook,RB,BUF,16.58,,,,15.36,75.47,0.7,2.2,2.96,17.2,0.16,0.08
Kyren Williams,RB,LAR,13.52,,,,14.18,62.66,0.56,2.14,2.89,12.64,0.09,0.06
Kenneth Walker,RB,KC,20.24,,,,18.02,88.23,0.65,3.54,3.99,28.94,0.19,0.09
Tyler Goodson,RB,DAL,3.62,,,,3.59,14.1,0.11,0.82,1.01,5.42,0.04,0.02
Jaylen Warren,RB,PIT,16.15,,,,13.42,72.96,0.37,3.53,3.97,25.53,0.11,0.06
Julius Chestnut,RB,TEN,0.22,,,,0.11,0.53,0.0,0.07,0.1,0.54,0.0,0.0
Chase Brown,RB,CIN,16.08,,,,16.32,62.79,0.38,3.84,4.43,21.98,0.26,0.08
Keaton Mitchell,RB,LAC,6.7,,,,5.47,31.52,0.19,1.23,1.56,8.91,0.05,0.03
Kendre Miller,RB,NO,,,,,,,,,,,,
Emanuel Wilson,RB,SEA,6.62,,,,7.93,37.64,0.19,0.8,0.91,6.32,0.05,0.03
Rasheen Ali,RB,BAL,0.31,,,,0.12,0.49,0.0,0.1,0.12,0.93,0.01,0.0
Ray Davis,RB,BUF,2.36,,,,3.04,13.96,0.07,0.25,0.29,2.15,0.02,0.01
Blake Corum,RB,LAR,8.23,,,,10.98,49.76,0.34,0.69,1.0,3.86,0.03,0.05
Jordan James,RB,SF,0.73,,,,0.95,4.64,0.03,0.05,0.06,0.38,0.0,0.0
Cam Skattebo,RB,NYG,15.12,,,,16.62,70.82,0.62,1.95,2.44,18.78,0.09,0.07
Ameer Abdullah,RB,JAX,2.77,,,,2.35,9.91,0.06,0.76,0.83,4.52,0.04,0.01
David Montgomery,RB,HOU,14.39,,,,15.3,52.91,0.85,1.97,2.17,15.38,0.09,0.07
J.K. Dobbins,RB,DEN,11.34,,,,13.09,65.36,0.31,1.68,1.94,8.68,0.07,0.06
Connor Heyward,RB,LV,0.89,,,,0.45,1.54,0.02,0.3,0.4,2.34,0.02,0.0
Jahmyr Gibbs,RB,DET,23.54,,,,19.91,99.11,0.76,4.32,5.13,30.73,0.29,0.1
Tyjae Spears,RB,TEN,7.55,,,,5.86,27.71,0.24,1.96,2.19,11.94,0.03,0.03
Chris Rodriguez,RB,JAX,4.73,,,,5.28,22.84,0.23,0.5,0.68,4.14,0.03,0.02
Jacob Saylors,RB,DET,1.47,,,,1.09,5.23,0.03,0.34,0.43,2.79,0.02,0.01
Jaleel McLaughlin,RB,CLE,1.9,,,,1.17,6.2,0.05,0.51,0.64,3.35,0.03,0.01
Isaiah Davis,RB,NYJ,0.68,,,,0.48,2.5,0.02,0.14,0.16,1.06,0.01,0.0
Dylan Laube,RB,LV,0.4,,,,0.56,1.39,0.01,0.1,0.12,0.64,0.01,0.0
Woody Marks,RB,HOU,7.85,,,,9.57,33.56,0.18,1.6,2.11,13.14,0.09,0.04
RJ Harvey,RB,DEN,10.77,,,,7.73,30.47,0.27,2.89,3.44,21.44,0.18,0.04
Ollie Gordon,RB,MIA,3.54,,,,4.98,12.29,0.15,0.69,0.86,4.83,0.04,0.02
Omarion Hampton,RB,LAC,14.11,,,,13.59,65.32,0.6,2.37,2.65,12.53,0.07,0.06
Jadarian Price,RB,SEA,10.06,,,,11.73,57.7,0.31,1.07,1.37,9.49,0.07,0.05
Nicholas Singleton,RB,TEN,2.03,,,,2.79,12.71,0.1,0.1,0.13,0.66,0.0,0.01
Demond Claiborne,RB,MIN,2.54,,,,2.69,9.92,0.08,0.53,0.61,3.66,0.03,0.01
Patrick Ricard,RB,NYG,0.13,,,,,,,0.05,0.07,0.53,0.0,0.0
Tony Pollard,RB,TEN,12.38,,,,12.94,68.98,0.39,1.84,2.25,11.16,0.04,0.05
Ty Johnson,RB,BUF,2.22,,,,1.83,7.44,0.06,0.49,0.65,4.07,0.04,0.01
DeeJay Dallas,RB,MIN,3.89,,,,2.49,10.54,0.07,1.24,1.37,7.92,0.07,0.01
Chuba Hubbard,RB,CAR,14.78,,,,16.67,68.71,0.45,2.63,3.09,15.91,0.17,0.07
Rhamondre Stevenson,RB,NE,10.72,,,,7.78,37.72,0.3,2.55,2.92,19.25,0.12,0.04
Sean Tucker,RB,TB,0.45,,,,0.49,1.65,0.02,0.06,0.09,0.49,0.01,0.0
Bucky Irving,RB,TB,14.74,,,,16.57,56.65,0.47,3.3,3.9,23.42,0.11,0.08
Christian McCaffrey,RB,SF,20.63,,,,16.46,79.35,0.57,4.37,5.12,31.61,0.3,0.09
AJ Dillon,RB,CAR,3.66,,,,4.68,18.74,0.11,0.56,0.64,3.49,0.03,
Tyler Allgeier,RB,ARI,7.18,,,,9.02,34.32,0.2,1.37,1.5,8.9,0.05,0.04
Breece Hall,RB,NYJ,15.89,,,,13.24,63.35,0.41,3.51,4.06,27.62,0.15,0.06
De'Von Achane,RB,MIA,16.35,,,,14.1,67.46,0.33,3.96,4.44,27.29,0.17,0.06
Hunter Luepke,RB,DAL,1.54,,,,0.6,2.25,0.02,0.56,0.7,4.94,0.02,0.0
Raheim Sanders,RB,CLE,6.01,,,,4.94,19.49,0.11,1.71,2.04,11.7,0.09,0.03
Bhayshul Tuten,RB,JAX,11.35,,,,12.99,50.66,0.45,1.64,2.18,12.05,0.13,0.06
TreVeyon Henderson,RB,NE,12.61,,,,11.8,55.42,0.55,2.05,2.55,13.13,0.07,0.05
LeQuint Allen,RB,JAX,1.85,,,,0.97,3.69,0.02,0.71,0.86,4.43,0.04,0.01
Kaelon Black,RB,SF,5.5,,,,6.61,30.65,0.13,0.84,0.93,6.0,0.04,0.03
Seth McGowan,RB,IND,1.88,,,,2.6,8.58,0.08,0.28,0.39,2.05,0.01,0.01
DJ Herman,RB,MIA,1.25,,,,0.18,0.7,0.01,0.5,0.69,4.74,0.03,
Justice Hill,RB,BAL,6.94,,,,3.18,15.68,0.13,2.08,2.4,18.18,0.12,0.02
Najee Harris,RB,NYG,5.08,,,,7.04,27.31,0.2,0.62,0.72,4.64,0.02,0.03
Travis Etienne,RB,NO,11.25,,,,13.29,49.43,0.22,2.17,2.67,14.85,0.23,0.06
Javonte Williams,RB,DAL,15.41,,,,16.03,59.12,0.77,2.72,3.26,15.86,0.11,0.08
Tyler Badie,RB,DEN,1.44,,,,0.81,3.87,0.02,0.46,0.6,3.28,0.02,0.0
Braelon Allen,RB,NYJ,6.32,,,,6.45,27.45,0.29,0.87,1.08,6.33,0.06,0.03
Kimani Vidal,RB,LAC,0.88,,,,0.77,3.41,0.02,0.2,0.26,1.49,0.01,0.0
Sione Vaki,RB,DET,2.15,,,,3.46,15.14,0.09,0.03,0.05,0.39,0.0,0.01
George Holani,RB,SEA,5.61,,,,4.77,20.45,0.15,1.15,1.52,10.35,0.09,0.02
Corey Kiner,RB,NE,0.56,,,,0.83,3.34,0.02,0.05,0.06,0.38,0.0,
Jacory Croskey-Merritt,RB,WAS,9.41,,,,13.0,47.16,0.51,0.92,1.18,5.42,0.03,0.05
Mike Washington,RB,LV,3.24,,,,3.64,14.09,0.07,0.65,0.99,5.12,0.04,0.02
Emmett Johnson,RB,KC,5.0,,,,3.63,15.27,0.14,1.15,1.32,10.28,0.08,0.02
Max Bredeson,RB,MIN,0.11,,,,0.01,0.04,0.0,0.05,0.06,0.39,0.0,0.0
Kyle Juszczyk,RB,SF,1.87,,,,0.14,0.6,0.0,0.67,0.88,6.62,0.07,0.0
Derrick Henry,RB,BAL,18.91,,,,16.59,98.28,0.95,1.49,1.78,14.85,0.08,0.08
Samaje Perine,RB,CIN,5.13,,,,4.69,17.05,0.13,1.41,1.6,9.86,0.05,0.02
Aaron Jones,RB,MIN,12.86,,,,16.1,60.29,0.42,2.21,2.62,14.84,0.12,0.07
Travis Homer,RB,PIT,6.36,,,,4.88,24.99,0.15,1.43,1.75,10.93,0.07,
Alec Ingold,RB,LAC,0.66,,,,0.73,2.88,0.03,0.1,0.13,0.76,0.0,0.0
Roschon Johnson,RB,CHI,0.26,,,,0.44,1.48,0.02,,,,,0.0
D'Andre Swift,RB,CHI,14.12,,,,13.52,56.46,0.77,2.08,2.52,14.25,0.06,0.06
Tank Bigsby,RB,PHI,4.71,,,,4.32,20.55,0.23,0.56,0.79,5.16,0.03,0.02
Will Shipley,RB,PHI,2.67,,,,2.07,7.11,0.05,0.83,1.0,6.16,0.04,0.01
Saquon Barkley,RB,PHI,15.95,,,,16.84,82.14,0.56,2.14,3.13,16.84,0.11,0.07
Kyle Monangai,RB,CHI,7.78,,,,11.02,48.32,0.14,1.07,1.48,8.53,0.04,0.04
Le'Veon Bell,RB,,,,,,,,,,,,,
A.J. Rose,RB,,,,,,,,,,,,,
Aaron Shampklin,RB,,,,,,,,,,,,,
Salvon Ahmed,RB,CHI,,,,,,,,,,,,
Kendall Milton,RB,CIN,,,,,,,,,,,,
Adam Randall,RB,BAL,,,,,,,,,,,,
Dalyn Dawkins,RB,,,,,,,,,,,,,
Boston Scott,RB,,,,,,,,,,,,,
Melvin Gordon,RB,,,,,,,,,,,,,
Malcolm Johnson,RB,,,,,,,,,,,,,
Luke Sellers,RB,,,,,,,,,,,,,
TaMerik Williams,RB,,,,,,,,,,,,,
D.J. Foster,RB,,,,,,,,,,,,,
Rahsul Faison,RB,,,,,,,,,,,,,
Rex Burkhead,RB,,,,,,,,,,,,,
Demario Richard,RB,,,,,,,,,,,,,
Lincoln Pare,RB,,,,,,,,,,,,,
Deshaun Fenwick,RB,,,,,,,,,,,,,
Jordan Wilkins,RB,,,,,,,,,,,,,
Josh Ferguson,RB,,,,,,,,,,,,,
Kalif Phillips,RB,,,,,,,,,,,,,
Theo Riddick,RB,,,,,,,,,,,,,
Brandon Cottom,RB,,,,,,,,,,,,,
La'Mical Perine,RB,,,,,,,,,,,,,
Algernon Brown,RB,,,,,,,,,,,,,
Pierre Strong,RB,GB,,,,,,,,,,,,
Justin Jones,RB,,,,,,,,,,,,,
Adam Prentice,RB,DEN,,,,,,,,,,,,
Dion Lewis,RB,,,,,,,,,,,,,
Rasheed Williams,RB,,,,,,,,,,,,,
Paul Perkins,RB,,,,,,,,,,,,,
Trey Sermon,RB,ATL,,,,,,,,,,,,
Darius Clark,RB,,,,,,,,,,,,,
Javon Leake,RB,,,,,,,,,,,,,
Joel Bouagnon,RB,,,,,,,,,,,,,
Audric Estime,RB,MIN,,,,,,,,,,,,
Justin Crawford,RB,,,,,,,,,,,,,
Xazavian Valladay,RB,,,,,,,,,,,,,
Ronald Jones,RB,,,,,,,,,,,,,
Calvin Tyler,RB,,,,,,,,,,,,,
Jaden Nixon,RB,,,,,,,,,,,,,
Jashaun Corbin,RB,,,,,,,,,,,,,
JaQuan Hardy,RB,,,,,,,,,,,,,
Khalid Abdullah,RB,,,,,,,,,,,,,
Robert Henry,RB,SEA,,,,,,,,,,,,
John David Moore,RB,,,,,,,,,,,,,
Ja'Quan Gardner,RB,,,,,,,,,,,,,
Emani Bailey,RB,,,,,,,,,,,,,
Michael Herzog,RB,,,,,,,,,,,,,
Bruce Anderson,RB,,,,,,,,,,,,,
Jahwan Edwards,RB,,,,,,,,,,,,,
Christian Wade,RB,,,,,,,,,,,,,
Chris Evans,RB,,,,,,,,,,,,,
Andrew Beck,RB,NYJ,,,,,,,,,,,,
Sione Houma,RB,,,,,,,,,,,,,
Marquis Young,RB,,,,,,,,,,,,,
Corey Taylor,RB,,,,,,,,,,,,,
Darnell Holland,RB,,,,,,,,,,,,,
Brandon Bolden,RB,,,,,,,,,,,,,
Tory Carter,RB,,,,,,,,,,,,,
Khalil Herbert,RB,ATL,,,,,,,,,,,,
Ryan Mueller,RB,,,,,,,,,,,,,
Michael Burton,RB,CLE,,,,,,,,,,,,
Sandro Platzgummer,RB,,,,,,,,,,,,,
Lew Nichols,RB,PIT,,,,,,,,,,,,
Derrius Guice,RB,,,,,,,,,,,,,
Jacardia Wright,RB,SEA,,,,,,,,,,,,
Clyde Edwards-Helaire,RB,,,,,,,,,,,,,
Julius Davis,RB,,,,,,,,,,,,,
Travon McMillian,RB,,,,,,,,,,,,,
David Johnson,RB,,,,,,,,,,,,,
Darrynton Evans,RB,,,,,,,,,,,,,
Miles Davis,RB,,,,,,,,,,,,,
Xavier Jones,RB,,,,,,,,,,,,,
Austin Jones,RB,,,,,,,,,,,,,
J.D. McKissic,RB,,,,,,,,,,,,,
Marcus Major,RB,,,,,,,,,,,,,
I'Tavius Mathers,RB,,,,,,,,,,,,,
Phillip Lindsay,RB,,,,,,,,,,,,,
Devin Singletary,RB,NYG,,,,,,,,,,,,
Marshaun Coprich,RB,,,,,,,,,,,,,
Ito Smith,RB,DAL,,,,,,,,,,,,
Rushel Shell,RB,,,,,,,,,,,,,
Jabari Small,RB,DET,,,,,,,,,,,,
Josh Rounds,RB,,,,,,,,,,,,,
Dylan Devezin,RB,,,,,,,,,,,,,
Elijah Mitchell,RB,,,,,,,,,,,,,
Devontae Booker,RB,,,,,,,,,,,,,
Robert Burns,RB,,,,,,,,,,,,,
Devine Ozigbo,RB,,,,,,,,,,,,,
Ben VanSumeren,RB,KC,,,,,,,,,,,,
Johnny Stanton,RB,,,,,,,,,,,,,
Martez Carter,RB,,,,,,,,,,,,,
Deion Hankins,RB,,,,,,,,,,,,,
Nico Evans,RB,,,,,,,,,,,,,
Jeff Wilson,RB,,,,,,,,,,,,,
DeaMonte Trayanum,RB,NYJ,,,,,,,,,,,,
Adrian Killins,RB,DEN,,,,,,,,,,,,
Carlos Hyde,RB,,,,,,,,,,,,,
Shane Wimann,RB,,,,,,,,,,,,,
Brenden Knox,RB,,,,,,,,,,,,,
Senorise Perry,RB,,,,,,,,,,,,,
Tarik Cohen,RB,,,,,,,,,,,,,
Rushawn Baker,RB,,,,,,,,,,,,,
Titus Swen,RB,,,,,,,,,,,,,
Kairee Robinson,RB,,,,,,,,,,,,,
Isiah Pacheco,RB,DET,,,,,,,,,,,,
Jawon Chisholm,RB,,,,,,,,,,,,,
Patrick DiMarco,RB,,,,,,,,,,,,,
Josh Adams,RB,,,,,,,,,,,,,
Benny LeMay,RB,CLE,,,,,,,,,,,,
Anthony Grant,RB,,,,,,,,,,,,,
Brady Russell,RB,SEA,,,,,,,,,,,,
Trey Benson,RB,ARI,,,,,,,,,,,,
Brandon Brown-Dukes,RB,,,,,,,,,,,,,
Demetric Felton,RB,,,,,,,,,,,,,
Todd Gurley,RB,,,,,,,,,,,,,
Mark Ingram,RB,,,,,,,,,,,,,
Kevin Harris,RB,,,,,,,,,,,,,
Christopher Ezeala,RB,,,,,,,,,,,,,
Jay Ajayi,RB,,,,,,,,,,,,,
Trayone Gray,RB,,,,,,,,,,,,,
Marcus Yarns,RB,,,,,,,,,,,,,
Myles Montgomery,RB,NE,,,,,,,,,,,,
Sam Rogers,RB,,,,,,,,,,,,,
Montrell Johnson,RB,,,,,,,,,,,,,
Spencer Nigh,RB,,,,,,,,,,,,,
D'Onta Foreman,RB,,,,,,,,,,,,,
Gus Johnson,RB,,,,,,,,,,,,,
Quali Conley,RB,,,,,,,,,,,,,
Darrin Hall,RB,,,,,,,,,,,,,
Ty Montgomery,RB,,,,,,,,,,,,,
Gerrid Doaks,RB,,,,,,,,,,,,,
Kalen Ballage,RB,,,,,,,,,,,,,
Patrick Carr,RB,,,,,,,,,,,,,
Connor Harris,RB,,,,,,,,,,,,,
Synjyn Days,RB,,,,,,,,,,,,,
Deneric Prince,RB,,,,,,,,,,,,,
Jeremy McNichols,RB,WAS,,,,,,,,,,,,
Kayron Lynch-Adams,RB,,,,,,,,,,,,,
Troy Hairston,RB,,,,,,,,,,,,,
Joe Williams,RB,,,,,,,,,,,,,
Nick Sharga,RB,,,,,,,,,,,,,
Matt Colburn,RB,,,,,,,,,,,,,
James Conner,RB,ARI,,,,,,,,,,,,
Soma Vainuku,RB,,,,,,,,,,,,,
Trey Edmunds,RB,,,,,,,,,,,,,
Nyheim Miller-Hines,RB,,,,,,,,,,,,,
Michael Carter,RB,TEN,,,,,,,,,,,,
Tyrion Davis-Price,RB,,,,,,,,,,,,,
Jermar Jefferson,RB,,,,,,,,,,,,,
Nate Carter,RB,KC,,,,,,,,,,,,
Garrett Groshek,RB,,,,,,,,,,,,,
Jeremy Cox,RB,,,,,,,,,,,,,
Trent Battle,RB,,,,,,,,,,,,,
Chris Thompson,RB,,,,,,,,,,,,,
Tre Stewart,RB,,,,,,,,,,,,,
Kenneth Dixon,RB,,,,,,,,,,,,,
Nick Chubb,RB,,,,,,,,,,,,,
Cordarrelle Patterson,RB,,,,,,,,,,,,,
Max Borghi,RB,,,,,,,,,,,,,
Cameron Scarlett,RB,,,,,,,,,,,,,
Shane Watts,RB,,,,,,,,,,,,,
Craig Reynolds,RB,WAS,,,,,,,,,,,,
Jordan Mason,RB,MIN,,,,,,,,,,,,
Greg Bell,RB,,,,,,,,,,,,,
Gregory Desrosiers,RB,LAC,,,,,,,,,,,,
Raymond Calais,RB,,,,,,,,,,,,,
Rico Dowdle,RB,PIT,,,,,,,,,,,,
Dontae McMillan,RB,SEA,,,,,,,,,,,,
Mathieu Severance,RB,,,,,,,,,,,,,
Alexander Mattison,RB,,,,,,,,,,,,,
Snoop Conner,RB,,,,,,,,,,,,,
Elijah Collins,RB,,,,,,,,,,,,,
Dexter Williams,RB,,,,,,,,,,,,,
Hassan Hall,RB,,,,,,,,,,,,,
John Kelly,RB,,,,,,,,,,,,,
Christian Powell,RB,,,,,,,,,,,,,
Mike Boone,RB,,,,,,,,,,,,,
Austin Ekeler,RB,WAS,,,,,,,,,,,,
Lucas Scott,RB,BAL,,,,,,,,,,,,
Elijah Tau-Tolliver,RB,,,,,,,,,,,,,
Dalton Crossan,RB,,,,,,,,,,,,,
Jake Bargas,RB,,,,,,,,,,,,,
Rajion Neal,RB,,,,,,,,,,,,,
Cody Schrader,RB,DEN,,,,,,,,,,,,
Darius Bradwell,RB,,,,,,,,,,,,,
Alex Armah,RB,,,,,,,,,,,,,
A.J. Ouellette,RB,,,,,,,,,,,,,
LeVante Bellamy,RB,,,,,,,,,,,,,
Devine Redding,RB,,,,,,,,,,,,,
Jason Huntley,RB,,,,,,,,,,,,,
Dylan McDuffie,RB,,,,,,,,,,,,,
Jerick McKinnon,RB,,,,,,,,,,,,,
Velus Jones,RB,SEA,,,,,,,,,,,,
Brian Herrien,RB,,,,,,,,,,,,,
Frank Gore,RB,,,,,,,,,,,,,
Khari Blasingame,RB,,,,,,,,,,,,,
Mike Weber,RB,,,,,,,,,,,,,
Dominique Brown,RB,,,,,,,,,,,,,
Spencer Brown,RB,,,,,,,,,,,,,
Kenjon Barner,RB,,,,,,,,,,,,,
Owen Wright,RB,LV,,,,,,,,,,,,
Eli Heidenreich,RB,PIT,,,,,,,,,,,,
Ryan Nall,RB,,,,,,,,,,,,,
Darrius Sims,RB,,,,,,,,,,,,,
Marshawn Lynch,RB,,,,,,,,,,,,,
Marcus Martin,RB,,,,,,,,,,,,,
Nay'Quan Wright,RB,,,,,,,,,,,,,
Jordan Jones,RB,,,,,,,,,,,,,
Evan Hull,RB,ARI,,,,,,,,,,,,
Tony Jones,RB,,,,,,,,,,,,,
Ke'Shawn Vaughn,RB,,,,,,,,,,,,,
Trey Millard,RB,,,,,,,,,,,,,
Jerome Ford,RB,,,,,,,,,,,,,
D'Ernest Johnson,RB,,,,,,,,,,,,,
Louis Rees-Zammit,RB,,,,,,,,,,,,,
Robbie Ouzts,RB,SEA,,,,,,,,,,,,
Grant Finley,RB,NYG,,,,,,,,,,,,
Trestan Ebner,RB,,,,,,,,,,,,,
Jonathan Williams,RB,,,,,,,,,,,,,
JaMycal Hasty,RB,,,,,,,,,,,,,
Karan Higdon,RB,,,,,,,,,,,,,
Josh Caldwell,RB,,,,,,,,,,,,,
Dedrick Mills,RB,,,,,,,,,,,,,
Will Ratelle,RB,,,,,,,,,,,,,
Otis Anderson,RB,,,,,,,,,,,,,
Austin Ramesh,RB,,,,,,,,,,,,,
Charles McClelland,RB,,,,,,,,,,,,,
Elijah McGuire,RB,KC,,,,,,,,,,,,
Romar Morris,RB,,,,,,,,,,,,,
Matt Breida,RB,,,,,,,,,,,,,
BJ Baylor,RB,,,,,,,,,,,,,
Jake Funk,RB,,,,,,,,,,,,,
Keith Marshall,RB,,,,,,,,,,,,,
Tevin Coleman,RB,,,,,,,,,,,,,
Kevin Marks,RB,,,,,,,,,,,,,
Kennedy Brooks,RB,,,,,,,,,,,,,
Damien Williams,RB,,,,,,,,,,,,,
Darius Victor,RB,,,,,,,,,,,,,
Ian Wheeler,RB,,,,,,,,,,,,,
Darrell Henderson,RB,,,,,,,,,,,,,
Camerun Peoples,RB,,,,,,,,,,,,,
Adam Choice,RB,,,,,,,,,,,,,
Davon Booth,RB,IND,,,,,,,,,,,,
Joshua Kelley,RB,,,,,,,,,,,,,
Marcus Marshall,RB,,,,,,,,,,,,,
Tony Creecy,RB,,,,,,,,,,,,,
James Gilbert,RB,,,,,,,,,,,,,
Roman Hemby,RB,LV,,,,,,,,,,,,
Ezekiel Elliott,RB,,,,,,,,,,,,,
Antonio Gibson,RB,,,,,,,,,,,,,
Barika Kpeenu,RB,,,,,,,,,,,,,
Josh Williams,RB,TB,,,,,,,,,,,,
Malik Williams,RB,,,,,,,,,,,,,
Tiyon Evans,RB,,,,,,,,,,,,,
Matt Colburn,RB,,,,,,,,,,,,,
Sincere McCormick,RB,SF,,,,,,,,,,,,
TD Ayo-Durojaiye,RB,,,,,,,,,,,,,
Le'Veon Moss,RB,,,,,,,,,,,,,
Zander Horvath,RB,,,,,,,,,,,,,
Terion Stewart,RB,,,,,,,,,,,,,
Buddy Howell,RB,,,,,,,,,,,,,
Rashaad Penny,RB,,,,,,,,,,,,,
Lee Ward,RB,,,,,,,,,,,,,
Connor Neighbors,RB,,,,,,,,,,,,,
Zach Line,RB,,,,,,,,,,,,,
Alex Barnes,RB,,,,,,,,,,,,,
Ronald Awatt,RB,,,,,,,,,,,,,
Chris Carson,RB,,,,,,,,,,,,,
Mataeo Durant,RB,,,,,,,,,,,,,
James Robinson,RB,,,,,,,,,,,,,
Kerryon Johnson,RB,,,,,,,,,,,,,
Alfred Morris,RB,,,,,,,,,,,,,
Roosevelt Nix,RB,,,,,,,,,,,,,
Aca'Cedric Ware,RB,,,,,,,,,,,,,
Elijah Holyfield,RB,,,,,,,,,,,,,
David Fluellen,RB,,,,,,,,,,,,,
Khalan Laborn,RB,,,,,,,,,,,,,
Keaontay Ingram,RB,,,,,,,,,,,,,
Quayvon Hicks,RB,,,,,,,,,,,,,
Nathan Cottrell,RB,,,,,,,,,,,,,
C.J. Anderson,RB,,,,,,,,,,,,,
Dontrell Hilliard,RB,,,,,,,,,,,,,
Duke Johnson,RB,,,,,,,,,,,,,
Anthony McFarland,RB,,,,,,,,,,,,,
Trey Ragas,RB,,,,,,,,,,,,,
D'Vonte Price,RB,,,,,,,,,,,,,
Andrew Bonnet,RB,,,,,,,,,,,,,
Amar Johnson,RB,LAC,,,,,,,,,,,,
Gus Edwards,RB,,,,,,,,,,,,,
Jam Miller,RB,ATL,,,,,,,,,,,,
Jalen Richard,RB,LV,,,,,,,,,,,,
Jamal Haynes,RB,,,,,,,,,,,,,
Dante Miller,RB,,,,,,,,,,,,,
Jacques Patrick,RB,,,,,,,,,,,,,
Joshua Pitsenberger,RB,,,,,,,,,,,,,
Wes Hills,RB,,,,,,,,,,,,,
Devin Neal,RB,,,,,,,,,,,,,
Jackson Acker,RB,,,,,,,,,,,,,
Desmond Martin,RB,,,,,,,,,,,,,
Tyler Hoosman,RB,,,,,,,,,,,,,
Jaydon Blue,RB,PHI,,,,,,,,,,,,
Stanley Williams,RB,,,,,,,,,,,,,
Nick Brossette,RB,,,,,,,,,,,,,
DeWayne McBride,RB,,,,,,,,,,,,,
Raheem Mostert,RB,,,,,,,,,,,,,
Brock Lampe,RB,BUF,,,,,,,,,,,,
C.J. Ham,RB,,,,,,,,,,,,,
Bryant Koback,RB,,,,,,,,,,,,,
Rodney Smith,RB,,,,,,,,,,,,,
Anthony Hankerson,RB,,,,,,,,,,,,,
Isaiah Spiller,RB,,,,,,,,,,,,,
Jaylen Samuels,RB,,,,,,,,,,,,,
Jalen Simmons,RB,,,,,,,,,,,,,
Bruce Miller,RB,,,,,,,,,,,,,
Cash Jones,RB,,,,,,,,,,,,,
Zavier Scott,RB,CHI,,,,,,,,,,,,
Al-Jay Henderson,RB,NYJ,,,,,,,,,,,,
B.J. Emmons,RB,,,,,,,,,,,,,
Toa Taua,RB,,,,,,,,,,,,,
Tra Carson,RB,,,,,,,,,,,,,
De'Chavon Hayes,RB,,,,,,,,,,,,,
Jaden Shirden,RB,,,,,,,,,,,,,
Anderson Castle,RB,,,,,,,,,,,,,
James Develin,RB,,,,,,,,,,,,,
Tyler McCloskey,RB,,,,,,,,,,,,,
Jalen White,RB,,,,,,,,,,,,,
Javian Hawkins,RB,,,,,,,,,,,,,
Abram Smith,RB,,,,,,,,,,,,,
Reggie Bonnafon,RB,,,,,,,,,,,,,
Bilal Powell,RB,,,,,,,,,,,,,
Jordan Terrell,RB,,,,,,,,,,,,,
Terrell Newby,RB,,,,,,,,,,,,,
Timothy Flanders,RB,,,,,,,,,,,,,
Devontae Jackson,RB,,,,,,,,,,,,,
Valentine Holmes,RB,,,,,,,,,,,,,
Bobby Holly,RB,,,,,,,,,,,,,
Khalfani Muhammad,RB,,,,,,,,,,,,,
Ronald Jones,RB,,,,,,,,,,,,,
Gary Brightwell,RB,,,,,,,,,,,,,
Monte Pottebaum,RB,,,,,,,,,,,,,
Adrian Peterson,RB,,,,,,,,,,,,,
Darrel Williams,RB,,,,,,,,,,,,,
Justin Strong,RB,,,,,,,,,,,,,
Anthony Sherman,RB,,,,,,,,,,,,,
Sony Michel,RB,,,,,,,,,,,,,
Jordan Scarlett,RB,MIA,,,,,,,,,,,,
Trevor Etienne,RB,CAR,,,,,,,,,,,,
Trenton Cannon,RB,,,,,,,,,,,,,
Patrick Taylor,RB,,,,,,,,,,,,,
Qualan Jones,RB,,,,,,,,,,,,,
John Lovett,RB,,,,,,,,,,,,,
Tyreik McAllister,RB,,,,,,,,,,,,,
Rodney Hammond,RB,,,,,,,,,,,,,
Jonathan Ward,RB,BAL,,,,,,,,,,,,
Lan Larison,RB,NE,,,,,,,,,,,,
Brittain Brown,RB,CHI,,,,,,,,,,,,
Travis Dye,RB,,,,,,,,,,,,,
Aidan Robbins,RB,,,,,,,,,,,,,
Nathaniel Peat,RB,,,,,,,,,,,,,
Terrence Franks,RB,,,,,,,,,,,,,
La'Damian Webb,RB,,,,,,,,,,,,,
Brian Hill,RB,,,,,,,,,,,,,
Latavius Murray,RB,,,,,,,,,,,,,
Akrum Wadley,RB,,,,,,,,,,,,,
Tavien Feaster,RB,ARI,,,,,,,,,,,,
Scottie Phillips,RB,,,,,,,,,,,,,
Trayveon Williams,RB,,,,,,,,,,,,,
Damarea Crockett,RB,,,,,,,,,,,,,
Eno Benjamin,RB,,,,,,,,,,,,,
Alfonzo Graham,RB,,,,,,,,,,,,,
Isaiah Jacobs,RB,,,,,,,,,,,,,
Sutton Smith,RB,,,,,,,,,,,,,
Damien Martinez,RB,,,,,,,,,,,,,
William Stanback,RB,,,,,,,,,,,,,
Jacob Kibodi,RB,,,,,,,,,,,,,
Jaydn Ott,RB,KC,,,,,,,,,,,,
Justin Jackson,RB,,,,,,,,,,,,,
Anthony Tyus,RB,,,,,,,,,,,,,
Aaron Dykes,RB,,,,,,,,,,,,,
Lorenzo Lingard,RB,,,,,,,,,,,,,
Dameon Pierce,RB,PHI,,,,,,,,,,,,
ZaQuandre White,RB,,,,,,,,,,,,,
DeAndre Torrey,RB,,,,,,,,,,,,,
Mark Walton,RB,,,,,,,,,,,,,
Jordan Waters,RB,LAR,,,,,,,,,,,,
Kene Nwangwu,RB,NYJ,,,,,,,,,,,,
Henry Pearson,RB,,,,,,,,,,,,,
Keith Smith,RB,,,,,,,,,,,,,
Julian Allen,RB,,,,,,,,,,,,,
J.J. Taylor,RB,,,,,,,,,,,,,
Tony Brooks-James,RB,,,,,,,,,,,,,
Eric Gray,RB,,,,,,,,,,,,,
L.J. Scott,RB,,,,,,,,,,,,,
Devwah Whaley,RB,,,,,,,,,,,,,
Elijah Young,RB,,,,,,,,,,,,,
Josh Johnson,RB,,,,,,,,,,,,,
Lenard Tillery,RB,,,,,,,,,,,,,
Peyton Barber,RB,,,,,,,,,,,,,
Deon Jackson,RB,,,,,,,,,,,,,
Ricky Ortiz,RB,,,,,,,,,,,,,
Zach Laskey,RB,,,,,,,,,,,,,
Stephen Houston,RB,,,,,,,,,,,,,
Kylin Hill,RB,,,,,,,,,,,,,
Kobe McCrary,RB,,,,,,,,,,,,,
Stevie Scott,RB,,,,,,,,,,,,,
Giovani Bernard,RB,,,,,,,,,,,,,
Robert Burns,RB,CHI,,,,,,,,,,,,
Coleman Bennett,RB,,,,,,,,,,,,,
Jarveon Howard,RB,,,,,,,,,,,,,
Ronnie Rivers,RB,LAR,,,,,,,,,,,,
Darwin Thompson,RB,,,,,,,,,,,,,
Zach Ojile,RB,,,,,,,,,,,,,
Ricky Seale,RB,,,,,,,,,,,,,
Bronson Rechsteiner,RB,,,,,,,,,,,,,
Noah Cain,RB,,,,,,,,,,,,,
Ryquell Armstead,RB,,,,,,,,,,,,,
Darrin Laufasa,RB,,,,,,,,,,,,,
Carlos Washington,RB,MIA,,,,,,,,,,,,
Jonathon Brooks,RB,CAR,,,,,,,,,,,,
Dylan Sampson,RB,CLE,,,,,,,,,,,,
Kejon Owens,RB,,,,,,,,,,,,,
Leddie Brown,RB,,,,,,,,,,,,,
Zack Moss,RB,,,,,,,,,,,,,
Tyler Renew,RB,,,,,,,,,,,,,
Darren Sproles,RB,,,,,,,,,,,,,
CJ Verdell,RB,,,,,,,,,,,,,
Mark Thompson,RB,,,,,,,,,,,,,
Royce Freeman,RB,,,,,,,,,,,,,
Spencer Ware,RB,,,,,,,,,,,,,
Jase McClellan,RB,,,,,,,,,,,,,
Taj McGowan,RB,,,,,,,,,,,,,
Samson Evans,RB,,,,,,,,,,,,,
Larry Rose,RB,,,,,,,,,,,,,
Benny Snell,RB,,,,,,,,,,,,,
Josh Hokit,RB,,,,,,,,,,,,,
Lawrance Toafili,RB,,,,,,,,,,,,,
Michael Dyer,RB,,,,,,,,,,,,,
Sewo Olonilua,RB,,,,,,,,,,,,,
Joe Mixon,RB,,,,,,,,,,,,,
James Summers,RB,,,,,,,,,,,,,
J'Mari Taylor,RB,JAX,,,,,,,,,,,,
Jason Cabinda,RB,,,,,,,,,,,,,
Daijun Edwards,RB,,,,,,,,,,,,,
Damien Harris,RB,,,,,,,,,,,,,
Hassan Haskins,RB,,,,,,,,,,,,,
Gerald Holmes,RB,,,,,,,,,,,,,
Emari Demercado,RB,DAL,,,,,,,,,,,,
Qadree Ollison,RB,,,,,,,,,,,,,
SaRodorick Thompson,RB,,,,,,,,,,,,,
Jordan Chunn,RB,,,,,,,,,,,,,
Terry Swanson,RB,,,,,,,,,,,,,
Ellis Merriweather,RB,,,,,,,,,,,,,
Ty Chandler,RB,NO,,,,,,,,,,,,
Carson Steele,RB,PHI,,,,,,,,,,,,
Nick Bawden,RB,,,,,,,,,,,,,
Frank Gore,RB,BUF,,,,,,,,,,,,
Robert Martin,RB,,,,,,,,,,,,,
Ja'Quinden Jackson,RB,,,,,,,,,,,,,
Tre Harbison,RB,,,,,,,,,,,,,
Kentrel Bullock,RB,CIN,,,,,,,,,,,,
Mark Weisman,RB,,,,,,,,,,,,,
Freddie Stevenson,RB,,,,,,,,,,,,,
LeSean McCoy,RB,,,,,,,,,,,,,
Austin Walter,RB,,,,,,,,,,,,,
Myles Gaskin,RB,,,,,,,,,,,,,
James Butler,RB,,,,,,,,,,,,,
Mohamed Ibrahim,RB,,,,,,,,,,,,,
Jordan Nubin,RB,,,,,,,,,,,,,
Bo Scarbrough,RB,,,,,,,,,,,,,
Mike Davis,RB,,,,,,,,,,,,,
Justin Stockton,RB,,,,,,,,,,,,,
Chris Warren,RB,,,,,,,,,,,,,
Dillon Johnson,RB,,,,,,,,,,,,,
Jordan Johnson,RB,,,,,,,,,,,,,
Jon Hilliman,RB,,,,,,,,,,,,,
Brandon Radcliff,RB,,,,,,,,,,,,,
Cam Akers,RB,,,,,,,,,,,,,
Clint Ratkovich,RB,,,,,,,,,,,,,
T.J. Pledger,RB,,,,,,,,,,,,,
Jaret Patterson,RB,CLE,,,,,,,,,,,,
DJ Giddens,RB,IND,,,,,,,,,,,,
Bryce Love,RB,,,,,,,,,,,,,
James White,RB,,,,,,,,,,,,,
Kalel Mullings,RB,TEN,,,,,,,,,,,,
Jordan Ellis,RB,,,,,,,,,,,,,
Dean Connors,RB,LAR,,,,,,,,,,,,
Lamar Miller,RB,,,,,,,,,,,,,
Chris Smith,RB,,,,,,,,,,,,,
Ervin Philips,RB,,,,,,,,,,,,,
Zach Evans,RB,,,,,,,,,,,,,
Shaun Wilson,RB,,,,,,,,,,,,,
De'Lance Turner,RB,,,,,,,,,,,,,
Keilan Robinson,RB,,,,,,,,,,,,,
Luke Lundy,RB,,,,,,,,,,,,,
Jonah Coleman,RB,DEN,,,,,,,,,,,,
Wayne Taulapapa,RB,,,,,,,,,,,,,
Kyle Coleman,RB,,,,,,,,,,,,,
Kye Robichaux,RB,,,,,,,,,,,,,
Javorius Allen,RB,,,,,,,,,,,,,
Michael Wiley,RB,,,,,,,,,,,,,
Jamize Olawale,RB,,,,,,,,,,,,,
Jerrion Ealy,RB,,,,,,,,,,,,,
Sherman Badie,RB,,,,,,,,,,,,,
De'Mard Llorens,RB,,,,,,,,,,,,,
Troymaine Pope,RB,,,,,,,,,,,,,
Zonovan Knight,RB,ARI,,,,,,,,,,,,
Daniel Marx,RB,,,,,,,,,,,,,
Ross Scheuerman,RB,,,,,,,,,,,,,
Ray Lawry,RB,,,,,,,,,,,,,
Markese Stepp,RB,,,,,,,,,,,,,
Alstevis Squirewell,RB,,,,,,,,,,,,,
Kareem Hunt,RB,,,,,,,,,,,,,
Kerrith Whyte,RB,GB,,,,,,,,,,,,
T.J. Yeldon,RB,,,,,,,,,,,,,
Dare Ogunbowale,RB,HOU,,,,,,,,,,,,
Malcolm Brown,RB,,,,,,,,,,,,,
George Aston,RB,,,,,,,,,,,,,
Terrell Jennings,RB,,,,,,,,,,,,,
Taiwan Jones,RB,,,,,,,,,,,,,
Dominic Richardson,RB,,,,,,,,,,,,,
Raheem Blackshear,RB,,,,,,,,,,,,,
Devon Johnson,RB,,,,,,,,,,,,,
C.J. Prosise,RB,,,,,,,,,,,,,
Malik Davis,RB,DAL,,,,,,,,,,,,
Nick Ralston,RB,,,,,,,,,,,,,
Andy Janovich,RB,,,,,,,,,,,,,
Rakeem Boyd,RB,,,,,,,,,,,,,
Ricky Person,RB,,,,,,,,,,,,,
Keshawn Hill,RB,,,,,,,,,,,,,
Master Teague,RB,,,,,,,,,,,,,
Taquan Mizzell,RB,NYG,,,,,,,,,,,,
Dan Vitale,RB,,,,,,,,,,,,,
Ramon Jefferson,RB,,,,,,,,,,,,,
Gabe Nabers,RB,,,,,,,,,,,,,
D.J. Williams,RB,,,,,,,,,,,,,
Jarquez Hunter,RB,MIA,,,,,,,,,,,,
Henry Poggi,RB,,,,,,,,,,,,,
Toriano Clinton,RB,,,,,,,,,,,,,
Elijhaa Penny,RB,,,,,,,,,,,,,
Pete Guerriero,RB,,,,,,,,,,,,,
Derrick Gore,RB,,,,,,,,,,,,,
Trey Potts,RB,,,,,,,,,,,,,
Brandon Ross,RB,,,,,,,,,,,,,
Sone Ntoh,RB,,,,,,,,,,,,,
Ronnie Brown,RB,,,,,,,,,,,,,
Rodney Anderson,RB,,,,,,,,,,,,,
Shermari Jones,RB,,,,,,,,,,,,,
Robert Turbin,RB,,,,,,,,,,,,,
Luke McNitt,RB,,,,,,,,,,,,,
Tayon Fleet-Davis,RB,,,,,,,,,,,,,
T.J. Logan,RB,,,,,,,,,,,,,
Kadarius Calloway,RB,,,,,,,,,,,,,
Kobe Lewis,RB,,,,,,,,,,,,,
Artavis Pierce,RB,,,,,,,,,,,,,
Israel Abanikanda,RB,DAL,,,,,,,,,,,,
Marcus Cooper,RB,,,,,,,,,,,,,
Kevorian Barnes,RB,,,,,,,,,,,,,
Dontae Strickland,RB,,,,,,,,,,,,,
Kamryn Pettway,RB,,,,,,,,,,,,,
Trent Howland,RB,,,,,,,,,,,,,
Jakob Johnson,RB,,,,,,,,,,,,,
Jordon Vaughn,RB,,,,,,,,,,,,,
Leonard Fournette,RB,,,,,,,,,,,,,
Jordan Mims,RB,,,,,,,,,,,,,
ShunDerrick Powell,RB,,,,,,,,,,,,,
Jamaal Williams,RB,,,,,,,,,,,,,
Zamir White,RB,NO,,,,,,,,,,,,
Jawhar Jordan,RB,HOU,,,,,,,,,,,,
Ty'Son Williams,RB,,,,,,,,,,,,,
Avery Williams,RB,,,,,,,,,,,,,
EJ Smith,RB,,,,,,,,,,,,,
Chris Collier,RB,LV,,,,,,,,,,,,
Desmond Reid,RB,,,,,,,,,,,,,
Jalen Jackson,RB,,,,,,,,,,,,,
Elijah Dotson,RB,,,,,,,,,,,,,
Godwin Igwebuike,RB,,,,,,,,,,,,,
Corey Clement,RB,,,,,,,,,,,,,
Miles Sanders,RB,,,,,,,,,,,,,
Isaiah Bowser,RB,,,,,,,,,,,,,
Jalin Moore,RB,,,,,,,,,,,,,
Blake Watson,RB,,,,,,,,,,,,,
Patrick Laird,RB,,,,,,,,,,,,,
Dwayne Washington,RB,,,,,,,,,,,,,
Wayne Gallman,RB,,,,,,,,,,,,,
Mekhi Sargent,RB,,,,,,,,,,,,,
Cedric O'Neal,RB,,,,,,,,,,,,,
Tyler Ervin,RB,,,,,,,,,,,,,
Josh Jacobs,RB,GB,,,,,,,,,,,,
Zach Charbonnet,RB,SEA,,,,,,,,,,,,
Corey Knox,RB,,,,,,,,,,,,,
Cullen Gillaspia,RB,,,,,,,,,,,,,
Khalid Hill,RB,,,,,,,,,,,,,
Braylon Heard,RB,,,,,,,,,,,,,
Deuce Vaughn,RB,HOU,,,,,,,,,,,,
Rodney Smith,RB,,,,,,,,,,,,,
Devonta Freeman,RB,,,,,,,,,,,,,
Tim Cook,RB,,,,,,,,,,,,,
Ulysses Bentley,RB,NO,,,,,,,,,,,,
Chandler Cox,RB,,,,,,,,,,,,,
Zach Zenner,RB,,,,,,,,,,,,,
Jaylen Wright,RB,MIA,,,,,,,,,,,,
Josh Pitsenburger,RB,,,,,,,,,,,,,
Dalvin Cook,RB,,,,,,,,,,,,,
Ahmani Marshall,RB,CAR,,,,,,,,,,,,
TJ Harden,RB,,,,,,,,,,,,,
Larry Rountree,RB,,,,,,,,,,,,,
Marlon Mack,RB,,,,,,,,,,,,,
Sam Scott,RB,,,,,,,,,,,,,
Alex Tecza,RB,,,,,,,,,,,,,
Connor Slomka,RB,,,,,,,,,,,,,
CJ Marable,RB,,,,,,,,,,,,,
DeAndre Washington,RB,,,,,,,,,,,,,
Derek Watt,RB,,,,,,,,,,,,,
Phil Mafah,RB,NYG,,,,,,,,,,,,
Zac Brooks,RB,,,,,,,,,,,,,
Napoleon Maxwell,RB,,,,,,,,,,,,,
Mikey Daniel,RB,,,,,,,,,,,,,
Noah Whittington,RB,HOU,,,,,,,,,,,,
Michael Warren,RB,DET,,,,,,,,,,,,
Joe Bacci,RB,,,,,,,,,,,,,
Damon Bankston,RB,GB,,,,,,,,,,,,
Roydell Williams,RB,,,,,,,,,,,,,
Kenneth Harper,RB,,,,,,,,,,,,,
Mason Stokke,RB,CAR,,,,,,,,,,,,
Jack Colletto,RB,,,,,,,,,,,,,
Micah Bernard,RB,,,,,,,,,,,,,
Jarvion Franklin,RB,,,,,,,,,,,,,
Pooka Williams,RB,,,,,,,,,,,,,
Jordan Howard,RB,,,,,,,,,,,,,
Anthony Jones,RB,,,,,,,,,,,,,
Chris Swain,RB,,,,,,,,,,,,,
Chase Edmonds,RB,,,,,,,,,,,,,
Caleb Huntley,RB,,,,,,,,,,,,,
Donovan Edwards,RB,,,,,,,,,,,,,
Kenny McIntosh,RB,,,,,,,,,,,,,
Nate Noel,RB,,,,,,,,,,,,,
John Lovett,RB,,,,,,,,,,,,,
Daryl Virgies,RB,,,,,,,,,,,,,
Wendell Smallwood,RB,WAS,,,,,,,,,,,,
Kenyan Drake,RB,,,,,,,,,,,,,
De'Montre Tuggle,RB,,,,,,,,,,,,,
Zach Olstad,RB,,,,,,,,,,,,,
Marcelias Sutton,RB,,,,,,,,,,,,,
Darius Anderson,RB,,,,,,,,,,,,,
Darius Hagans,RB,,,,,,,,,,,,,
Xavier Turner,RB,,,,,,,,,,,,,
Nate McCrary,RB,,,,,,,,,,,,,
Darius Jackson,RB,,,,,,,,,,,,,
John Robinson-Woodgett,RB,,,,,,,,,,,,,
Matthew Golden,WR,GB,11.17,,,,0.22,0.99,0.01,3.99,7.17,52.46,0.3,0.02
Olamide Zaccheaus,WR,ATL,3.29,,,,0.21,0.93,0.01,1.18,2.15,13.62,0.1,0.01
Christian Watson,WR,GB,15.6,,,,0.24,1.36,0.01,3.93,7.24,69.46,0.75,0.02
Bo Melton,WR,GB,0.68,,,,0.19,1.06,0.01,0.17,0.39,2.5,0.02,0.0
Drake London,WR,ATL,13.5,,,,0.06,0.22,0.0,4.67,7.9,61.99,0.43,0.02
Jahan Dotson,WR,ATL,4.04,,,,0.03,0.11,0.0,1.44,2.8,17.49,0.14,0.01
Skyy Moore,WR,GB,4.66,,,,0.35,1.92,0.01,1.65,3.02,20.08,0.13,0.01
Zachariah Branch,WR,ATL,3.45,,,,0.14,0.55,0.0,1.41,1.97,13.94,0.09,0.01
Jonathan Mingo,WR,DAL,0.44,,,,,,,0.15,0.36,2.4,0.01,
Derius Davis,WR,LAC,1.64,,,,0.12,0.64,0.0,0.67,1.06,6.49,0.04,0.01
Jalen Brooks,WR,ARI,0.69,,,,,,,0.25,0.48,3.19,0.02,0.0
Jordan Whittington,WR,LAR,3.88,,,,0.07,0.31,0.0,1.7,2.63,16.57,0.08,0.01
Ladd McConkey,WR,LAC,14.14,,,,0.1,0.48,0.0,4.97,8.17,66.99,0.4,0.02
Keon Coleman,WR,BUF,6.73,,,,0.04,0.17,0.0,2.37,3.93,32.81,0.18,0.01
Jalen Coker,WR,CAR,14.72,,,,0.08,0.35,0.0,5.19,7.2,64.46,0.5,0.02
Jack Bech,WR,LV,5.08,,,,0.06,0.22,0.0,1.86,2.95,22.38,0.16,0.01
Pat Bryant,WR,DEN,7.42,,,,0.09,0.55,0.0,2.88,4.59,33.24,0.19,0.01
Jaylin Noel,WR,HOU,6.06,,,,0.09,0.32,0.0,2.01,3.08,29.69,0.17,0.01
Josh Cameron,WR,JAX,2.32,,,,0.18,0.77,0.01,0.76,1.32,9.24,0.09,0.01
Colbie Young,WR,CIN,2.99,,,,0.05,0.2,0.0,1.26,1.7,12.4,0.08,0.01
Odell Beckham,WR,NYG,1.99,,,,,,,0.72,1.15,9.74,0.05,0.0
Davante Adams,WR,LAR,14.21,,,,,,,4.96,10.2,64.27,0.47,0.02
Tom Kennedy,WR,DET,0.54,,,,,,,0.19,0.3,2.45,0.02,0.0
Chris Olave,WR,NO,17.86,,,,0.05,0.19,0.0,5.72,8.83,79.59,0.69,0.02
Garrett Wilson,WR,NYJ,15.96,,,,0.38,1.49,0.01,5.59,9.21,68.85,0.54,0.02
John Metchie,WR,CAR,2.09,,,,0.01,0.03,0.0,0.88,1.38,8.54,0.06,0.0
DeMario Douglas,WR,NE,7.33,,,,0.35,1.37,0.01,3.0,4.39,34.08,0.12,0.02
Rashee Rice,WR,KC,12.17,,,,0.5,2.12,0.03,4.21,5.66,50.25,0.43,0.02
Michael Wilson,WR,ARI,11.97,,,,0.05,0.21,0.0,3.95,6.77,56.42,0.39,0.02
Brycen Tremayne,WR,CAR,2.11,,,,0.04,0.17,0.0,0.92,1.29,8.18,0.06,
Isaiah Williams,WR,NYJ,8.9,,,,0.24,1.5,0.01,4.08,5.32,35.5,0.18,0.02
Jacob Cowing,WR,SF,2.79,,,,0.09,0.44,0.0,0.96,1.5,12.41,0.09,0.0
Malachi Corley,WR,CLE,0.23,,,,0.13,0.96,0.0,0.04,0.06,0.45,0.0,0.0
Troy Franklin,WR,DEN,1.56,,,,0.11,0.45,0.0,0.55,0.89,6.48,0.05,0.0
Devontez Walker,WR,BAL,3.59,,,,0.07,0.36,0.0,1.0,1.64,17.71,0.13,0.0
Brian Thomas,WR,JAX,9.05,,,,0.21,1.09,0.01,3.14,5.48,44.29,0.22,0.01
Devaughn Vele,WR,NO,10.06,,,,0.06,0.23,0.0,3.83,5.5,42.6,0.32,0.02
Kameron Johnson,WR,TB,0.45,,,,0.05,0.23,0.0,0.15,0.28,1.84,0.02,0.0
Isaiah Bond,WR,CLE,2.0,,,,0.17,0.84,0.01,0.57,1.15,9.57,0.06,0.0
Chimere Dike,WR,TEN,1.88,,,,0.22,0.82,0.01,0.74,1.12,7.52,0.04,0.0
Kyle Williams,WR,NE,3.15,,,,0.05,0.2,0.0,1.08,2.07,13.77,0.11,0.0
Konata Mumpfield,WR,LAR,2.02,,,,0.06,0.24,0.0,0.82,1.97,8.07,0.06,0.0
Antonio Williams,WR,WAS,4.42,,,,0.11,0.44,0.0,1.74,2.98,19.06,0.12,0.01
Chris Bell,WR,MIA,6.12,,,,0.04,0.17,0.0,2.08,4.0,30.49,0.16,0.01
Mike Evans,WR,SF,12.6,,,,,,,3.81,6.38,55.69,0.53,0.02
Courtland Sutton,WR,DEN,10.23,,,,,,,3.38,5.93,48.07,0.34,0.01
Terry McLaurin,WR,WAS,9.78,,,,0.05,0.2,0.0,3.58,6.35,48.64,0.22,0.01
Tee Higgins,WR,CIN,13.53,,,,0.06,0.26,0.0,4.09,6.81,64.53,0.49,0.02
Michael Pittman,WR,PIT,9.39,,,,0.07,0.44,0.0,3.7,5.49,43.96,0.21,0.01
Darnell Mooney,WR,NYG,4.92,,,,0.06,0.26,0.0,1.63,3.11,26.96,0.09,0.01
Jaylen Waddle,WR,DEN,13.3,,,,0.22,1.2,0.01,4.61,7.2,63.81,0.36,0.02
Joshua Palmer,WR,BUF,2.99,,,,,,,1.07,1.87,16.03,0.05,0.01
Romeo Doubs,WR,NE,9.37,,,,,,,3.28,5.28,47.59,0.22,0.01
Khalil Shakir,WR,BUF,10.06,,,,0.14,0.58,0.0,4.23,5.91,48.24,0.16,0.02
Josh Downs,WR,IND,11.18,,,,0.11,0.32,0.0,4.36,6.94,51.41,0.27,0.02
Jordan Addison,WR,MIN,9.18,,,,0.3,2.59,0.02,2.92,5.21,42.12,0.28,0.01
Xavier Hutchinson,WR,HOU,7.83,,,,0.07,0.37,0.0,2.8,5.24,41.34,0.14,0.01
Jared Wayne,WR,HOU,3.66,,,,0.06,0.23,0.0,1.41,2.16,16.59,0.09,
Xavier Smith,WR,LAR,1.65,,,,0.09,0.43,0.0,0.58,0.99,8.35,0.03,0.0
Xavier Worthy,WR,KC,10.41,,,,1.17,6.6,0.07,3.22,5.5,42.05,0.32,0.02
Marvin Harrison,WR,ARI,7.6,,,,,,,2.48,5.24,37.98,0.22,0.01
Tez Johnson,WR,TB,1.97,,,,0.12,0.37,0.0,0.63,1.22,8.86,0.07,0.0
Tai Felton,WR,MIN,1.86,,,,0.04,0.17,0.0,0.82,0.95,7.23,0.05,0.0
Elic Ayomanor,WR,TEN,4.41,,,,,,,1.43,3.04,21.73,0.13,0.01
Tre' Harris,WR,LAC,7.35,,,,0.12,0.6,0.0,2.85,4.92,36.11,0.13,0.01
Efton Chism,WR,NE,1.26,,,,,,,0.45,0.64,5.96,0.04,0.0
Jordan Watkins,WR,SF,1.5,,,,,,,0.58,0.84,6.5,0.05,
LaJohntay Wester,WR,BAL,2.39,,,,0.05,0.25,0.0,0.79,1.21,11.43,0.07,0.01
Malachi Fields,WR,NYG,6.21,,,,0.06,0.26,0.0,2.14,3.7,31.03,0.15,0.01
Deion Burks,WR,IND,0.63,,,,,,,0.26,0.42,2.75,0.02,0.0
Brandin Cooks,WR,SF,1.57,,,,,,,0.51,0.9,7.59,0.05,0.0
Chris Moore,WR,BAL,3.33,,,,,,,1.02,1.79,18.16,0.08,0.0
Chris Godwin,WR,TB,9.47,,,,0.32,1.47,0.01,3.6,5.11,40.93,0.26,0.02
Cooper Kupp,WR,SEA,7.27,,,,0.07,0.38,0.0,2.41,3.72,35.08,0.22,0.01
Jakobi Meyers,WR,JAX,8.4,,,,0.27,1.24,0.01,3.35,4.95,38.13,0.18,0.01
Cody White,WR,LV,1.22,,,,,,,0.39,0.65,5.2,0.05,0.0
Dyami Brown,WR,WAS,2.0,,,,0.07,0.28,0.0,0.87,1.69,8.9,0.04,0.01
Jameson Williams,WR,DET,12.75,,,,0.61,3.34,0.02,3.69,6.21,62.45,0.39,0.02
Luke McCaffrey,WR,WAS,,,,,,,,,,,,
Tory Horton,WR,SEA,3.58,,,,0.06,0.31,0.0,1.11,1.83,15.76,0.14,0.0
Travis Hunter,WR,JAX,1.57,,,,0.14,0.55,0.0,0.58,0.99,6.53,0.04,0.0
Myles Price,WR,MIN,0.11,,,,,,,0.04,0.06,0.47,0.0,
Carnell Tate,WR,TEN,9.05,,,,0.1,0.49,0.0,3.61,6.28,42.67,0.18,0.01
KC Concepcion,WR,CLE,9.52,,,,0.73,3.33,0.03,3.68,5.23,38.6,0.24,0.02
Kevin Coleman,WR,MIA,5.01,,,,,,,1.82,3.43,24.08,0.13,0.01
Bryce Lance,WR,NO,4.32,,,,,,,1.65,2.65,18.61,0.14,0.01
Kaden Wetjen,WR,PIT,0.14,,,,0.05,0.25,0.0,0.04,0.07,0.51,0.0,
Malik McClain,WR,NYJ,1.13,,,,,,,0.4,0.64,4.97,0.04,
Stefon Diggs,WR,WAS,9.19,,,,,,,3.65,5.5,40.5,0.25,0.01
Laquon Treadwell,WR,IND,4.17,,,,,,,1.19,3.26,22.96,0.11,
Kendrick Bourne,WR,ARI,5.58,,,,,,,2.24,3.23,26.33,0.12,0.01
Calvin Ridley,WR,TEN,5.16,,,,0.05,0.23,0.0,1.76,3.24,26.06,0.13,0.01
DJ Moore,WR,BUF,12.37,,,,0.41,2.18,0.02,3.57,6.39,55.61,0.48,0.02
KhaDarel Hodge,WR,SF,0.95,,,,,,,0.29,0.63,5.04,0.03,
DK Metcalf,WR,PIT,11.18,,,,0.19,0.99,0.01,3.56,6.79,55.51,0.32,0.02
Deebo Samuel,WR,SF,11.35,,,,1.03,5.82,0.06,3.78,5.41,48.18,0.3,0.02
Devin Duvernay,WR,ARI,0.2,,,,0.04,0.18,0.0,0.08,0.12,0.73,0.0,0.0
Amon-Ra St. Brown,WR,DET,19.73,,,,0.28,1.62,0.01,6.6,9.5,83.77,0.75,0.03
Wan'Dale Robinson,WR,TEN,8.81,,,,0.23,1.27,0.01,3.76,5.81,39.87,0.15,0.01
George Pickens,WR,DAL,14.9,,,,0.05,0.21,0.0,5.05,7.66,77.9,0.34,0.02
Dareke Young,WR,LV,0.47,,,,,,,0.17,0.3,2.16,0.01,0.0
Tre Tucker,WR,LV,8.89,,,,0.49,2.1,0.01,3.05,5.44,41.06,0.24,0.01
Nikko Remigio,WR,KC,0.17,,,,0.03,0.16,0.0,0.05,0.08,0.71,0.01,0.0
Jalen McMillan,WR,TB,2.21,,,,0.06,0.26,0.0,0.75,1.22,10.24,0.07,0.0
Roman Wilson,WR,PIT,5.65,,,,0.1,0.49,0.0,2.14,3.65,25.1,0.16,0.01
Jalen Royals,WR,KC,1.83,,,,0.05,0.22,0.0,0.6,0.98,7.36,0.08,0.0
Emeka Egbuka,WR,TB,9.7,,,,0.27,1.0,0.01,3.24,6.6,46.61,0.28,0.01
Jaylin Lane,WR,WAS,0.55,,,,0.22,0.81,0.0,0.18,0.34,1.88,0.01,0.0
Dohnte Meyers,WR,CIN,2.85,,,,0.15,0.6,0.0,1.03,1.63,12.49,0.08,
Malik Benson,WR,LV,0.99,,,,,,,0.41,0.65,4.13,0.03,0.0
Mack Hollins,WR,NE,8.5,,,,0.05,0.21,0.0,3.43,5.26,40.43,0.17,0.01
Marquez Valdes-Scantling,WR,LAC,1.34,,,,,,,0.46,1.09,6.47,0.04,0.0
CeeDee Lamb,WR,DAL,17.39,,,,0.4,2.02,0.02,6.05,9.05,84.52,0.43,0.03
Justin Jefferson,WR,MIN,16.67,,,,0.14,0.48,0.01,5.77,8.69,78.05,0.5,0.02
Ja'Marr Chase,WR,CIN,16.76,,,,0.28,1.03,0.01,5.79,8.68,74.35,0.56,0.02
Rashod Bateman,WR,BAL,10.92,,,,0.06,0.3,0.0,3.46,5.8,52.72,0.35,0.01
Tylan Wallace,WR,CLE,0.75,,,,,,,0.28,0.44,3.31,0.02,0.0
Jalen Tolbert,WR,MIA,3.46,,,,,,,1.26,2.29,16.48,0.09,0.0
Quentin Johnston,WR,LAC,9.07,,,,0.17,0.79,0.01,2.85,5.67,43.85,0.28,0.01
Zay Flowers,WR,BAL,14.07,,,,0.2,1.28,0.01,4.22,5.62,69.76,0.44,0.02
Malik Washington,WR,MIA,10.13,,,,0.97,4.78,0.05,3.91,6.0,40.7,0.23,0.02
Malik Nabers,WR,NYG,13.72,,,,0.17,0.61,0.01,4.81,8.28,69.14,0.32,0.02
Ryan Flournoy,WR,DAL,7.78,,,,0.18,0.81,0.01,3.01,4.27,35.26,0.19,0.01
Tetairoa McMillan,WR,CAR,14.23,,,,0.08,0.35,0.0,4.66,8.84,72.73,0.37,0.02
Isaac TeSlaa,WR,DET,4.48,,,,0.05,0.26,0.0,1.36,2.43,20.16,0.18,0.01
Germie Bernard,WR,PIT,4.26,,,,0.17,0.95,0.01,1.46,2.64,19.48,0.12,0.01
Ted Hurst,WR,TB,5.51,,,,0.08,0.35,0.0,1.88,3.94,27.15,0.14,0.01
Denzel Boston,WR,CLE,10.08,,,,0.14,0.65,0.01,3.28,5.24,45.68,0.35,0.01
Cyrus Allen,WR,KC,0.67,,,,,,,0.23,0.37,2.99,0.02,0.0
Keenan Allen,WR,IND,7.7,,,,,,,3.37,5.19,34.68,0.15,0.01
Sterling Shepard,WR,NYJ,4.43,,,,,,,1.86,2.74,19.52,0.1,
Jerry Jeudy,WR,CLE,6.1,,,,0.07,0.34,0.0,2.44,4.24,29.21,0.12,0.01
Jauan Jennings,WR,MIN,6.93,,,,,,,2.17,3.46,28.1,0.32,0.01
Ben Skowronek,WR,PIT,0.22,,,,,,,0.09,0.13,0.98,0.01,
Treylon Burks,WR,WAS,0.4,,,,0.23,0.87,0.0,0.12,0.28,1.32,0.0,0.0
Jalen Nailor,WR,LV,6.67,,,,0.25,0.85,0.01,2.2,3.92,29.98,0.22,0.01
Tyquan Thornton,WR,KC,6.81,,,,,,,2.15,3.46,33.42,0.22,0.01
Tay Martin,WR,DET,0.8,,,,,,,0.28,0.43,3.56,0.03,0.0
Rashid Shaheed,WR,SEA,8.44,,,,0.7,4.65,0.02,2.55,4.27,38.98,0.23,0.01
KaVontae Turpin,WR,DAL,2.94,,,,0.9,4.54,0.03,0.79,1.23,11.45,0.06,0.01
Parker Washington,WR,JAX,15.25,,,,0.49,1.37,0.01,4.99,7.74,73.87,0.44,0.02
Jaxon Smith-Njigba,WR,SEA,21.92,,,,0.43,2.16,0.01,6.69,9.3,103.73,0.76,0.03
Kayshon Boutte,WR,HOU,8.83,,,,,,,2.88,4.93,45.68,0.23,0.01
Zavion Thomas,WR,CHI,0.25,,,,0.12,0.48,0.0,0.07,0.12,0.81,0.0,0.0
DeVonta Smith,WR,PHI,15.23,,,,0.05,0.22,0.0,5.23,7.97,77.02,0.38,0.02
Makai Lemon,WR,PHI,5.98,,,,0.26,1.12,0.01,2.65,3.56,23.56,0.14,0.01
Rome Odunze,WR,CHI,8.9,,,,0.06,0.22,0.0,3.05,5.69,46.81,0.19,0.01
Luther Burden,WR,CHI,10.31,,,,0.65,2.84,0.01,3.81,5.25,52.55,0.15,0.02
Kalif Raymond,WR,CHI,7.11,,,,0.19,0.93,0.0,2.77,3.64,32.7,0.16,0.01
Dontayvion Wicks,WR,PHI,9.35,,,,0.03,0.16,0.0,3.21,5.02,45.38,0.26,0.01
Jahdae Walker,WR,CHI,1.96,,,,,,,0.58,1.05,7.71,0.1,0.0
Darius Cooper,WR,PHI,2.45,,,,,,,0.98,1.38,10.96,0.06,0.0
Elijah Moore,WR,PHI,0.26,,,,0.08,0.32,0.0,0.08,0.14,0.99,0.0,
Britain Covey,WR,PHI,0.09,,,,,,,0.04,0.06,0.41,0.0,0.0
DeAndrew White,WR,,,,,,,,,,,,,
Ricky Jeune,WR,,,,,,,,,,,,,
Jerome Kapp,WR,,,,,,,,,,,,,
Jakeem Grant,WR,,,,,,,,,,,,,
Jaron Brown,WR,,,,,,,,,,,,,
Michael Gallup,WR,,,,,,,,,,,,,
De'Anthony Thomas,WR,,,,,,,,,,,,,
Tyren Montgomery,WR,TEN,,,,,,,,,,,,
Miles Boykin,WR,,,,,,,,,,,,,
Dorian Singer,WR,,,,,,,,,,,,,
Dante Pettis,WR,SF,,,,,,,,,,,,
Rashard Davis,WR,,,,,,,,,,,,,
Drew Morgan,WR,,,,,,,,,,,,,
John Ross,WR,,,,,,,,,,,,,
Johnny King,WR,,,,,,,,,,,,,
Tevin Jones,WR,,,,,,,,,,,,,
David Watford,WR,,,,,,,,,,,,,
Evan Berry,WR,,,,,,,,,,,,,
Taylor Grimes,WR,,,,,,,,,,,,,
Ty James,WR,,,,,,,,,,,,,
DeAngelo Hardy,WR,,,,,,,,,,,,,
Jequez Ezzard,WR,,,,,,,,,,,,,
Albert Wilson,WR,,,,,,,,,,,,,
Jacolby George,WR,,,,,,,,,,,,,
Ife Adeyi,WR,,,,,,,,,,,,,
Sean Modster,WR,,,,,,,,,,,,,
Cole Beck,WR,,,,,,,,,,,,,
Michael Strachan,WR,,,,,,,,,,,,,
Julian Fleming,WR,,,,,,,,,,,,,
Robbie Chosen,WR,,,,,,,,,,,,,
Marvin Bracy,WR,,,,,,,,,,,,,
Josh Kelly,WR,HOU,,,,,,,,,,,,
T.J. Vasher,WR,,,,,,,,,,,,,
Mark Chapman,WR,,,,,,,,,,,,,
Ke'Shawn Williams,WR,CIN,,,,,,,,,,,,
Alexander Hollins,WR,,,,,,,,,,,,,
Brian Brown,WR,,,,,,,,,,,,,
Keke Coutee,WR,,,,,,,,,,,,,
Mathew Sexton,WR,,,,,,,,,,,,,
Donaven McCulley,WR,,,,,,,,,,,,,
Caleb Chapman,WR,,,,,,,,,,,,,
Josh Ali,WR,,,,,,,,,,,,,
Stephon Robinson,WR,,,,,,,,,,,,,
Blayne Taylor,WR,,,,,,,,,,,,,
Mac Dalena,WR,,,,,,,,,,,,,
Devin Gardner,WR,,,,,,,,,,,,,
Tyler Simmons,WR,,,,,,,,,,,,,
Dorren Miller,WR,,,,,,,,,,,,,
Chris King,WR,,,,,,,,,,,,,
Johnny Wilson,WR,PHI,,,,,,,,,,,,
De'Quan Hampton,WR,,,,,,,,,,,,,
Chad Williams,WR,,,,,,,,,,,,,
Isaac Zico,WR,,,,,,,,,,,,,
Corey Rucker,WR,LV,,,,,,,,,,,,
O'Mega Blake,WR,,,,,,,,,,,,,
Jamaal Pritchett,WR,NYJ,,,,,,,,,,,,
Thomas Sperbeck,WR,,,,,,,,,,,,,
Anthony Nash,WR,,,,,,,,,,,,,
Isaiah Wright,WR,,,,,,,,,,,,,
Tyler Kahmann,WR,,,,,,,,,,,,,
Brevin Easton,WR,,,,,,,,,,,,,
Blake Proehl,WR,,,,,,,,,,,,,
Jamaal Jones,WR,,,,,,,,,,,,,
James Washington,WR,,,,,,,,,,,,,
Hamze El-Zayat,WR,,,,,,,,,,,,,
Travis Toivonen,WR,,,,,,,,,,,,,
Darrius Shepherd,WR,,,,,,,,,,,,,
Ahmarean Brown,WR,,,,,,,,,,,,,
Charlie Jones,WR,NYG,,,,,,,,,,,,
Jayden Reed,WR,GB,,,,,,,,,,,,
Seth Williams,WR,,,,,,,,,,,,,
Michael Johnson,WR,,,,,,,,,,,,,
Corbin Louks,WR,,,,,,,,,,,,,
Jason Brownlee,WR,,,,,,,,,,,,,
JoJo Natson,WR,,,,,,,,,,,,,
Ja'Corey Brooks,WR,,,,,,,,,,,,,
Pharoh Cooper,WR,,,,,,,,,,,,,
Daikiel Shorts,WR,,,,,,,,,,,,,
Kadarius Toney,WR,,,,,,,,,,,,,
Quez Watkins,WR,IND,,,,,,,,,,,,
Jaden Smith,WR,,,,,,,,,,,,,
Adrian Coxson,WR,,,,,,,,,,,,,
CJ Williams,WR,JAX,,,,,,,,,,,,
Willie Snead,WR,,,,,,,,,,,,,
C.J. Germany,WR,,,,,,,,,,,,,
CJ Daniels,WR,LAR,,,,,,,,,,,,
E.J. Williams,WR,,,,,,,,,,,,,
Dontez Byrd,WR,,,,,,,,,,,,,
Tre'Quan Smith,WR,,,,,,,,,,,,,
Gary Jennings,WR,LAC,,,,,,,,,,,,
Jamari Staples,WR,,,,,,,,,,,,,
Jerand Bradley,WR,,,,,,,,,,,,,
Trinity Benson,WR,,,,,,,,,,,,,
Gavin Holmes,WR,,,,,,,,,,,,,
Trevon Clark,WR,,,,,,,,,,,,,
Thyrick Pitts,WR,,,,,,,,,,,,,
Steven Sims,WR,,,,,,,,,,,,,
Dai'Jean Dixon,WR,,,,,,,,,,,,,
Tyjon Lindsey,WR,,,,,,,,,,,,,
Trevion Thompson,WR,,,,,,,,,,,,,
Gabe Marks,WR,,,,,,,,,,,,,
Landon Parker,WR,,,,,,,,,,,,,
David Durden,WR,,,,,,,,,,,,,
Noah Thomas,WR,CIN,,,,,,,,,,,,
Jalen Hurd,WR,,,,,,,,,,,,,
Brenen Thompson,WR,LAC,,,,,,,,,,,,
Gabriel Benyard,WR,,,,,,,,,,,,,
Steven Mitchell,WR,,,,,,,,,,,,,
Malik Earl,WR,,,,,,,,,,,,,
Jaelon Darden,WR,,,,,,,,,,,,,
Dakereon Joyner,WR,,,,,,,,,,,,,
Peter LeBlanc,WR,,,,,,,,,,,,,
Deontay Burnett,WR,,,,,,,,,,,,,
Marken Michel,WR,,,,,,,,,,,,,
Shelton Gibson,WR,,,,,,,,,,,,,
Harvey Binford,WR,,,,,,,,,,,,,
Gio Pascascio,WR,,,,,,,,,,,,,
J.J. Jones,WR,,,,,,,,,,,,,
Rondale Moore,WR,,,,,,,,,,,,,
Jalen Moss,WR,,,,,,,,,,,,,
Elijah Sarratt,WR,BAL,,,,,,,,,,,,
Kahlil Lewis,WR,,,,,,,,,,,,,
RJ Mobley,WR,,,,,,,,,,,,,
Caullin Lacy,WR,,,,,,,,,,,,,
Omari Evans,WR,KC,,,,,,,,,,,,
Adonis Jennings,WR,,,,,,,,,,,,,
Diontae Spencer,WR,,,,,,,,,,,,,
Damien Alford,WR,,,,,,,,,,,,,
Tyler Snead,WR,,,,,,,,,,,,,
Robert Lewis,WR,,,,,,,,,,,,,
Isaiah Zuber,WR,,,,,,,,,,,,,
Ricky White,WR,SEA,,,,,,,,,,,,
Casey Washington,WR,CAR,,,,,,,,,,,,
Felton Davis,WR,,,,,,,,,,,,,
Ishmael Zamora,WR,,,,,,,,,,,,,
Brandon Hayes,WR,,,,,,,,,,,,,
Alshon Jeffery,WR,,,,,,,,,,,,,
Micah Wright,WR,,,,,,,,,,,,,
Keon Hatcher,WR,,,,,,,,,,,,,
Davion Davis,WR,,,,,,,,,,,,,
Brandon Shippen,WR,,,,,,,,,,,,,
Cameron Batson,WR,,,,,,,,,,,,,
Johnnie Dixon,WR,,,,,,,,,,,,,
Tyrell Williams,WR,,,,,,,,,,,,,
Elijhah Badger,WR,,,,,,,,,,,,,
Mohamed Sanu,WR,,,,,,,,,,,,,
Xavier Loyd,WR,,,,,,,,,,,,,
DeAngelo Yancey,WR,,,,,,,,,,,,,
Tyler Boyd,WR,,,,,,,,,,,,,
Keelan Marion,WR,,,,,,,,,,,,,
Jeremiah Haydel,WR,,,,,,,,,,,,,
Justin Marshall,WR,,,,,,,,,,,,,
Braxton Berrios,WR,NYG,,,,,,,,,,,,
Latreal Jones,WR,,,,,,,,,,,,,
Jerreth Sterns,WR,,,,,,,,,,,,,
Kearis Jackson,WR,,,,,,,,,,,,,
Ka'Raun White,WR,,,,,,,,,,,,,
Cade Johnson,WR,,,,,,,,,,,,,
Redd Douglas,WR,,,,,,,,,,,,,
Nick Westbrook-Ikhine,WR,IND,,,,,,,,,,,,
Sincere Brown,WR,,,,,,,,,,,,,
Sam Pinckney,WR,,,,,,,,,,,,,
Lucky Jackson,WR,DET,,,,,,,,,,,,
Des Lawrence,WR,,,,,,,,,,,,,
Devin Gray,WR,,,,,,,,,,,,,
Richie James,WR,,,,,,,,,,,,,
Jamoi Mayes,WR,,,,,,,,,,,,,
Anthony Miller,WR,,,,,,,,,,,,,
DaMarkus Lodge,WR,,,,,,,,,,,,,
Simi Fehoko,WR,ARI,,,,,,,,,,,,
Chandler Brayboy,WR,NE,,,,,,,,,,,,
K.J. Osborn,WR,TEN,,,,,,,,,,,,
Josh Imatorbhebhe,WR,,,,,,,,,,,,,
Montrell Washington,WR,,,,,,,,,,,,,
Xavier Weaver,WR,,,,,,,,,,,,,
Collin Johnson,WR,,,,,,,,,,,,,
Bennie Fowler,WR,,,,,,,,,,,,,
Anthony Schwartz,WR,,,,,,,,,,,,,
Derel Walker,WR,,,,,,,,,,,,,
Josh Harper,WR,,,,,,,,,,,,,
Stephen Louis,WR,,,,,,,,,,,,,
DeVonte Dedmon,WR,,,,,,,,,,,,,
Allen Lazard,WR,,,,,,,,,,,,,
Calvin Jackson,WR,,,,,,,,,,,,,
Marcus Kemp,WR,,,,,,,,,,,,,
Devon Cajuste,WR,,,,,,,,,,,,,
Isaiah Winstead,WR,,,,,,,,,,,,,
Le'Meke Brockington,WR,,,,,,,,,,,,,
Kermit Whitfield,WR,,,,,,,,,,,,,
Colton Dowell,WR,,,,,,,,,,,,,
Marcus Green,WR,,,,,,,,,,,,,
Jonathan Duhart,WR,,,,,,,,,,,,,
Curtis Samuel,WR,,,,,,,,,,,,,
Joe Horn,WR,,,,,,,,,,,,,
Deontez Alexander,WR,,,,,,,,,,,,,
DeMeer Blankumsee,WR,,,,,,,,,,,,,
Daniel George,WR,,,,,,,,,,,,,
Corey Willis,WR,,,,,,,,,,,,,
Malik Williams,WR,,,,,,,,,,,,,
Jimmy Holiday,WR,KC,,,,,,,,,,,,
Kole Wilson,WR,,,,,,,,,,,,,
Jake Bobo,WR,SEA,,,,,,,,,,,,
Demarcus Robinson,WR,SF,,,,,,,,,,,,
Tanner Gentry,WR,,,,,,,,,,,,,
Cody Thompson,WR,,,,,,,,,,,,,
Keytaon Thompson,WR,,,,,,,,,,,,,
Marcus Riley,WR,,,,,,,,,,,,,
Brady Boyd,WR,,,,,,,,,,,,,
Alex Bullock,WR,,,,,,,,,,,,,
Jordan Veasy,WR,,,,,,,,,,,,,
Calvin Austin,WR,NYG,,,,,,,,,,,,
Austin Trammell,WR,JAX,,,,,,,,,,,,
John Jackson,WR,,,,,,,,,,,,,
Jermaine Jackson,WR,,,,,,,,,,,,,
Dontay Demus,WR,,,,,,,,,,,,,
Denzel Mims,WR,,,,,,,,,,,,,
Jahmal Banks,WR,,,,,,,,,,,,,
Kelvin Harmon,WR,,,,,,,,,,,,,
Malik Turner,WR,SF,,,,,,,,,,,,
Andre Patton,WR,,,,,,,,,,,,,
Kenny Stills,WR,,,,,,,,,,,,,
Cyrus Holder,WR,,,,,,,,,,,,,
Maurice Alexander,WR,,,,,,,,,,,,,
Joseph Parker,WR,,,,,,,,,,,,,
Jamari Thrash,WR,,,,,,,,,,,,,
Jontre Kirklin,WR,,,,,,,,,,,,,
Marcus Simms,WR,,,,,,,,,,,,,
Brian Burt,WR,,,,,,,,,,,,,
Alex Erickson,WR,,,,,,,,,,,,,
Luke Floriea,WR,,,,,,,,,,,,,
Cameron Ross,WR,DEN,,,,,,,,,,,,
Alex Bachman,WR,LAR,,,,,,,,,,,,
Tony Brown,WR,,,,,,,,,,,,,
Sam Schnee,WR,,,,,,,,,,,,,
Jared Murphy,WR,,,,,,,,,,,,,
Derrick Willies,WR,,,,,,,,,,,,,
Jason Moore,WR,,,,,,,,,,,,,
Liam Clifford,WR,,,,,,,,,,,,,
Bryan Thompson,WR,,,,,,,,,,,,,
Marquise Goodwin,WR,,,,,,,,,,,,,
Lujuan Winningham,WR,,,,,,,,,,,,,
Montorie Foster,WR,SEA,,,,,,,,,,,,
Devonte Ross,WR,,,,,,,,,,,,,
Osirus Mitchell,WR,,,,,,,,,,,,,
Dalevon Campbell,WR,,,,,,,,,,,,,
Canaan Severin,WR,,,,,,,,,,,,,
Terry Wright,WR,,,,,,,,,,,,,
Cody Hollister,WR,,,,,,,,,,,,,
Charleston Rambo,WR,,,,,,,,,,,,,
Marcus Burke,WR,,,,,,,,,,,,,
Adam Humphries,WR,,,,,,,,,,,,,
Ben Patterson,WR,,,,,,,,,,,,,
Dezmon Patmon,WR,,,,,,,,,,,,,
Emmanuel Butler,WR,,,,,,,,,,,,,
David Porter,WR,,,,,,,,,,,,,
Devonte Boyd,WR,,,,,,,,,,,,,
Jazz Ferguson,WR,,,,,,,,,,,,,
Uzoma Nwachukwu,WR,,,,,,,,,,,,,
Randall Cobb,WR,,,,,,,,,,,,,
K.D. Cannon,WR,,,,,,,,,,,,,
Kelly Akharaiyi,WR,,,,,,,,,,,,,
Malachi Jones,WR,,,,,,,,,,,,,
Darren Carrington,WR,,,,,,,,,,,,,
Cam Sims,WR,,,,,,,,,,,,,
Ezell Ruffin,WR,,,,,,,,,,,,,
Dom Williams,WR,,,,,,,,,,,,,
Caleb Scott,WR,TEN,,,,,,,,,,,,
Golden Tate,WR,,,,,,,,,,,,,
Preston Fox,WR,,,,,,,,,,,,,
Jon'Vea Johnson,WR,,,,,,,,,,,,,
A.J. Richardson,WR,,,,,,,,,,,,,
DeMichael Harris,WR,,,,,,,,,,,,,
Ed Lee,WR,,,,,,,,,,,,,
Tommy Mellott,WR,,,,,,,,,,,,,
Titus Davis,WR,,,,,,,,,,,,,
Jerjuan Newton,WR,,,,,,,,,,,,,
Jadakis Bonds,WR,,,,,,,,,,,,,
Dontae Fleming,WR,NYG,,,,,,,,,,,,
Nigel King,WR,,,,,,,,,,,,,
Taysir Mack,WR,,,,,,,,,,,,,
J.J. Nelson,WR,,,,,,,,,,,,,
Dean Patterson,WR,TB,,,,,,,,,,,,
Duke Williams,WR,,,,,,,,,,,,,
Johnathan Lloyd,WR,,,,,,,,,,,,,
Ethan Fernea,WR,,,,,,,,,,,,,
Zay Malone,WR,,,,,,,,,,,,,
Anthony Kelly,WR,,,,,,,,,,,,,
A.J. Green,WR,,,,,,,,,,,,,
Ontaria Wilson,WR,,,,,,,,,,,,,
C.J. Saunders,WR,,,,,,,,,,,,,
Terry Godwin,WR,,,,,,,,,,,,,
Aron Cruickshank,WR,,,,,,,,,,,,,
Bell Braylon,WR,,,,,,,,,,,,,
Jordan Moore,WR,CIN,,,,,,,,,,,,
Michael Dereus,WR,,,,,,,,,,,,,
Juwan Green,WR,,,,,,,,,,,,,
Devin Smith,WR,,,,,,,,,,,,,
Ricky Pearsall,WR,SF,,,,,,,,,,,,
Nico Collins,WR,HOU,,,,,,,,,,,,
Anthony Smith,WR,DAL,,,,,,,,,,,,
Henry Litwin,WR,,,,,,,,,,,,,
Ronnie Bell,WR,,,,,,,,,,,,,
Damon Sheehy-Guiseppi,WR,,,,,,,,,,,,,
Kenny Golladay,WR,,,,,,,,,,,,,
Daewood Davis,WR,,,,,,,,,,,,,
Bryan Edwards,WR,,,,,,,,,,,,,
Quincy Skinner,WR,GB,,,,,,,,,,,,
Matt Landers,WR,,,,,,,,,,,,,
Aleva Hifo,WR,,,,,,,,,,,,,
John Ursua,WR,,,,,,,,,,,,,
Vernon Johnson,WR,,,,,,,,,,,,,
Caleb Douglas,WR,MIA,,,,,,,,,,,,
Braxton Westfield,WR,,,,,,,,,,,,,
Mason Tipton,WR,NO,,,,,,,,,,,,
Ahmad Wagner,WR,,,,,,,,,,,,,
Vyncint Smith,WR,,,,,,,,,,,,,
Eric Rogers,WR,,,,,,,,,,,,,
Jarred Haggins,WR,,,,,,,,,,,,,
Jose Barbon,WR,,,,,,,,,,,,,
KeeSean Johnson,WR,,,,,,,,,,,,,
Tyshaun James,WR,,,,,,,,,,,,,
Daniel Jackson,WR,,,,,,,,,,,,,
Tre Turner,WR,,,,,,,,,,,,,
Jordan Hudson,WR,DAL,,,,,,,,,,,,
Drew Estrada,WR,,,,,,,,,,,,,
Marvelle Ross,WR,,,,,,,,,,,,,
Chris Blair,WR,ATL,,,,,,,,,,,,
Penny Hart,WR,,,,,,,,,,,,,
Matt Cole,WR,,,,,,,,,,,,,
Kristian Wilkerson,WR,,,,,,,,,,,,,
Devon Williams,WR,,,,,,,,,,,,,
Shaquelle Evans,WR,,,,,,,,,,,,,
Nick Williams,WR,DEN,,,,,,,,,,,,
Marcus Tucker,WR,,,,,,,,,,,,,
Brandon Lewis,WR,,,,,,,,,,,,,
Elijah Cooks,WR,,,,,,,,,,,,,
J.J. Koski,WR,,,,,,,,,,,,,
Lil'Jordan Humphrey,WR,DEN,,,,,,,,,,,,
Travell Harris,WR,,,,,,,,,,,,,
Marcus Sanders,WR,,,,,,,,,,,,,
Terique Owens,WR,,,,,,,,,,,,,
Nyqwan Murray,WR,,,,,,,,,,,,,
Johnny Holton,WR,,,,,,,,,,,,,
Garrett Johnson,WR,,,,,,,,,,,,,
Thomas Ives,WR,CHI,,,,,,,,,,,,
JuJu Smith-Schuster,WR,,,,,,,,,,,,,
Russell Gage,WR,,,,,,,,,,,,,
Michael Walker,WR,,,,,,,,,,,,,
Tyreek Hill,WR,,,,,,,,,,,,,
Tim Jones,WR,JAX,,,,,,,,,,,,
Isaiah Neyor,WR,GB,,,,,,,,,,,,
Wayne Ruby,WR,,,,,,,,,,,,,
David White,WR,,,,,,,,,,,,,
Raphael Leonard,WR,,,,,,,,,,,,,
Cephus Johnson,WR,,,,,,,,,,,,,
Tutu Atwell,WR,LAR,,,,,,,,,,,,
Paul Browning,WR,,,,,,,,,,,,,
Tyler Adams,WR,,,,,,,,,,,,,
Josh Smith,WR,,,,,,,,,,,,,
Jimmy Horn,WR,CLE,,,,,,,,,,,,
William Fuller,WR,,,,,,,,,,,,,
Shae Wyatt,WR,,,,,,,,,,,,,
Trey Griffey,WR,,,,,,,,,,,,,
Ja'Marcus Bradley,WR,,,,,,,,,,,,,
Kenny Lawler,WR,,,,,,,,,,,,,
Mikah Holder,WR,,,,,,,,,,,,,
Russell Shepard,WR,,,,,,,,,,,,,
Marcus Peterson,WR,,,,,,,,,,,,,
T.J. Simmons,WR,,,,,,,,,,,,,
Jared Bernhardt,WR,,,,,,,,,,,,,
Savion Williams,WR,GB,,,,,,,,,,,,
Aaron Lacombe,WR,,,,,,,,,,,,,
Anthony Johnson,WR,,,,,,,,,,,,,
Bryce Oliver,WR,,,,,,,,,,,,,
Frank Darby,WR,,,,,,,,,,,,,
Lynn Bowden,WR,,,,,,,,,,,,,
Marcus Johnson,WR,,,,,,,,,,,,,
Josh Doctson,WR,,,,,,,,,,,,,
Deven Thompkins,WR,LV,,,,,,,,,,,,
Malachi Carter,WR,,,,,,,,,,,,,
Jalen Guyton,WR,,,,,,,,,,,,,
Dayton Wade,WR,,,,,,,,,,,,,
Darece Roberson,WR,,,,,,,,,,,,,
Irv Charles,WR,SEA,,,,,,,,,,,,
Phil Lutz,WR,,,,,,,,,,,,,
Floyd Allen,WR,,,,,,,,,,,,,
Jacob Harris,WR,,,,,,,,,,,,,
Tim Patrick,WR,NYJ,,,,,,,,,,,,
Joseph Ngata,WR,,,,,,,,,,,,,
Treveyon Pratt,WR,,,,,,,,,,,,,
Marquez Clark,WR,,,,,,,,,,,,,
Mekhi Mews,WR,,,,,,,,,,,,,
Keilahn Harris,WR,,,,,,,,,,,,,
Eli Pancol,WR,IND,,,,,,,,,,,,
Carlos Henderson,WR,,,,,,,,,,,,,
Jamison Crowder,WR,,,,,,,,,,,,,
Daniel Williams,WR,,,,,,,,,,,,,
Sean Ryan,WR,,,,,,,,,,,,,
Seth Dawkins,WR,,,,,,,,,,,,,
Dez Stewart,WR,,,,,,,,,,,,,
Jake Wieneke,WR,,,,,,,,,,,,,
DeAndre Carter,WR,,,,,,,,,,,,,
Puka Nacua,WR,LAR,,,,,,,,,,,,
Devin Carter,WR,,,,,,,,,,,,,
Andrei Iosivas,WR,CIN,,,,,,,,,,,,
Robert Davis,WR,,,,,,,,,,,,,
Kalil Pimpleton,WR,,,,,,,,,,,,,
Shay Fields,WR,,,,,,,,,,,,,
Jaylon Moore,WR,,,,,,,,,,,,,
Jelani Baker,WR,,,,,,,,,,,,,
Damiere Byrd,WR,,,,,,,,,,,,,
Josh Reynolds,WR,,,,,,,,,,,,,
Dez Fitzpatrick,WR,,,,,,,,,,,,,
De'Zhaun Stribling,WR,SF,,,,,,,,,,,,
Ricky Collins,WR,,,,,,,,,,,,,
Darvin Kidsy,WR,,,,,,,,,,,,,
Rashard Higgins,WR,,,,,,,,,,,,,
Cam Camper,WR,,,,,,,,,,,,,
Kawaan Baker,WR,,,,,,,,,,,,,
A.J. Brown,WR,NE,,,,,,,,,,,,
Gunner Olszewski,WR,NYG,,,,,,,,,,,,
Colby Pearson,WR,,,,,,,,,,,,,
Geremy Davis,WR,,,,,,,,,,,,,
Diontae Johnson,WR,,,,,,,,,,,,,
Darrell Stewart,WR,,,,,,,,,,,,,
Kaden Prather,WR,,,,,,,,,,,,,
JaQuae Jackson,WR,,,,,,,,,,,,,
Ryan Switzer,WR,,,,,,,,,,,,,
Tyler Hudson,WR,,,,,,,,,,,,,
Aaron Fuller,WR,,,,,,,,,,,,,
Kyre Duplessis,WR,,,,,,,,,,,,,
Dontrelle Inman,WR,,,,,,,,,,,,,
Samson Nacua,WR,,,,,,,,,,,,,
Tim Wilson,WR,,,,,,,,,,,,,
Jaxon Janke,WR,,,,,,,,,,,,,
Keith Kirkwood,WR,,,,,,,,,,,,,
Cayleb Jones,WR,,,,,,,,,,,,,
Amari Cooper,WR,,,,,,,,,,,,,
Michael Rector,WR,,,,,,,,,,,,,
Mike Williams,WR,,,,,,,,,,,,,
Praise Olatoke,WR,,,,,,,,,,,,,
Kobe Hudson,WR,,,,,,,,,,,,,
Bryce Bobo,WR,,,,,,,,,,,,,
Je'Quan Burton,WR,,,,,,,,,,,,,
Jaelon Acklin,WR,,,,,,,,,,,,,
Ahmad Fulwood,WR,,,,,,,,,,,,,
Josh Gordon,WR,,,,,,,,,,,,,
Jonah Trinnaman,WR,,,,,,,,,,,,,
Michael Bandy,WR,DEN,,,,,,,,,,,,
Ted Ginn,WR,,,,,,,,,,,,,
Stephen Gosnell,WR,BUF,,,,,,,,,,,,
Dalen Cambre,WR,NYG,,,,,,,,,,,,
Chris Brazzell,WR,CAR,,,,,,,,,,,,
Danny Anthrop,WR,,,,,,,,,,,,,
Braydon Johnson,WR,,,,,,,,,,,,,
Ja'Mori Maclin,WR,BUF,,,,,,,,,,,,
Stanley Morgan,WR,,,,,,,,,,,,,
Alex Wesley,WR,,,,,,,,,,,,,
Alec Pierce,WR,IND,,,,,,,,,,,,
Kenny Bell,WR,,,,,,,,,,,,,
John Hightower,WR,,,,,,,,,,,,,
Kai Locksley,WR,,,,,,,,,,,,,
Aaron Anderson,WR,,,,,,,,,,,,,
Kendall Hinton,WR,,,,,,,,,,,,,
Phillip Brooks,WR,,,,,,,,,,,,,
Darius Davis,WR,,,,,,,,,,,,,
Brennan Eagles,WR,,,,,,,,,,,,,
Trebor Pena,WR,JAX,,,,,,,,,,,,
Chris Hilton,WR,,,,,,,,,,,,,
Marchie Murdock,WR,,,,,,,,,,,,,
Savon Scarver,WR,,,,,,,,,,,,,
Josh Vann,WR,,,,,,,,,,,,,
Harrison Wallace,WR,ARI,,,,,,,,,,,,
Jamire Jordan,WR,,,,,,,,,,,,,
Nick Easley,WR,,,,,,,,,,,,,
Kendrick Ings,WR,,,,,,,,,,,,,
Chase Claypool,WR,,,,,,,,,,,,,
Jaquarii Roberson,WR,,,,,,,,,,,,,
Sy Barnett,WR,,,,,,,,,,,,,
Anthony Dable,WR,,,,,,,,,,,,,
Dredrick Snelson,WR,,,,,,,,,,,,,
Kyle Philips,WR,,,,,,,,,,,,,
Jeff Caldwell,WR,KC,,,,,,,,,,,,
Ramel Keyton,WR,,,,,,,,,,,,,
KJ Hill,WR,LAC,,,,,,,,,,,,
Austin Carr,WR,,,,,,,,,,,,,
Cam Johnson,WR,,,,,,,,,,,,,
Isaiah Hodgins,WR,PIT,,,,,,,,,,,,
Mitch Mathews,WR,,,,,,,,,,,,,
Germone Hopper,WR,,,,,,,,,,,,,
Silas Bolden,WR,,,,,,,,,,,,,
Mecole Hardman,WR,,,,,,,,,,,,,
Antwane Wells,WR,ATL,,,,,,,,,,,,
Traeshon Holden,WR,,,,,,,,,,,,,
C.J. Charleston,WR,,,,,,,,,,,,,
Mason Kinsey,WR,,,,,,,,,,,,,
Brisly Estime,WR,,,,,,,,,,,,,
Davon Grayson,WR,,,,,,,,,,,,,
Kyron Hudson,WR,,,,,,,,,,,,,
Lacoltan Bester,WR,,,,,,,,,,,,,
Fred Trevillion,WR,,,,,,,,,,,,,
Xavier Guillory,WR,BAL,,,,,,,,,,,,
Marquez Stevenson,WR,,,,,,,,,,,,,
Jared Dangerfield,WR,,,,,,,,,,,,,
KeVonn Mabon,WR,,,,,,,,,,,,,
Joe Horn,WR,,,,,,,,,,,,,
Chris Tyree,WR,,,,,,,,,,,,,
Darius Prince,WR,,,,,,,,,,,,,
Landon Lenoir,WR,,,,,,,,,,,,,
Adam Thielen,WR,,,,,,,,,,,,,
JJ Laap,WR,,,,,,,,,,,,,
OJ Hiliare,WR,,,,,,,,,,,,,
Kaden Davis,WR,CHI,,,,,,,,,,,,
Tre Mosley,WR,,,,,,,,,,,,,
Devin Ross,WR,,,,,,,,,,,,,
T.J. Jones,WR,,,,,,,,,,,,,
George Campbell,WR,,,,,,,,,,,,,
Isaiah Wooden,WR,,,,,,,,,,,,,
Daurice Fountain,WR,,,,,,,,,,,,,
Jester Weah,WR,,,,,,,,,,,,,
Dazz Newsome,WR,,,,,,,,,,,,,
Taywan Taylor,WR,,,,,,,,,,,,,
Karel Hamilton,WR,,,,,,,,,,,,,
Dennis Parks,WR,,,,,,,,,,,,,
Avery Davis,WR,,,,,,,,,,,,,
Tony Stevens,WR,,,,,,,,,,,,,
Jaleel Scott,WR,,,,,,,,,,,,,
Eric McAlister,WR,,,,,,,,,,,,,
Kekoa Crawford,WR,,,,,,,,,,,,,
Brandon Powell,WR,,,,,,,,,,,,,
Andrew Armstrong,WR,KC,,,,,,,,,,,,
Monaray Baldwin,WR,,,,,,,,,,,,,
C.J. Duncan,WR,,,,,,,,,,,,,
Damion Jeanpiere,WR,,,,,,,,,,,,,
Bailey Gaither,WR,,,,,,,,,,,,,
Dakota Caton,WR,,,,,,,,,,,,,
Rico Bussey,WR,,,,,,,,,,,,,
Tyler Lockett,WR,,,,,,,,,,,,,
James Proche,WR,CLE,,,,,,,,,,,,
Damon Hazelton,WR,,,,,,,,,,,,,
Willie Johnson,WR,,,,,,,,,,,,,
Shane Leatherbury,WR,,,,,,,,,,,,,
Rodney Adams,WR,,,,,,,,,,,,,
Jalen Greene,WR,,,,,,,,,,,,,
Marvin Mims,WR,DEN,,,,,,,,,,,,
Detrich Clark,WR,,,,,,,,,,,,,
Shaq Hill,WR,,,,,,,,,,,,,
Monty Madaris,WR,,,,,,,,,,,,,
Romell Guerrier,WR,,,,,,,,,,,,,
Francis Owusu,WR,,,,,,,,,,,,,
Hunter Renfrow,WR,,,,,,,,,,,,,
Marcus Lucas,WR,,,,,,,,,,,,,
Equanimeous St. Brown,WR,,,,,,,,,,,,,
Da'Mari Scott,WR,,,,,,,,,,,,,
Cade McDonald,WR,,,,,,,,,,,,,
Keeon Johnson,WR,,,,,,,,,,,,,
Julian Edelman,WR,,,,,,,,,,,,,
Chad Hansen,WR,,,,,,,,,,,,,
Roderick Daniels,WR,,,,,,,,,,,,,
Kyle Dixon,WR,NE,,,,,,,,,,,,
Bobo Wilson,WR,,,,,,,,,,,,,
Deonte Harty,WR,,,,,,,,,,,,,
Demetrius Wilson,WR,,,,,,,,,,,,,
DaVaris Daniels,WR,,,,,,,,,,,,,
Kyric McGowan,WR,,,,,,,,,,,,,
Chase Cota,WR,,,,,,,,,,,,,
Amari Rodgers,WR,,,,,,,,,,,,,
David Bell,WR,,,,,,,,,,,,,
Antoine Wesley,WR,,,,,,,,,,,,,
Nick Nash,WR,,,,,,,,,,,,,
Myron Mitchell,WR,,,,,,,,,,,,,
Tyler Vaughns,WR,,,,,,,,,,,,,
Jalen Walthall,WR,,,,,,,,,,,,,
Keyarris Garrett,WR,,,,,,,,,,,,,
Tyre Brady,WR,,,,,,,,,,,,,
Kevin Snead,WR,,,,,,,,,,,,,
Moose Muhammad,WR,,,,,,,,,,,,,
John Brown,WR,,,,,,,,,,,,,
Allen Robinson,WR,,,,,,,,,,,,,
Zach Mathis,WR,,,,,,,,,,,,,
Dante Wright,WR,,,,,,,,,,,,,
Corey Sutton,WR,,,,,,,,,,,,,
Mario Williams,WR,,,,,,,,,,,,,
Kwamie Lassiter,WR,,,,,,,,,,,,,
Austin Duke,WR,,,,,,,,,,,,,
Hal Presley,WR,,,,,,,,,,,,,
Octavian Smith,WR,,,,,,,,,,,,,
Quincy Enunwa,WR,,,,,,,,,,,,,
Marquise Brown,WR,PHI,,,,,,,,,,,,
Trenton Irwin,WR,,,,,,,,,,,,,
Corey Crooms,WR,,,,,,,,,,,,,
Will Pauling,WR,SF,,,,,,,,,,,,
Kasey Closs,WR,,,,,,,,,,,,,
Changa Hodge,WR,,,,,,,,,,,,,
Landen Akers,WR,,,,,,,,,,,,,
Taylor Morin,WR,,,,,,,,,,,,,
Josh Magee,WR,,,,,,,,,,,,,
Jacob Copeland,WR,,,,,,,,,,,,,
Jimmy Kibble,WR,,,,,,,,,,,,,
Ajou Ajou,WR,,,,,,,,,,,,,
Joseph Scates,WR,,,,,,,,,,,,,
Kyle Sheets,WR,,,,,,,,,,,,,
Chris Brown,WR,,,,,,,,,,,,,
Michael Crabtree,WR,,,,,,,,,,,,,
Jake Herslow,WR,,,,,,,,,,,,,
Quintez Cephus,WR,,,,,,,,,,,,,
Jordan Bly,WR,,,,,,,,,,,,,
Keshunn Abram,WR,,,,,,,,,,,,,
Julian Hicks,WR,,,,,,,,,,,,,
Quenton Bundrage,WR,,,,,,,,,,,,,
Stephen Guidry,WR,,,,,,,,,,,,,
Braxton Burmeister,WR,,,,,,,,,,,,,
Juwann Winfree,WR,,,,,,,,,,,,,
Cortez Braham,WR,,,,,,,,,,,,,
Emmanuel Henderson,WR,SEA,,,,,,,,,,,,
Hank Beatty,WR,,,,,,,,,,,,,
John Harris,WR,,,,,,,,,,,,,
Jalen Sample,WR,,,,,,,,,,,,,
John Diarse,WR,,,,,,,,,,,,,
Chase Roberts,WR,,,,,,,,,,,,,
Terrill Davis,WR,,,,,,,,,,,,,
Jacob De Jesus,WR,,,,,,,,,,,,,
Antonio Brown,WR,,,,,,,,,,,,,
DJ Turner,WR,,,,,,,,,,,,,
Keelan Cole,WR,,,,,,,,,,,,,
Johnathon Johnson,WR,,,,,,,,,,,,,
Duece Watts,WR,,,,,,,,,,,,,
DeSean Jackson,WR,,,,,,,,,,,,,
Scotty Washington,WR,,,,,,,,,,,,,
Trevon Grimes,WR,,,,,,,,,,,,,
Tre Walker,WR,,,,,,,,,,,,,
JoJo Ward,WR,,,,,,,,,,,,,
Dez Bryant,WR,,,,,,,,,,,,,
Cornell Powell,WR,,,,,,,,,,,,,
Cedric Tillman,WR,NO,,,,,,,,,,,,
Cole Beasley,WR,,,,,,,,,,,,,
Jarvis Landry,WR,,,,,,,,,,,,,
Dee Eskridge,WR,,,,,,,,,,,,,
Chris Autman-Bell,WR,,,,,,,,,,,,,
Trevor Davis,WR,,,,,,,,,,,,,
Matt Fleming,WR,,,,,,,,,,,,,
Dres Anderson,WR,,,,,,,,,,,,,
Zimari Manning,WR,,,,,,,,,,,,,
Jehu Chesson,WR,,,,,,,,,,,,,
Isaiah McKoy,WR,,,,,,,,,,,,,
Travis Jonsen,WR,,,,,,,,,,,,,
Robert Wheelwright,WR,,,,,,,,,,,,,
Dalton Schoen,WR,,,,,,,,,,,,,
Emeka Emezie,WR,,,,,,,,,,,,,
Jack Sorenson,WR,,,,,,,,,,,,,
Shawn Poindexter,WR,,,,,,,,,,,,,
Darreus Rogers,WR,,,,,,,,,,,,,
Deon Cain,WR,,,,,,,,,,,,,
Rory Starkey,WR,,,,,,,,,,,,,
Jha'Quan Jackson,WR,,,,,,,,,,,,,
Justice Liggins,WR,,,,,,,,,,,,,
Arian Smith,WR,NYJ,,,,,,,,,,,,
Dan Chisena,WR,,,,,,,,,,,,,
Dimitri Stanley,WR,,,,,,,,,,,,,
Oliver Martin,WR,,,,,,,,,,,,,
Joaquin Davis,WR,,,,,,,,,,,,,
Mante Morrow,WR,,,,,,,,,,,,,
Valdez Showers,WR,,,,,,,,,,,,,
Amir Carlisle,WR,,,,,,,,,,,,,
Jalen Camp,WR,,,,,,,,,,,,,
Jonathan Brady,WR,,,,,,,,,,,,,
Jeff Weimer,WR,,,,,,,,,,,,,
Rashad Rochelle,WR,,,,,,,,,,,,,
Jaray Jenkins,WR,,,,,,,,,,,,,
Dont'e Thornton,WR,LV,,,,,,,,,,,,
Gavin Lutman,WR,,,,,,,,,,,,,
Dominic Lovett,WR,DET,,,,,,,,,,,,
Kaylon Horton,WR,,,,,,,,,,,,,
Dillon Stoner,WR,,,,,,,,,,,,,
Paul Richardson,WR,,,,,,,,,,,,,
Damion Ratley,WR,,,,,,,,,,,,,
Jeremiah Webb,WR,NE,,,,,,,,,,,,
T.Y. Hilton,WR,,,,,,,,,,,,,
Nick Holley,WR,,,,,,,,,,,,,
Terrace Marshall,WR,,,,,,,,,,,,,
Shedrick Jackson,WR,,,,,,,,,,,,,
Robert Woods,WR,,,,,,,,,,,,,
Stanley Berryhill,WR,,,,,,,,,,,,,
DeAndre Reaves,WR,,,,,,,,,,,,,
Kisean Johnson,WR,,,,,,,,,,,,,
Jalen Wayne,WR,,,,,,,,,,,,,
Malcolm Lewis,WR,,,,,,,,,,,,,
John Jiles,WR,,,,,,,,,,,,,
Fred Brown,WR,,,,,,,,,,,,,
Mac Hippenhammer,WR,,,,,,,,,,,,,
Levern Jacobs,WR,,,,,,,,,,,,,
Nate McCollum,WR,,,,,,,,,,,,,
De'Mornay Pierson-El,WR,,,,,,,,,,,,,
Richard Mullaney,WR,,,,,,,,,,,,,
Dylan Drummond,WR,ATL,,,,,,,,,,,,
Darius Lassiter,WR,,,,,,,,,,,,,
Daylen Baldwin,WR,,,,,,,,,,,,,
Trishton Jackson,WR,,,,,,,,,,,,,
Papi White,WR,,,,,,,,,,,,,
Travis Fulgham,WR,,,,,,,,,,,,,
Coleman Owen,WR,GB,,,,,,,,,,,,
Noah Short,WR,,,,,,,,,,,,,
Michael Young,WR,,,,,,,,,,,,,
Taj Williams,WR,,,,,,,,,,,,,
Noel Thomas,WR,,,,,,,,,,,,,
Malcolm Perry,WR,,,,,,,,,,,,,
Jordyn Tyson,WR,NO,,,,,,,,,,,,
Thomas Hennigan,WR,,,,,,,,,,,,,
Cameron Dorner,WR,NE,,,,,,,,,,,,
Zay Jones,WR,,,,,,,,,,,,,
Malick Meiga,WR,SEA,,,,,,,,,,,,
Mekale McKay,WR,,,,,,,,,,,,,
T.J. Luther,WR,,,,,,,,,,,,,
Cyril Grayson,WR,,,,,,,,,,,,,
Jaelen Gill,WR,,,,,,,,,,,,,
Jalen Virgil,WR,,,,,,,,,,,,,
Austin Proehl,WR,,,,,,,,,,,,,
Ketron Jackson,WR,,,,,,,,,,,,,
Camden Brown,WR,DAL,,,,,,,,,,,,
Elijah Marks,WR,,,,,,,,,,,,,
Beau Corrales,WR,,,,,,,,,,,,,
Josh Hammond,WR,,,,,,,,,,,,,
Sam Wiglusz,WR,,,,,,,,,,,,,
Robert Foster,WR,,,,,,,,,,,,,
Sam Brown,WR,,,,,,,,,,,,,
Byron Pringle,WR,,,,,,,,,,,,,
T.J. Rahming,WR,,,,,,,,,,,,,
Makai Polk,WR,,,,,,,,,,,,,
Omar Cooper,WR,NYJ,,,,,,,,,,,,
Malik Heath,WR,ATL,,,,,,,,,,,,
Nick DeGennaro,WR,WAS,,,,,,,,,,,,
Mike Thomas,WR,,,,,,,,,,,,,
Warren Jackson,WR,,,,,,,,,,,,,
Justin Lockhart,WR,,,,,,,,,,,,,
Tru Edwards,WR,,,,,,,,,,,,,
Gabe Davis,WR,,,,,,,,,,,,,
Allen Hurns,WR,MIA,,,,,,,,,,,,
Jaden Bradley,WR,WAS,,,,,,,,,,,,
Jaaron Hayek,WR,,,,,,,,,,,,,
Cortrelle Simpson,WR,,,,,,,,,,,,,
Justice Shelton-Mosley,WR,,,,,,,,,,,,,
Connor Wedington,WR,,,,,,,,,,,,,
Tyrie Cleveland,WR,,,,,,,,,,,,,
Tejhaun Palmer,WR,,,,,,,,,,,,,
DeAndre Thompkins,WR,GB,,,,,,,,,,,,
Racey McMath,WR,,,,,,,,,,,,,
Brian Cobbs,WR,,,,,,,,,,,,,
Trey Quinn,WR,,,,,,,,,,,,,
Jordan Smallwood,WR,,,,,,,,,,,,,
Sammy Watkins,WR,,,,,,,,,,,,,
Vinny Anthony,WR,ATL,,,,,,,,,,,,
Donovan Peoples-Jones,WR,,,,,,,,,,,,,
Daniel Rodriguez,WR,,,,,,,,,,,,,
Da'Ron Brown,WR,,,,,,,,,,,,,
Jeff Thomas,WR,,,,,,,,,,,,,
Zion Bowens,WR,,,,,,,,,,,,,
Austin Mack,WR,,,,,,,,,,,,,
Jaylen Johnson,WR,,,,,,,,,,,,,
C.J. Board,WR,,,,,,,,,,,,,
Michael Briscoe,WR,MIN,,,,,,,,,,,,
Trent Taylor,WR,,,,,,,,,,,,,
Cam Worthy,WR,,,,,,,,,,,,,
Lamar Atkins,WR,,,,,,,,,,,,,
E.J. Horton,WR,,,,,,,,,,,,,
Barion Brown,WR,NO,,,,,,,,,,,,
Gage Larvadain,WR,BAL,,,,,,,,,,,,
Chester Rogers,WR,,,,,,,,,,,,,
Cody Chrest,WR,,,,,,,,,,,,,
Andrew Parchment,WR,,,,,,,,,,,,,
Omari Kelly,WR,,,,,,,,,,,,,
Korey Robertson,WR,,,,,,,,,,,,,
Cody Core,WR,,,,,,,,,,,,,
Tavonn Salter,WR,,,,,,,,,,,,,
Scotty Miller,WR,CHI,,,,,,,,,,,,
Devin Phelps,WR,,,,,,,,,,,,,
Sergio Bailey,WR,,,,,,,,,,,,,
Isiah Ferguson,WR,,,,,,,,,,,,,
Kevin Shaa,WR,,,,,,,,,,,,,
Dane Key,WR,DEN,,,,,,,,,,,,
David Moore,WR,CAR,,,,,,,,,,,,
Ja'seem Reed,WR,CAR,,,,,,,,,,,,
Chris Coleman,WR,,,,,,,,,,,,,
Gehrig Dieter,WR,,,,,,,,,,,,,
Shi Smith,WR,,,,,,,,,,,,,
Dax Milne,WR,,,,,,,,,,,,,
Donte Sylencieux,WR,,,,,,,,,,,,,
Shemar Bridges,WR,,,,,,,,,,,,,
Eli Stove,WR,,,,,,,,,,,,,
Reggie Virgil,WR,ARI,,,,,,,,,,,,
Chris Hogan,WR,,,,,,,,,,,,,
Kendric Pryor,WR,,,,,,,,,,,,,
River Cracraft,WR,,,,,,,,,,,,,
Kenzel Doe,WR,,,,,,,,,,,,,
Rico Gafford,WR,,,,,,,,,,,,,
Jacoby Jones,WR,,,,,,,,,,,,,
Cole Burgess,WR,,,,,,,,,,,,,
Brandon Zylstra,WR,,,,,,,,,,,,,
Andre Roberts,WR,,,,,,,,,,,,,
Ainias Smith,WR,,,,,,,,,,,,,
Taye Barber,WR,,,,,,,,,,,,,
Xavier Gipson,WR,PHI,,,,,,,,,,,,
Ishmael Hyman,WR,,,,,,,,,,,,,
B.J. Johnson,WR,,,,,,,,,,,,,
Dorian Baker,WR,,,,,,,,,,,,,
Christian Kirk,WR,SF,,,,,,,,,,,,
Xavier Rush,WR,,,,,,,,,,,,,
AJ Henning,WR,MIA,,,,,,,,,,,,
Eric Rivers,WR,TB,,,,,,,,,,,,
Jordan Williams-Lambert,WR,,,,,,,,,,,,,
Devontres Dukes,WR,,,,,,,,,,,,,
Reggie Brown,WR,,,,,,,,,,,,,
David Sills,WR,TB,,,,,,,,,,,,
Andy Isabella,WR,,,,,,,,,,,,,
Jamal Custis,WR,,,,,,,,,,,,,
Cody Latimer,WR,,,,,,,,,,,,,
Kaylon Geiger,WR,,,,,,,,,,,,,
Tyron Billy-Johnson,WR,,,,,,,,,,,,,
Mitch Van Vooren,WR,,,,,,,,,,,,,
DeVante Parker,WR,,,,,,,,,,,,,
Shakeir Ryan,WR,,,,,,,,,,,,,
Leon Johnson,WR,,,,,,,,,,,,,
Kelvin McKnight,WR,,,,,,,,,,,,,
Seth Roberts,WR,,,,,,,,,,,,,
Andre Levrone,WR,,,,,,,,,,,,,
Jamal Robinson,WR,,,,,,,,,,,,,
Kendrick Rogers,WR,,,,,,,,,,,,,
Amba Etta-Tawo,WR,,,,,,,,,,,,,
Austin Wolf,WR,,,,,,,,,,,,,
Jeff Badet,WR,,,,,,,,,,,,,
Damoun Patterson,WR,,,,,,,,,,,,,
Tajae Sharpe,WR,,,,,,,,,,,,,
Emmanuel Sanders,WR,,,,,,,,,,,,,
Isaiah McKenzie,WR,,,,,,,,,,,,,
Tarik Black,WR,,,,,,,,,,,,,
Javon Wims,WR,,,,,,,,,,,,,
Moochie Dixon,WR,,,,,,,,,,,,,
Danny Davis,WR,,,,,,,,,,,,,
Javon Baker,WR,,,,,,,,,,,,,
Damarr Aultman,WR,,,,,,,,,,,,,
Theo Wease,WR,LAC,,,,,,,,,,,,
Larry Fitzgerald,WR,,,,,,,,,,,,,
Garrett Scantling,WR,ATL,,,,,,,,,,,,
Bryant Mitchell,WR,,,,,,,,,,,,,
Whop Philyor,WR,,,,,,,,,,,,,
DJ Chark,WR,,,,,,,,,,,,,
Jhajuan Seales,WR,,,,,,,,,,,,,
Isaiah Weston,WR,,,,,,,,,,,,,
Victor Bolden,WR,,,,,,,,,,,,,
Larry Clark,WR,,,,,,,,,,,,,
Raleigh Webb,WR,,,,,,,,,,,,,
Cameron Posey,WR,,,,,,,,,,,,,
Jalen McCleskey,WR,,,,,,,,,,,,,
Sahmir Hagans,WR,,,,,,,,,,,,,
Marcell Ateman,WR,,,,,,,,,,,,,
Xavier Legette,WR,CAR,,,,,,,,,,,,
Dede Westbrook,WR,,,,,,,,,,,,,
Antonio Nunn,WR,,,,,,,,,,,,,
Justin Shorter,WR,,,,,,,,,,,,,
Rashad Medaris,WR,,,,,,,,,,,,,
Danny Amendola,WR,,,,,,,,,,,,,
Trent Sherfield,WR,BUF,,,,,,,,,,,,
Levi Wentz,WR,,,,,,,,,,,,,
Xavier Restrepo,WR,TEN,,,,,,,,,,,,
Shaleak Knotts,WR,,,,,,,,,,,,,
Thayer Thomas,WR,,,,,,,,,,,,,
Shawn Bane,WR,,,,,,,,,,,,,
Jayden Higgins,WR,HOU,,,,,,,,,,,,
Jaivon Heiligh,WR,,,,,,,,,,,,,
Michael Wortham,WR,JAX,,,,,,,,,,,,
Antwan Goodley,WR,,,,,,,,,,,,,
Cornelius Johnson,WR,,,,,,,,,,,,,
Jalen Williams,WR,,,,,,,,,,,,,
Lincoln Victor,WR,,,,,,,,,,,,,
Ryan Grant,WR,,,,,,,,,,,,,
Chase Cota,WR,,,,,,,,,,,,,
Jordan Byrd,WR,,,,,,,,,,,,,
Tyrell Shavers,WR,BUF,,,,,,,,,,,,
Daniel Arias,WR,,,,,,,,,,,,,
Manasseh Bailey,WR,,,,,,,,,,,,,
Riley Lees,WR,,,,,,,,,,,,,
Xavier Ubosi,WR,,,,,,,,,,,,,
Devon Allen,WR,,,,,,,,,,,,,
Michael Woods,WR,,,,,,,,,,,,,
Marvin Jones,WR,,,,,,,,,,,,,
Chris Conley,WR,,,,,,,,,,,,,
Taylor Gabriel,WR,,,,,,,,,,,,,
Ventell Bryant,WR,,,,,,,,,,,,,
Josh Malone,WR,,,,,,,,,,,,,
Javess Blue,WR,,,,,,,,,,,,,
Josh Crockett,WR,,,,,,,,,,,,,
Trent Steelman,WR,,,,,,,,,,,,,
Xavier Wade,WR,,,,,,,,,,,,,
Sean Brown,WR,,,,,,,,,,,,,
D.J. Montgomery,WR,IND,,,,,,,,,,,,
John Franklin,WR,,,,,,,,,,,,,
Hayden Hatten,WR,,,,,,,,,,,,,
Corey Coleman,WR,,,,,,,,,,,,,
Chad Beebe,WR,,,,,,,,,,,,,
Winston Wright,WR,,,,,,,,,,,,,
Micah Simon,WR,CAR,,,,,,,,,,,,
Adonai Mitchell,WR,NYJ,,,,,,,,,,,,
Deante' Gray,WR,,,,,,,,,,,,,
Kayaune Ross,WR,,,,,,,,,,,,,
Will Hastings,WR,,,,,,,,,,,,,
Malik Knowles,WR,,,,,,,,,,,,,
Jamal Agnew,WR,,,,,,,,,,,,,
Speedy Noil,WR,,,,,,,,,,,,,
Malik Henry,WR,,,,,,,,,,,,,
Tahj Washington,WR,,,,,,,,,,,,,
Reggie Diggs,WR,,,,,,,,,,,,,
Mario Hull,WR,,,,,,,,,,,,,
Devante Davis,WR,,,,,,,,,,,,,
Chris Lacy,WR,,,,,,,,,,,,,
Erik Ezukanma,WR,,,,,,,,,,,,,
Geronimo Allison,WR,,,,,,,,,,,,,
Brenden Rice,WR,,,,,,,,,,,,,
Antoine Green,WR,,,,,,,,,,,,,
Maurice Ffrench,WR,,,,,,,,,,,,,
Austin Watkins,WR,,,,,,,,,,,,,
Tommy Thomas,WR,,,,,,,,,,,,,
Tyler Harrell,WR,,,,,,,,,,,,,
Khalil McClain,WR,,,,,,,,,,,,,
Al Riles,WR,IND,,,,,,,,,,,,
Quentin Skinner,WR,,,,,,,,,,,,,
Jerome Lane,WR,,,,,,,,,,,,,
Julio Jones,WR,,,,,,,,,,,,,
Reggie White,WR,,,,,,,,,,,,,
Jhamon Ausbon,WR,,,,,,,,,,,,,
Anthony Gould,WR,IND,,,,,,,,,,,,
Pokey Wilson,WR,,,,,,,,,,,,,
Brandon Aiyuk,WR,SF,,,,,,,,,,,,
Keelan Doss,WR,,,,,,,,,,,,,
Squirrel White,WR,,,,,,,,,,,,,
Kody Case,WR,,,,,,,,,,,,,
Chris Finke,WR,,,,,,,,,,,,,
Ify Umodu,WR,,,,,,,,,,,,,
Jadon Janke,WR,,,,,,,,,,,,,
Brock Rechsteiner,WR,,,,,,,,,,,,,
Jonathan Adams,WR,,,,,,,,,,,,,
Josh Johnson,WR,,,,,,,,,,,,,
Breshad Perriman,WR,,,,,,,,,,,,,
Geordon Porter,WR,,,,,,,,,,,,,
Ryan Miller,WR,MIA,,,,,,,,,,,,
Van Jefferson,WR,WAS,,,,,,,,,,,,
Jeff Smith,WR,,,,,,,,,,,,,
Ja'Kobi Lane,WR,BAL,,,,,,,,,,,,
Jimmie Hunt,WR,,,,,,,,,,,,,
Dennis Houston,WR,,,,,,,,,,,,,
Ra'Shaun Henry,WR,,,,,,,,,,,,,
Malik Taylor,WR,,,,,,,,,,,,,
Dallas Daniels,WR,,,,,,,,,,,,,
Henry Ruggs,WR,,,,,,,,,,,,,
Samori Toure,WR,,,,,,,,,,,,,
Garett Maag,WR,,,,,,,,,,,,,
Marcus Rosemy-Jacksaint,WR,,,,,,,,,,,,,
Keevan Lucas,WR,,,,,,,,,,,,,
Jalin Hyatt,WR,NYG,,,,,,,,,,,,
Chris Rowland,WR,,,,,,,,,,,,,
Trey Palmer,WR,NO,,,,,,,,,,,,
Courtney Jackson,WR,,,,,,,,,,,,,
Derek Wright,WR,,,,,,,,,,,,,
Quartney Davis,WR,,,,,,,,,,,,,
LaQuvionte Gonzalez,WR,,,,,,,,,,,,,
Jaydon Mickens,WR,,,,,,,,,,,,,
Kyrese Rowan,WR,NO,,,,,,,,,,,,
Josh Pearson,WR,,,,,,,,,,,,,
DT Sheffield,WR,,,,,,,,,,,,,
Jimmy Williams,WR,,,,,,,,,,,,,
Kolby Listenbee,WR,,,,,,,,,,,,,
Ray-Ray McCloud,WR,,,,,,,,,,,,,
Derrick Dillon,WR,,,,,,,,,,,,,
Skyler Bell,WR,BUF,,,,,,,,,,,,
Lawrence Keys,WR,DET,,,,,,,,,,,,
Jared Smart,WR,,,,,,,,,,,,,
Devin Fuller,WR,,,,,,,,,,,,,
Kameron Brown,WR,,,,,,,,,,,,,
Ihmir Smith-Marsette,WR,CAR,,,,,,,,,,,,
Milton Wright,WR,,,,,,,,,,,,,
Jay Lee,WR,,,,,,,,,,,,,
Bub Means,WR,CLE,,,,,,,,,,,,
Eldridge Massington,WR,NO,,,,,,,,,,,,
Kevin Austin,WR,NO,,,,,,,,,,,,
Lance McCutcheon,WR,,,,,,,,,,,,,
Jeff Cotton,WR,,,,,,,,,,,,,
Tony Jones,WR,,,,,,,,,,,,,
Slade Bolden,WR,,,,,,,,,,,,,
Krishawn Hogan,WR,,,,,,,,,,,,,
Andre Lindsey,WR,,,,,,,,,,,,,
Joe Walker,WR,,,,,,,,,,,,,
Derrick Johnson,WR,,,,,,,,,,,,,
Easop Winston,WR,,,,,,,,,,,,,
Trayvon Rudolph,WR,,,,,,,,,,,,,
Luke Grimm,WR,,,,,,,,,,,,,
Talolo Limi-Jones,WR,,,,,,,,,,,,,
A.T. Perry,WR,,,,,,,,,,,,,
Xavier Johnson,WR,,,,,,,,,,,,,
Jermaine Kearse,WR,,,,,,,,,,,,,
Junior Bergen,WR,,,,,,,,,,,,,
Ty Fryfogle,WR,,,,,,,,,,,,,
Tyler Scott,WR,LV,,,,,,,,,,,,
Auden Tate,WR,,,,,,,,,,,,,
Jake Kumerow,WR,,,,,,,,,,,,,
Jalen Reagor,WR,MIA,,,,,,,,,,,,
Justin Hall,WR,,,,,,,,,,,,,
Spencer Schnell,WR,,,,,,,,,,,,,
C.J. Worton,WR,,,,,,,,,,,,,
Kirk Merritt,WR,,,,,,,,,,,,,
Max Tomczak,WR,,,,,,,,,,,,,
Josh Reese,WR,,,,,,,,,,,,,
John Hurst,WR,,,,,,,,,,,,,
Brandon Johnson,WR,PIT,,,,,,,,,,,,
Ryan Davis,WR,,,,,,,,,,,,,
Marquez North,WR,,,,,,,,,,,,,
Tre Nixon,WR,,,,,,,,,,,,,
Kenny Cook,WR,,,,,,,,,,,,,
Armanti Foreman,WR,,,,,,,,,,,,,
Joshua Cephus,WR,,,,,,,,,,,,,
Pig Howard,WR,,,,,,,,,,,,,
Ayir Asante,WR,,,,,,,,,,,,,
Reggie Begelton,WR,,,,,,,,,,,,,
Cedrick Wilson,WR,,,,,,,,,,,,,
Treyvhon Saunders,WR,,,,,,,,,,,,,
Anthony Turner,WR,,,,,,,,,,,,,
Mike Harley,WR,,,,,,,,,,,,,
Donatella Luckett,WR,,,,,,,,,,,,,
Jeff Foreman,WR,,,,,,,,,,,,,
Kade Warner,WR,,,,,,,,,,,,,
Keric Wheatfall,WR,,,,,,,,,,,,,
Justyn Ross,WR,,,,,,,,,,,,,
Grant DuBose,WR,,,,,,,,,,,,,
Siaosi Mariner,WR,,,,,,,,,,,,,
Jaylen Smith,WR,,,,,,,,,,,,,
Montana Lemonious-Craig,WR,,,,,,,,,,,,,
JP Richardson,WR,CHI,,,,,,,,,,,,
Michael Thomas,WR,,,,,,,,,,,,,
Junior Vandeross,WR,,,,,,,,,,,,,
Isaiah Coulter,WR,,,,,,,,,,,,,
Giles Jackson,WR,,,,,,,,,,,,,
Shaquan Davis,WR,,,,,,,,,,,,,
Branden Mack,WR,,,,,,,,,,,,,
Jamel Johnson,WR,,,,,,,,,,,,,
Matthew Slater,WR,,,,,,,,,,,,,
Devin Lucien,WR,,,,,,,,,,,,,
Johnny Johnson,WR,,,,,,,,,,,,,
Justin Sumpter,WR,,,,,,,,,,,,,
Drake Stoops,WR,,,,,,,,,,,,,
Greg Dortch,WR,BUF,,,,,,,,,,,,
Terrell Sinkfield,WR,,,,,,,,,,,,,
Emanuel Hall,WR,,,,,,,,,,,,,
Deshon Foxx,WR,,,,,,,,,,,,,
Da'Quan Felton,WR,,,,,,,,,,,,,
Rasheed Bailey,WR,,,,,,,,,,,,,
Justin Hardy,WR,,,,,,,,,,,,,
Kevin White,WR,,,,,,,,,,,,,
KJ Hamler,WR,,,,,,,,,,,,,
Tank Dell,WR,HOU,,,,,,,,,,,,
Tre'Shaun Harrison,WR,,,,,,,,,,,,,
Tulu Griffin,WR,,,,,,,,,,,,,
Braylon Sanders,WR,,,,,,,,,,,,,
Anthony Mahoungou,WR,,,,,,,,,,,,,
Darius Slayton,WR,IND,,,,,,,,,,,,
Dillon Mitchell,WR,,,,,,,,,,,,,
K.J. Maye,WR,,,,,,,,,,,,,
Brian Riley,WR,,,,,,,,,,,,,
Brennan Presley,WR,LAR,,,,,,,,,,,,
Antonio Callaway,WR,,,,,,,,,,,,,
Brelan Chancellor,WR,,,,,,,,,,,,,
Dwayne Harris,WR,,,,,,,,,,,,,
JaVonta Payton,WR,,,,,,,,,,,,,
Matthew Henry,WR,,,,,,,,,,,,,
DeAndre Hopkins,WR,,,,,,,,,,,,,
Tommylee Lewis,WR,,,,,,,,,,,,,
TJ Sheffield,WR,,,,,,,,,,,,,
KeAndre Lambert-Smith,WR,LAC,,,,,,,,,,,,
Lance Lenoir,WR,,,,,,,,,,,,,
Kyle Lewis,WR,,,,,,,,,,,,,
Tyrone Broden,WR,,,,,,,,,,,,,
J. Michael Sturdivant,WR,GB,,,,,,,,,,,,
Preston Williams,WR,,,,,,,,,,,,,
Marcus Leak,WR,,,,,,,,,,,,,
Malik Rutherford,WR,,,,,,,,,,,,,
Jeshaun Jones,WR,MIN,,,,,,,,,,,,
Zakhari Franklin,WR,,,,,,,,,,,,,
Damond Powell,WR,,,,,,,,,,,,,
Bryce Ford-Wheaton,WR,,,,,,,,,,,,,
Ryan McDaniel,WR,,,,,,,,,,,,,
Brandon Smith,WR,PIT,,,,,,,,,,,,
Marquez Callaway,WR,,,,,,,,,,,,,
Jadon Haselwood,WR,,,,,,,,,,,,,
Neil Pau'u,WR,,,,,,,,,,,,,
Julian Williams,WR,,,,,,,,,,,,,
Trevor Harman,WR,,,,,,,,,,,,,
Qadir Ismail,WR,CHI,,,,,,,,,,,,
Bud Sasser,WR,,,,,,,,,,,,,
Parris Campbell,WR,,,,,,,,,,,,,
David Wallis,WR,,,,,,,,,,,,,
Jesse Matthews,WR,,,,,,,,,,,,,
Romello Brinson,WR,,,,,,,,,,,,,
Zach Pascal,WR,,,,,,,,,,,,,
Jeret Smith,WR,,,,,,,,,,,,,
Martavis Bryant,WR,,,,,,,,,,,,,
Anthony Ratliff-Williams,WR,,,,,,,,,,,,,
Jermiah Braswell,WR,,,,,,,,,,,,,
Rakim Jarrett,WR,,,,,,,,,,,,,
Malik Cunningham,WR,,,,,,,,,,,,,
Josh Bellamy,WR,,,,,,,,,,,,,
Sean Riley,WR,,,,,,,,,,,,,
Danny Gray,WR,,,,,,,,,,,,,
Travin Dural,WR,,,,,,,,,,,,,
Donte Moncrief,WR,,,,,,,,,,,,,
Bisi Johnson,WR,,,,,,,,,,,,,
Teo Redding,WR,,,,,,,,,,,,,
Tanner Knue,WR,,,,,,,,,,,,,
Corey Davis,WR,,,,,,,,,,,,,
Demetris Robertson,WR,,,,,,,,,,,,,
Will Sheppard,WR,MIA,,,,,,,,,,,,
Kobe Prentice,WR,,,,,,,,,,,,,
Brandon Polk,WR,,,,,,,,,,,,,
Luke Wysong,WR,,,,,,,,,,,,,
Jalen Cropper,WR,NO,,,,,,,,,,,,
Javon McKinley,WR,,,,,,,,,,,,,
Justin Watson,WR,,,,,,,,,,,,,
Ja'Lynn Polk,WR,,,,,,,,,,,,,
Isaiah Washington,WR,,,,,,,,,,,,,
Dillon Bell,WR,MIN,,,,,,,,,,,,
Bryson Green,WR,,,,,,,,,,,,,
Dontez Ford,WR,,,,,,,,,,,,,
Fred Ross,WR,,,,,,,,,,,,,
Artavis Scott,WR,,,,,,,,,,,,,
Daniel Sobkowicz,WR,HOU,,,,,,,,,,,,
Ty Scott,WR,,,,,,,,,,,,,
Raylen Sharpe,WR,,,,,,,,,,,,,
Wesley Grimes,WR,SF,,,,,,,,,,,,
Beaux Collins,WR,ATL,,,,,,,,,,,,
Andre Baccellia,WR,,,,,,,,,,,,,
Tyler Johnson,WR,NYJ,,,,,,,,,,,,
Mitch Tinsley,WR,CIN,,,,,,,,,,,,
Jarius Wright,WR,,,,,,,,,,,,,
Isaiah Ford,WR,,,,,,,,,,,,,
Earnest Edwards,WR,,,,,,,,,,,,,
Kendal Thompson,WR,,,,,,,,,,,,,
Kolbe Katsis,WR,DEN,,,,,,,,,,,,
Damion Willis,WR,,,,,,,,,,,,,
Marvin Hall,WR,,,,,,,,,,,,,
Jermaine Burton,WR,,,,,,,,,,,,,
Lewis Bond,WR,HOU,,,,,,,,,,,,
Cody Chrest,WR,,,,,,,,,,,,,
Nsimba Webster,WR,,,,,,,,,,,,,
Sam James,WR,,,,,,,,,,,,,
Amara Darboh,WR,,,,,,,,,,,,,
Trevontae Hights,WR,,,,,,,,,,,,,
Kazmeir Allen,WR,,,,,,,,,,,,,
Matthew Eaton,WR,,,,,,,,,,,,,
Reggie Roberson,WR,,,,,,,,,,,,,
Jonathon Rumph,WR,,,,,,,,,,,,,
Laviska Shenault,WR,,,,,,,,,,,,,
Binjimen Victor,WR,,,,,,,,,,,,,
Rashod Owens,WR,,,,,,,,,,,,,
James Quick,WR,,,,,,,,,,,,,
Reece Horn,WR,,,,,,,,,,,,,
R.J. Shelton,WR,,,,,,,,,,,,,
Jakobie Keeney-James,WR,,,,,,,,,,,,,
Devron Harper,WR,,,,,,,,,,,,,
Roc Taylor,WR,,,,,,,,,,,,,
Nelson Agholor,WR,,,,,,,,,,,,,
Tavon Austin,WR,,,,,,,,,,,,,
Freddie Swain,WR,,,,,,,,,,,,,
Khalil Tate,WR,,,,,,,,,,,,,
Durron Neal,WR,,,,,,,,,,,,,
Zach D'Orazio,WR,,,,,,,,,,,,,
Shaq Roland,WR,CHI,,,,,,,,,,,,
Dontario Drummond,WR,,,,,,,,,,,,,
Ashton Dulin,WR,IND,,,,,,,,,,,,
Tayvion Robinson,WR,,,,,,,,,,,,,
Key'Shawn Smith,WR,,,,,,,,,,,,,
Trevon Bradford,WR,,,,,,,,,,,,,
Bra'Lon Cherry,WR,,,,,,,,,,,,,
Marlon Williams,WR,,,,,,,,,,,,,
Riley Ridley,WR,,,,,,,,,,,,,
Alonzo Moore,WR,,,,,,,,,,,,,
Omar Bayless,WR,,,,,,,,,,,,,
Jamarius Way,WR,,,,,,,,,,,,,
Talik Keaton,WR,,,,,,,,,,,,,
Dymere Miller,WR,,,,,,,,,,,,,
Joe Reed,WR,,,,,,,,,,,,,
Jalon Calhoun,WR,,,,,,,,,,,,,
Joseph Manjack,WR,,,,,,,,,,,,,
Mitchell Paige,WR,,,,,,,,,,,,,
Terrell Bynum,WR,,,,,,,,,,,,,
DaeSean Hamilton,WR,,,,,,,,,,,,,
Christian Blake,WR,,,,,,,,,,,,,
Darius Jennings,WR,,,,,,,,,,,,,
Aaron Parker,WR,,,,,,,,,,,,,
C.J. Johnson,WR,,,,,,,,,,,,,
Phillip Dorsett,WR,LV,,,,,,,,,,,,
Marqise Lee,WR,,,,,,,,,,,,,
Xavier White,WR,,,,,,,,,,,,,
Malik Flowers,WR,,,,,,,,,,,,,
Kevin Kassis,WR,,,,,,,,,,,,,
Nick Williams,WR,,,,,,,,,,,,,
Tyler Rutenbeck,WR,,,,,,,,,,,,,
Kendrick Law,WR,DET,,,,,,,,,,,,
Jordan Westerkamp,WR,,,,,,,,,,,,,
Kalija Lipscomb,WR,,,,,,,,,,,,,
Damore'ea Stringfellow,WR,,,,,,,,,,,,,
Travis Benjamin,WR,,,,,,,,,,,,,
Noah Brown,WR,,,,,,,,,,,,,
John Hall,WR,,,,,,,,,,,,,
Quincy McDuffie,WR,,,,,,,,,,,,,
Greg Ward,WR,,,,,,,,,,,,,
Jonnu Smith,TE,GB,3.26,,,,,,,1.39,1.94,12.53,0.1,0.01
Charlie Woerner,TE,ATL,0.71,,,,,,,0.33,0.43,2.56,0.02,0.0
Kyle Pitts,TE,ATL,9.48,,,,,,,3.54,4.97,40.3,0.32,0.01
Austin Hooper,TE,ATL,2.36,,,,,,,0.94,1.33,9.54,0.08,0.0
Tucker Kraft,TE,GB,11.46,,,,,,,3.81,5.45,48.84,0.46,0.02
Josh Whyle,TE,GB,0.57,,,,,,,0.26,0.32,2.09,0.02,0.0
Davis Allen,TE,LAR,0.66,,,,,,,0.31,0.47,2.58,0.02,0.0
Erick All,TE,CIN,2.72,,,,,,,1.17,1.54,11.05,0.07,0.0
Ben Sinnott,TE,WAS,2.59,,,,,,,1.3,1.69,9.77,0.05,0.0
Hayden Rucci,TE,LAC,1.55,,,,,,,0.68,0.99,6.4,0.04,
Riley Nowakowski,TE,PIT,0.22,,,,,,,0.09,0.13,0.89,0.01,0.0
Will Kacmarek,TE,MIA,2.47,,,,,,,1.13,1.43,10.02,0.06,0.0
Travis Kelce,TE,KC,11.68,,,,,,,4.59,5.82,50.97,0.33,0.02
Darren Waller,TE,CAR,7.88,,,,,,,2.92,4.18,29.48,0.33,0.01
Chris Manhertz,TE,NYG,0.31,,,,,,,0.12,0.18,1.41,0.01,0.0
Hunter Henry,TE,NE,10.64,,,,,,,4.34,5.69,45.07,0.3,0.02
Tyler Higbee,TE,LAR,1.62,,,,,,,0.67,0.99,6.68,0.05,0.0
Evan Engram,TE,DEN,5.25,,,,,,,2.29,3.07,21.42,0.14,0.01
George Kittle,TE,SF,12.24,,,,,,,4.3,5.27,51.28,0.46,0.02
Mike Gesicki,TE,CIN,6.39,,,,,,,2.57,3.5,27.79,0.17,0.01
Noah Fant,TE,NO,3.79,,,,,,,1.51,2.0,13.85,0.15,0.01
Adam Trautman,TE,DEN,1.94,,,,,,,0.77,1.05,7.91,0.06,0.0
Noah Gray,TE,KC,3.39,,,,,,,1.36,1.79,13.79,0.11,0.01
Brenton Strange,TE,JAX,9.16,,,,,,,3.74,4.79,37.18,0.28,0.01
Brevyn Spann-Ford,TE,DAL,1.23,,,,,,,0.52,0.75,5.49,0.03,0.0
Terrance Ferguson,TE,LAR,7.68,,,,,,,2.73,5.59,30.96,0.3,0.01
Harold Fannin,TE,CLE,9.41,,,,0.22,0.81,0.02,3.77,5.24,36.86,0.3,0.01
Oscar Delp,TE,NO,1.91,,,,,,,0.87,1.06,7.12,0.06,0.0
Carsen Ryan,TE,CLE,0.2,,,,,,,0.09,0.12,0.81,0.01,
Robert Tonyan,TE,PIT,0.08,,,,,,,0.03,0.04,0.31,0.0,0.0
Foster Moreau,TE,HOU,3.04,,,,,,,1.24,1.54,13.14,0.08,0.0
Trey McBride,TE,ARI,16.91,,,,0.12,0.5,0.01,7.13,9.02,66.61,0.5,0.03
Jeremy Ruckert,TE,NYJ,3.61,,,,,,,1.69,2.19,13.05,0.1,0.01
Greg Dulcich,TE,MIA,6.96,,,,,,,2.82,3.71,32.11,0.15,0.01
Jelani Woods,TE,NYJ,0.83,,,,,,,0.32,0.52,3.56,0.03,
Drew Ogletree,TE,IND,0.39,,,,,,,0.16,0.25,1.59,0.01,0.0
Payne Durham,TE,TB,0.19,,,,,,,0.07,0.12,0.77,0.01,0.0
Theo Johnson,TE,NYG,3.41,,,,,,,1.26,1.89,17.01,0.08,0.0
AJ Barner,TE,SEA,8.44,,,,0.64,2.58,0.04,2.92,3.7,31.61,0.31,0.01
Tyler Warren,TE,IND,10.32,,,,0.34,1.14,0.01,4.39,6.53,39.26,0.3,0.02
Seydou Traore,TE,MIA,0.49,,,,,,,0.21,0.29,2.07,0.01,0.0
Mo Alie-Cox,TE,IND,1.07,,,,,,,0.44,0.66,4.37,0.03,0.0
Dalton Schultz,TE,HOU,11.77,,,,,,,5.03,6.62,53.01,0.24,0.02
Durham Smythe,TE,BAL,2.68,,,,,,,1.09,1.37,12.06,0.06,0.0
Tanner Hudson,TE,CIN,1.69,,,,,,,0.75,0.95,7.09,0.04,0.0
Juwan Johnson,TE,NO,10.29,,,,,,,4.05,5.33,46.27,0.27,0.02
Pat Freiermuth,TE,PIT,8.81,,,,,,,3.58,4.64,38.05,0.24,0.01
Tommy Tremble,TE,CAR,2.93,,,,,,,1.28,1.77,10.51,0.1,0.0
Jake Ferguson,TE,DAL,9.26,,,,,,,3.85,5.14,35.82,0.3,0.02
Cade Otton,TE,TB,7.24,,,,,,,3.16,4.49,30.72,0.17,0.01
Isaiah Likely,TE,NYG,9.84,,,,,,,3.86,4.74,44.5,0.25,0.01
Sam LaPorta,TE,DET,12.34,,,,0.06,0.29,0.0,4.58,6.0,51.22,0.43,0.02
Nate Adkins,TE,DEN,1.62,,,,,,,0.64,0.87,6.03,0.06,0.0
Colson Yankoff,TE,WAS,1.94,,,,,,,0.93,1.41,7.49,0.04,
Oronde Gadsden,TE,LAC,9.04,,,,,,,3.34,4.92,42.25,0.24,0.01
Gunnar Helm,TE,TEN,7.43,,,,,,,3.5,4.29,29.29,0.17,0.01
Nate Boerkircher,TE,JAX,1.48,,,,,,,0.63,0.89,5.88,0.04,0.0
Bauer Sharp,TE,TB,0.1,,,,,,,0.04,0.06,0.4,0.0,
Eric Saubert,TE,SEA,0.8,,,,,,,0.32,0.46,3.2,0.03,0.0
Ian Thomas,TE,LV,0.52,,,,,,,0.24,0.32,2.02,0.01,0.0
Dawson Knox,TE,BUF,4.25,,,,,,,1.49,2.13,16.58,0.18,0.01
Colby Parkinson,TE,LAR,5.93,,,,,,,2.28,3.45,22.05,0.24,0.01
Luke Farrell,TE,SF,1.98,,,,,,,0.88,0.99,7.75,0.05,0.0
Elijah Higgins,TE,ARI,1.8,,,,,,,0.83,1.01,7.62,0.03,0.0
Dalton Kincaid,TE,BUF,13.23,,,,,,,4.85,6.68,64.01,0.33,0.02
Luke Schoonmaker,TE,DAL,1.59,,,,,,,0.7,0.92,7.06,0.03,0.0
Cade Stover,TE,HOU,0.85,,,,0.12,0.43,0.0,0.35,0.46,3.24,0.02,0.0
Mitchell Evans,TE,CAR,1.6,,,,,,,0.69,0.96,6.59,0.04,0.0
Elijah Arroyo,TE,SEA,3.11,,,,,,,1.13,1.6,13.96,0.1,0.0
Jake Briningstool,TE,KC,0.8,,,,,,,0.31,0.41,3.3,0.03,
Marlin Klein,TE,HOU,1.74,,,,,,,0.76,0.92,7.48,0.04,0.0
Matt Hibner,TE,BAL,2.17,,,,,,,0.82,1.09,9.81,0.06,0.0
Justin Joly,TE,MIA,0.5,,,,,,,0.21,0.29,2.18,0.01,0.0
Tanner Koziol,TE,JAX,1.26,,,,,,,0.53,0.74,4.94,0.04,0.0
Mark Andrews,TE,BAL,11.78,,,,0.22,1.08,0.01,4.47,5.53,50.48,0.35,0.02
Drew Sample,TE,CIN,2.11,,,,,,,0.96,1.19,8.43,0.05,0.0
Quintin Morris,TE,JAX,0.49,,,,,,,0.21,0.29,1.83,0.02,0.0
John Bates,TE,WAS,2.43,,,,,,,1.13,1.61,9.34,0.06,0.0
Darnell Washington,TE,PIT,3.7,,,,,,,1.57,2.14,16.75,0.08,0.01
Cameron Latu,TE,NE,1.3,,,,,,,0.55,0.76,5.48,0.03,0.0
Blake Whiteheart,TE,CLE,2.27,,,,,,,0.9,1.34,8.43,0.09,0.0
Brock Bowers,TE,LV,13.04,,,,0.25,0.79,0.01,5.46,6.81,49.91,0.41,0.02
Jackson Hawes,TE,BUF,1.21,,,,,,,0.5,0.65,5.13,0.03,0.0
Josh Cuevas,TE,BAL,1.04,,,,,,,0.39,0.52,4.63,0.03,0.0
Kenyon Sadiq,TE,NYJ,8.62,,,,0.12,0.53,0.01,3.69,5.0,34.12,0.24,0.01
T.J. Hockenson,TE,MIN,8.75,,,,,,,3.62,4.69,36.32,0.25,0.01
Josh Oliver,TE,MIN,2.47,,,,,,,0.98,1.28,10.47,0.07,0.0
Feleipe Franks,TE,CAR,0.07,,,,0.05,0.19,0.0,0.02,0.03,0.17,0.0,0.0
Brock Wright,TE,DET,2.05,,,,,,,0.86,1.07,7.78,0.07,0.0
Daniel Bellinger,TE,TEN,2.03,,,,,,,0.86,1.1,8.91,0.05,0.0
Ko Kieft,TE,TB,0.04,,,,,,,0.02,0.03,0.17,0.0,0.0
Michael Mayer,TE,LV,4.75,,,,,,,2.25,3.17,19.53,0.09,0.01
E.J. Jenkins,TE,PHI,0.99,,,,,,,0.41,0.57,4.28,0.03,
Colston Loveland,TE,CHI,9.51,,,,0.06,0.18,0.0,3.42,5.03,39.93,0.34,0.01
Sam Roush,TE,CHI,1.92,,,,,,,0.85,1.32,7.92,0.05,0.0
Johnny Mundt,TE,PHI,3.04,,,,,,,1.29,1.86,13.02,0.07,
Zach Ertz,TE,PHI,2.9,,,,,,,1.21,1.67,12.57,0.07,0.0
Cole Kmet,TE,CHI,3.48,,,,,,,1.42,2.09,14.04,0.11,0.01
Ellis Richardson,TE,,,,,,,,,,,,,
Carl Tucker,TE,,,,,,,,,,,,,
Matt Seybert,TE,,,,,,,,,,,,,
Nick Boyle,TE,,,,,,,,,,,,,
Tommy Sweeney,TE,,,,,,,,,,,,,
Bryce Williams,TE,,,,,,,,,,,,,
Christian Sims,TE,,,,,,,,,,,,,
Ryan Yurachek,TE,,,,,,,,,,,,,
Joshua Lingenfelter,TE,,,,,,,,,,,,,
Elijah Wellman,TE,,,,,,,,,,,,,
Brett Weaver,TE,,,,,,,,,,,,,
Charles Clay,TE,,,,,,,,,,,,,
Drew Belcher,TE,,,,,,,,,,,,,
Stephen Anderson,TE,,,,,,,,,,,,,
Jordan Matthews,TE,,,,,,,,,,,,,
Hunter Kampmoyer,TE,,,,,,,,,,,,,
Jake Tonges,TE,SF,,,,,,,,,,,,
Brandon Dillon,TE,,,,,,,,,,,,,
C.J. Conrad,TE,,,,,,,,,,,,,
Dax Raymond,TE,PIT,,,,,,,,,,,,
Matt Weiser,TE,,,,,,,,,,,,,
Easton Dean,TE,,,,,,,,,,,,,
Travis Wilson,TE,,,,,,,,,,,,,
Parker Houston,TE,,,,,,,,,,,,,
Jacob Hollister,TE,,,,,,,,,,,,,
Kendall Blanton,TE,,,,,,,,,,,,,
Codey McElroy,TE,,,,,,,,,,,,,
Rory Anderson,TE,,,,,,,,,,,,,
Harold Spears,TE,,,,,,,,,,,,,
Stone Eby,TE,,,,,,,,,,,,,
Cole Hunt,TE,,,,,,,,,,,,,
Ben Johnson,TE,,,,,,,,,,,,,
Jesper Horsted,TE,,,,,,,,,,,,,
Alex Gray,TE,,,,,,,,,,,,,
Jerome Cunningham,TE,,,,,,,,,,,,,
Jean Sifrin,TE,,,,,,,,,,,,,
Tanner McLachlan,TE,,,,,,,,,,,,,
Romello Brooker,TE,,,,,,,,,,,,,
Dylan Soehner,TE,,,,,,,,,,,,,
Gee Scott,TE,,,,,,,,,,,,,
Derrick Deese,TE,,,,,,,,,,,,,
Kenny Fletcher,TE,,,,,,,,,,,,,
Stephen Sullivan,TE,,,,,,,,,,,,,
Brenden Bates,TE,JAX,,,,,,,,,,,,
Ernst Brun,TE,,,,,,,,,,,,,
Jalin Conyers,TE,,,,,,,,,,,,,
Giovanni Ricci,TE,,,,,,,,,,,,,
Jack Endries,TE,CIN,,,,,,,,,,,,
Vance McDonald,TE,,,,,,,,,,,,,
Paul Quessenberry,TE,,,,,,,,,,,,,
Jalen Wydermyer,TE,,,,,,,,,,,,,
Matt LaCosse,TE,NE,,,,,,,,,,,,
Matt Lengel,TE,,,,,,,,,,,,,
Dominick Wood-Anderson,TE,,,,,,,,,,,,,
Troy Fumagalli,TE,,,,,,,,,,,,,
Derek Carrier,TE,,,,,,,,,,,,,
Travis Koontz,TE,,,,,,,,,,,,,
Jesse James,TE,,,,,,,,,,,,,
Eli Raridon,TE,NE,,,,,,,,,,,,
Riley Sharp,TE,,,,,,,,,,,,,
James Looney,TE,,,,,,,,,,,,,
Jared Scott,TE,,,,,,,,,,,,,
Miles Kitselman,TE,DET,,,,,,,,,,,,
Isaac Nauta,TE,GB,,,,,,,,,,,,
Jared Cook,TE,,,,,,,,,,,,,
Ethan Wolf,TE,,,,,,,,,,,,,
Kaden Smith,TE,,,,,,,,,,,,,
Ryan Becker,TE,,,,,,,,,,,,,
Tyler Mabry,TE,,,,,,,,,,,,,
Rob Gronkowski,TE,,,,,,,,,,,,,
Dae'Quan Wright,TE,,,,,,,,,,,,,
Clayton Wilson,TE,,,,,,,,,,,,,
Zach Gentry,TE,,,,,,,,,,,,,
Moral Stephens,TE,,,,,,,,,,,,,
Jermaine Terry,TE,,,,,,,,,,,,,
Barrett Burns,TE,BAL,,,,,,,,,,,,
Erik Krommenhoek,TE,,,,,,,,,,,,,
Geor'Quarius Spivey,TE,,,,,,,,,,,,,
Jordan Petaia,TE,,,,,,,,,,,,,
Jake Powell,TE,,,,,,,,,,,,,
Zack Kuntz,TE,,,,,,,,,,,,,
John Michael Gyllenborg,TE,KC,,,,,,,,,,,,
Griffin Hebert,TE,,,,,,,,,,,,,
Heinrich Haarberg,TE,,,,,,,,,,,,,
John FitzPatrick,TE,CLE,,,,,,,,,,,,
Dallin Holker,TE,,,,,,,,,,,,,
Jerome Washington,TE,,,,,,,,,,,,,
Chris Bazile,TE,,,,,,,,,,,,,
Richard Rodgers,TE,,,,,,,,,,,,,
Jason Reese,TE,,,,,,,,,,,,,
Darion Clark,TE,,,,,,,,,,,,,
Jack Velling,TE,ATL,,,,,,,,,,,,
Chase Allen,TE,,,,,,,,,,,,,
Jake Burt,TE,,,,,,,,,,,,,
Will Mallory,TE,IND,,,,,,,,,,,,
Thomas Gordon,TE,DET,,,,,,,,,,,,
Noah Gindorff,TE,,,,,,,,,,,,,
Micky Crum,TE,,,,,,,,,,,,,
Bronson Kaufusi,TE,GB,,,,,,,,,,,,
Bucky Hodges,TE,,,,,,,,,,,,,
N'Keal Harry,TE,,,,,,,,,,,,,
Jake McGee,TE,,,,,,,,,,,,,
Brandon Barnes,TE,,,,,,,,,,,,,
Grant Calcaterra,TE,PHI,,,,,,,,,,,,
Jaren Kanak,TE,TEN,,,,,,,,,,,,
Graham Adomitis,TE,,,,,,,,,,,,,
Rhett Ellison,TE,,,,,,,,,,,,,
Farrod Green,TE,,,,,,,,,,,,,
Jason Vander Laan,TE,,,,,,,,,,,,,
Damien Caffrey,TE,,,,,,,,,,,,,
Leroy Watson,TE,,,,,,,,,,,,,
Lee Smith,TE,ATL,,,,,,,,,,,,
Stephen Baggett,TE,,,,,,,,,,,,,
Nakia Griffin-Stewart,TE,,,,,,,,,,,,,
Mike Rigerman,TE,,,,,,,,,,,,,
Grayson Gunter,TE,,,,,,,,,,,,,
Izaiah Gathings,TE,,,,,,,,,,,,,
Pharaoh Brown,TE,IND,,,,,,,,,,,,
Nick Muse,TE,ATL,,,,,,,,,,,,
Davis Koppenhaver,TE,,,,,,,,,,,,,
Carson Williams,TE,,,,,,,,,,,,,
Miller Forristall,TE,,,,,,,,,,,,,
Jordan Franks,TE,,,,,,,,,,,,,
Vernon Davis,TE,,,,,,,,,,,,,
Eli Stowers,TE,PHI,,,,,,,,,,,,
RJ Maryland,TE,,,,,,,,,,,,,
Dylan Stapleton,TE,,,,,,,,,,,,,
Bryson Nesbit,TE,,,,,,,,,,,,,
Khalil Dinkins,TE,SF,,,,,,,,,,,,
Mason Pline,TE,,,,,,,,,,,,,
Jeremiah Hall,TE,,,,,,,,,,,,,
Lawrence Cager,TE,,,,,,,,,,,,,
Trent Pennix,TE,,,,,,,,,,,,,
Jared Rice,TE,,,,,,,,,,,,,
Devin Funchess,TE,,,,,,,,,,,,,
Dylan Parham,TE,,,,,,,,,,,,,
Maxx Williams,TE,,,,,,,,,,,,,
Steven Stilianos,TE,,,,,,,,,,,,,
Gavin Bartholomew,TE,MIN,,,,,,,,,,,,
Lake McRee,TE,PIT,,,,,,,,,,,,
Daniel Crawford,TE,,,,,,,,,,,,,
Trevor Wood,TE,,,,,,,,,,,,,
Caleb Lohner,TE,DEN,,,,,,,,,,,,
Austin Fort,TE,,,,,,,,,,,,,
Zaire Mitchell-Paden,TE,HOU,,,,,,,,,,,,
Tyree Jackson,TE,,,,,,,,,,,,,
Kyle Rudolph,TE,,,,,,,,,,,,,
Keenen Brown,TE,,,,,,,,,,,,,
Bryce Pierre,TE,,,,,,,,,,,,,
Treyton Welch,TE,NO,,,,,,,,,,,,
Eli Wolf,TE,,,,,,,,,,,,,
Keith Towbridge,TE,,,,,,,,,,,,,
Garrett Hudson,TE,,,,,,,,,,,,,
Jeremiah Franklin,TE,,,,,,,,,,,,,
Blake Jarwin,TE,,,,,,,,,,,,,
Jordan Leggett,TE,,,,,,,,,,,,,
Peyton Hendershot,TE,,,,,,,,,,,,,
Nolan Givan,TE,,,,,,,,,,,,,
Michael Trigg,TE,DAL,,,,,,,,,,,,
Layne Pryor,TE,,,,,,,,,,,,,
Nikola Kalinic,TE,CHI,,,,,,,,,,,,
Luke Stocker,TE,,,,,,,,,,,,,
Hunter Long,TE,ARI,,,,,,,,,,,,
Kalif Jackson,TE,MIA,,,,,,,,,,,,
Brandon Frazier,TE,,,,,,,,,,,,,
John Stephens,TE,,,,,,,,,,,,,
Kyle Markway,TE,,,,,,,,,,,,,
Antony Auclair,TE,,,,,,,,,,,,,
J.P. Holtz,TE,,,,,,,,,,,,,
Beau Sandland,TE,,,,,,,,,,,,,
Mik'Quan Deane,TE,,,,,,,,,,,,,
Jack Doyle,TE,IND,,,,,,,,,,,,
Michael Miller,TE,,,,,,,,,,,,,
Nick O'Leary,TE,,,,,,,,,,,,,
Bruno Labelle,TE,,,,,,,,,,,,,
Dan Villari,TE,LAR,,,,,,,,,,,,
Jeff Heuerman,TE,,,,,,,,,,,,,
Tre Watson,TE,MIA,,,,,,,,,,,,
Antonio Gandy-Golden,TE,,,,,,,,,,,,,
Keleki Latu,TE,BUF,,,,,,,,,,,,
Jjay Mcafee,TE,,,,,,,,,,,,,
Brycen Hopkins,TE,,,,,,,,,,,,,
Jack Stoll,TE,SF,,,,,,,,,,,,
Tommy Hudson,TE,,,,,,,,,,,,,
Brayden Willis,TE,SF,,,,,,,,,,,,
Clive Walford,TE,,,,,,,,,,,,,
Tyrone Swoopes,TE,,,,,,,,,,,,,
Thomas Greaney,TE,,,,,,,,,,,,,
Cole Herdman,TE,,,,,,,,,,,,,
Justin Rigg,TE,,,,,,,,,,,,,
Jordan Reed,TE,,,,,,,,,,,,,
Taylor Sloat,TE,,,,,,,,,,,,,
James Mitchell,TE,DAL,,,,,,,,,,,,
Zach Horton,TE,,,,,,,,,,,,,
Parker Hesse,TE,,,,,,,,,,,,,
Rysen John,TE,,,,,,,,,,,,,
Eric Wallace,TE,,,,,,,,,,,,,
Ryan Jones,TE,,,,,,,,,,,,,
Sean McKeon,TE,,,,,,,,,,,,,
Deon Yelder,TE,,,,,,,,,,,,,
Kevin Foelsch,TE,,,,,,,,,,,,,
Jaheim Bell,TE,,,,,,,,,,,,,
Chase Curtis,TE,,,,,,,,,,,,,
Charlie Taumoepeau,TE,,,,,,,,,,,,,
Teagan Quitoriano,TE,ARI,,,,,,,,,,,,
Cameron Clear,TE,,,,,,,,,,,,,
Garrett Dickerson,TE,,,,,,,,,,,,,
Andrew Gleichert,TE,,,,,,,,,,,,,
Sean Culkin,TE,,,,,,,,,,,,,
Jacob Warren,TE,,,,,,,,,,,,,
Taylor McNamara,TE,,,,,,,,,,,,,
Phazahn Odom,TE,,,,,,,,,,,,,
Dallas Goedert,TE,PHI,,,,,,,,,,,,
Jimmy Graham,TE,,,,,,,,,,,,,
Gannon Sinclair,TE,,,,,,,,,,,,,
Brandon Williams,TE,,,,,,,,,,,,,
Reggie Brown,TE,,,,,,,,,,,,,
Justin Sinz,TE,,,,,,,,,,,,,
Ben Sims,TE,,,,,,,,,,,,,
Alec Holler,TE,,,,,,,,,,,,,
Louis Hansen,TE,,,,,,,,,,,,,
Mason Fairchild,TE,,,,,,,,,,,,,
Tyler Conklin,TE,DET,,,,,,,,,,,,
Eli Wilson,TE,,,,,,,,,,,,,
Leonard Taylor,TE,,,,,,,,,,,,,
Treyton Pickering,TE,,,,,,,,,,,,,
Patrick Herbert,TE,LAC,,,,,,,,,,,,
Devin Asiasi,TE,,,,,,,,,,,,,
Cethan Carter,TE,,,,,,,,,,,,,
Hayden Hurst,TE,,,,,,,,,,,,,
John Copenhaver,TE,,,,,,,,,,,,,
Steven Wroblewski,TE,,,,,,,,,,,,,
McCallan Castles,TE,,,,,,,,,,,,,
Scooter Harrington,TE,,,,,,,,,,,,,
Thomas Yassmin,TE,GB,,,,,,,,,,,,
Eric Tomlinson,TE,,,,,,,,,,,,,
Cary Angeline,TE,,,,,,,,,,,,,
Justin Johnson,TE,,,,,,,,,,,,,
Darren Fells,TE,TB,,,,,,,,,,,,
Nick Kallerup,TE,SEA,,,,,,,,,,,,
Cheyenne O'Grady,TE,,,,,,,,,,,,,
Tyler Eifert,TE,,,,,,,,,,,,,
Cade Brewer,TE,,,,,,,,,,,,,
Garrett Griffin,TE,,,,,,,,,,,,,
DJ Rogers,TE,DAL,,,,,,,,,,,,
Jevoni Robinson,TE,,,,,,,,,,,,,
Josh Bist,TE,,,,,,,,,,,,,
John Raine,TE,,,,,,,,,,,,,
Julian Hill,TE,NE,,,,,,,,,,,,
Thomas Fidone,TE,NYG,,,,,,,,,,,,
Billy Brown,TE,,,,,,,,,,,,,
Lachlan Pitts,TE,,,,,,,,,,,,,
Nick Bowers,TE,,,,,,,,,,,,,
DeShawn Hanika,TE,,,,,,,,,,,,,
O.J. Howard,TE,,,,,,,,,,,,,
Caleb Wilson,TE,,,,,,,,,,,,,
Mark Redman,TE,GB,,,,,,,,,,,,
Drew Biber,TE,,,,,,,,,,,,,
Lance Kendricks,TE,,,,,,,,,,,,,
Roger Carter,TE,,,,,,,,,,,,,
Johnny Lumpkin,TE,,,,,,,,,,,,,
Andrew Price,TE,,,,,,,,,,,,,
Hunter Bryant,TE,,,,,,,,,,,,,
Oscar Cardenas,TE,,,,,,,,,,,,,
Brevin Jordan,TE,HOU,,,,,,,,,,,,
Jerell Adams,TE,,,,,,,,,,,,,
Trey Knox,TE,,,,,,,,,,,,,
Connor Davis,TE,,,,,,,,,,,,,
Jason Witten,TE,,,,,,,,,,,,,
Ross Travis,TE,,,,,,,,,,,,,
Evan Baylis,TE,,,,,,,,,,,,,
Gerrit Prince,TE,,,,,,,,,,,,,
Marcus Baugh,TE,,,,,,,,,,,,,
Kole Taylor,TE,,,,,,,,,,,,,
Tyree Mayfield,TE,,,,,,,,,,,,,
Moliki Matavao,TE,NO,,,,,,,,,,,,
Austin Allen,TE,,,,,,,,,,,,,
Jake Hausmann,TE,,,,,,,,,,,,,
Marshall Lang,TE,MIN,,,,,,,,,,,,
Nick Vannett,TE,BAL,,,,,,,,,,,,
Kahale Warring,TE,,,,,,,,,,,,,
Ryan Smith,TE,,,,,,,,,,,,,
Taysom Hill,TE,,,,,,,,,,,,,
Jordan Thomas,TE,,,,,,,,,,,,,
Trey Burton,TE,,,,,,,,,,,,,
Jamal Pettigrew,TE,,,,,,,,,,,,,
Jared Wiley,TE,KC,,,,,,,,,,,,
Blake Mack,TE,,,,,,,,,,,,,
Jeremy Sprinkle,TE,,,,,,,,,,,,,
Ricky Seals-Jones,TE,,,,,,,,,,,,,
Ty Pezza,TE,BAL,,,,,,,,,,,,
DJ Thomas-Jones,TE,,,,,,,,,,,,,
Demetrius Harris,TE,,,,,,,,,,,,,
Albert Okwuegbunam,TE,,,,,,,,,,,,,
Ben Beise,TE,,,,,,,,,,,,,
Chris Herndon,TE,,,,,,,,,,,,,
Stevo Klotz,TE,,,,,,,,,,,,,
Scott Orndoff,TE,,,,,,,,,,,,,
Chris Pierce,TE,,,,,,,,,,,,,
JJ Howland,TE,,,,,,,,,,,,,
Dylan Leonard,TE,,,,,,,,,,,,,
Jake Butt,TE,,,,,,,,,,,,,
Marcus Santos-Silva,TE,,,,,,,,,,,,,
Franko House,TE,CHI,,,,,,,,,,,,
Brian Walker,TE,,,,,,,,,,,,,
Rohan Jones,TE,,,,,,,,,,,,,
Thaddeus Moss,TE,,,,,,,,,,,,,
Cam Grandy,TE,MIN,,,,,,,,,,,,
Charles Scarff,TE,,,,,,,,,,,,,
Landon Rice,TE,,,,,,,,,,,,,
Daniel Helm,TE,,,,,,,,,,,,,
Steven Scheu,TE,,,,,,,,,,,,,
Jimmy Bell,TE,,,,,,,,,,,,,
Brayden Lenius,TE,,,,,,,,,,,,,
Austin Roberts,TE,,,,,,,,,,,,,
Josiah Price,TE,,,,,,,,,,,,,
Caleb Repp,TE,,,,,,,,,,,,,
Luke Musgrave,TE,GB,,,,,,,,,,,,
Camren McDonald,TE,,,,,,,,,,,,,
Bug Howard,TE,,,,,,,,,,,,,
John Mitchell,TE,,,,,,,,,,,,,
Tim Tebow,TE,,,,,,,,,,,,,
Jaeden Graham,TE,,,,,,,,,,,,,
Jordan Akins,TE,,,,,,,,,,,,,
Garrett Walston,TE,,,,,,,,,,,,,
Kenny Yeboah,TE,ARI,,,,,,,,,,,,
Ben Koyack,TE,,,,,,,,,,,,,
Sammis Reyes,TE,,,,,,,,,,,,,
Andrew Vollert,TE,,,,,,,,,,,,,
Nate Wieting,TE,,,,,,,,,,,,,
Sal Cannella,TE,,,,,,,,,,,,,
Nick Eubanks,TE,,,,,,,,,,,,,
Naz Bohannon,TE,,,,,,,,,,,,,
Marcedes Lewis,TE,,,,,,,,,,,,,
Ben Yurosek,TE,MIN,,,,,,,,,,,,
Seth Green,TE,,,,,,,,,,,,,
Hunter Thedford,TE,,,,,,,,,,,,,
Shawn Bowman,TE,ARI,,,,,,,,,,,,
Curtis Hodges,TE,,,,,,,,,,,,,
Alex Ellis,TE,,,,,,,,,,,,,
Stone Smartt,TE,NO,,,,,,,,,,,,
Tyler Moore,TE,,,,,,,,,,,,,
Darrell Daniels,TE,,,,,,,,,,,,,
Nate Iese,TE,,,,,,,,,,,,,
J.J. Arcega-Whiteside,TE,,,,,,,,,,,,,
CJ Dippre,TE,TB,,,,,,,,,,,,
Messiah Swinson,TE,,,,,,,,,,,,,
Levine Toilolo,TE,NYG,,,,,,,,,,,,
Tanner Conner,TE,NE,,,,,,,,,,,,
Daniel Brown,TE,,,,,,,,,,,,,
David Reeves,TE,,,,,,,,,,,,,
Shaun Beyer,TE,,,,,,,,,,,,,
Virgil Green,TE,,,,,,,,,,,,,
Anthony Manzo-Lewis,TE,,,,,,,,,,,,,
Austin Stogner,TE,,,,,,,,,,,,,
Colin Jeter,TE,,,,,,,,,,,,,
Maximilian Mang,TE,,,,,,,,,,,,,
Eric Ebron,TE,PIT,,,,,,,,,,,,
Kris Leach,TE,,,,,,,,,,,,,
Dan Light,TE,,,,,,,,,,,,,
Ross Dwelley,TE,,,,,,,,,,,,,
Luke Willson,TE,,,,,,,,,,,,,
Justin Tukes,TE,,,,,,,,,,,,,
Caden Prieskorn,TE,,,,,,,,,,,,,
Cody Hardy,TE,NYJ,,,,,,,,,,,,
Nate Becker,TE,,,,,,,,,,,,,
Isaiah Searight,TE,,,,,,,,,,,,,
Caleb Bluiett,TE,,,,,,,,,,,,,
Jackson Harris,TE,,,,,,,,,,,,,
Nick Keizer,TE,,,,,,,,,,,,,
Dallen Bentley,TE,DEN,,,,,,,,,,,,
Lance Mason,TE,,,,,,,,,,,,,
Scott Simonson,TE,,,,,,,,,,,,,
Alize Mack,TE,,,,,,,,,,,,,
Thomas Odukoya,TE,KC,,,,,,,,,,,,
Tre' McKitty,TE,,,,,,,,,,,,,
Johnny Pascuzzi,TE,,,,,,,,,,,,,
Tim Semisch,TE,,,,,,,,,,,,,
Kano Dillon,TE,,,,,,,,,,,,,
Josh Hill,TE,,,,,,,,,,,,,
Chris Briggs,TE,,,,,,,,,,,,,
Delanie Walker,TE,,,,,,,,,,,,,
Mason Taylor,TE,NYJ,,,,,,,,,,,,
Adam Shaheen,TE,,,,,,,,,,,,,
M.J. McFarland,TE,,,,,,,,,,,,,
Tyler Neville,TE,,,,,,,,,,,,,
Hakeem Butler,TE,,,,,,,,,,,,,
Carson Meier,TE,,,,,,,,,,,,,
Xavier Grimble,TE,,,,,,,,,,,,,
Cam Sutton,TE,,,,,,,,,,,,,
Carson Towt,TE,IND,,,,,,,,,,,,
Michael Jacobson,TE,,,,,,,,,,,,,
Mason Schreck,TE,,,,,,,,,,,,,
Luke Deal,TE,,,,,,,,,,,,,
Mark Vital,TE,,,,,,,,,,,,,
Temarrick Hemingway,TE,WAS,,,,,,,,,,,,
Stevie Donatell,TE,,,,,,,,,,,,,
Tyler Hoppes,TE,,,,,,,,,,,,,
Malcolm Epps,TE,,,,,,,,,,,,,
Bernhard Seikovits,TE,,,,,,,,,,,,,
Travis Vokolek,TE,ARI,,,,,,,,,,,,
Cam Serigne,TE,,,,,,,,,,,,,
Seth DeValve,TE,,,,,,,,,,,,,
Nick Truesdell,TE,,,,,,,,,,,,,
Michael Colubiale,TE,,,,,,,,,,,,,
Chamon Metayer,TE,,,,,,,,,,,,,
Kevin Rader,TE,,,,,,,,,,,,,
Josh Babicz,TE,,,,,,,,,,,,,
Zach Heins,TE,,,,,,,,,,,,,
Ben Ellefson,TE,,,,,,,,,,,,,
Luke Lachey,TE,,,,,,,,,,,,,
Ryan Izzo,TE,,,,,,,,,,,,,
Donald Parham,TE,,,,,,,,,,,,,
Ian Bunting,TE,,,,,,,,,,,,,
Moritz Bohringer,TE,,,,,,,,,,,,,
Matt Bushman,TE,,,,,,,,,,,,,
Ja'Tavion Sanders,TE,CAR,,,,,,,,,,,,
Brian Vogler,TE,,,,,,,,,,,,,
Isaac Rex,TE,,,,,,,,,,,,,
Armani Rogers,TE,,,,,,,,,,,,,
Michael Ezeike,TE,,,,,,,,,,,,,
David Wells,TE,,,,,,,,,,,,,
Drake Dabney,TE,GB,,,,,,,,,,,,
Mitchell Wilcox,TE,,,,,,,,,,,,,
Anthony Landphere,TE,,,,,,,,,,,,,
La'Michael Pettway,TE,,,,,,,,,,,,,
Devin Mahina,TE,,,,,,,,,,,,,
Tony Poljan,TE,,,,,,,,,,,,,
Beau Gardner,TE,,,,,,,,,,,,,
Hale Hentges,TE,,,,,,,,,,,,,
Chris Myarick,TE,LV,,,,,,,,,,,,
Jackson Meeks,TE,DET,,,,,,,,,,,,
Kylen Granson,TE,TEN,,,,,,,,,,,,
David Martin-Robinson,TE,TEN,,,,,,,,,,,,
Joshua Perkins,TE,NYJ,,,,,,,,,,,,
Christian Trahan,TE,,,,,,,,,,,,,
Will Dissly,TE,,,,,,,,,,,,,
Connor Hulstein,TE,,,,,,,,,,,,,
Sam Cotton,TE,,,,,,,,,,,,,
Sage Surratt,TE,,,,,,,,,,,,,
Quentin Moore,TE,,,,,,,,,,,,,
Josiah Deguara,TE,PHI,,,,,,,,,,,,
Briley Moore,TE,,,,,,,,,,,,,
Kehinde Oginni,TE,,,,,,,,,,,,,
Lucas Krull,TE,DEN,,,,,,,,,,,,
Hayden Large,TE,CHI,,,,,,,,,,,,
Carter Runyon,TE,LV,,,,,,,,,,,,
MyCole Pruitt,TE,,,,,,,,,,,,,
Charles Jones,TE,,,,,,,,,,,,,
Jody Fortson,TE,,,,,,,,,,,,,
Jason Croom,TE,,,,,,,,,,,,,
DeSean Smith,TE,,,,,,,,,,,,,
Princeton Fant,TE,DAL,,,,,,,,,,,,
Jordan Murray,TE,,,,,,,,,,,,,
Jake Roh,TE,,,,,,,,,,,,,
Harrison Bryant,TE,,,,,,,,,,,,,
Charlie Kolar,TE,LAC,,,,,,,,,,,,
Joshua Simon,TE,,,,,,,,,,,,,
Dylan Cantrell,TE,,,,,,,,,,,,,
Gerald Everett,TE,,,,,,,,,,,,,
Dre Miller,TE,,,,,,,,,,,,,
Tyler Kroft,TE,,,,,,,,,,,,,
Luke Benson,TE,,,,,,,,,,,,,
Anthony Firkser,TE,,,,,,,,,,,,,
Max Klare,TE,LAR,,,,,,,,,,,,
James O'Shaughnessy,TE,,,,,,,,,,,,,
Kent Taylor,TE,,,,,,,,,,,,,
Shane Zylstra,TE,,,,,,,,,,,,,
Jacob Breeland,TE,,,,,,,,,,,,,
Tip Reiman,TE,ARI,,,,,,,,,,,,
DeShon Williams,TE,,,,,,,,,,,,,
Joel Honigford,TE,,,,,,,,,,,,,
Colin Granger,TE,,,,,,,,,,,,,
Garrett Celek,TE,,,,,,,,,,,,,
Devon Garrison,TE,,,,,,,,,,,,,
Ryan Griffin,TE,,,,,,,,,,,,,
Lincoln Sefcik,TE,,,,,,,,,,,,,
Jared Pinkney,TE,,,,,,,,,,,,,
Joel Wilson,TE,TEN,,,,,,,,,,,,
Chase Harrell,TE,,,,,,,,,,,,,
Ben Braunecker,TE,,,,,,,,,,,,,
Eric Frohnapfel,TE,,,,,,,,,,,,,
Josh Pederson,TE,,,,,,,,,,,,,
Pat Conroy,TE,,,,,,,,,,,,,
JJ Galbreath,TE,,,,,,,,,,,,,
Alex Larson,TE,,,,,,,,,,,,,
Cole Turner,TE,MIA,,,,,,,,,,,,
Jibri Blount,TE,,,,,,,,,,,,,
Cameron Brate,TE,,,,,,,,,,,,,
Adam Zaruba,TE,,,,,,,,,,,,,
Evan Svoboda,TE,LAC,,,,,,,,,,,,
Eni Falayi,TE,,,,,,,,,,,,,
Blake Bell,TE,,,,,,,,,,,,,
Jack Westover,TE,WAS,,,,,,,,,,,,
Mike Estes,TE,,,,,,,,,,,,,
Stephen Carlson,TE,CHI,,,,,,,,,,,,
Chig Okonkwo,TE,WAS,,,,,,,,,,,,
Zach Davidson,TE,,,,,,,,,,,,,
Rivaldo Fairweather,TE,,,,,,,,,,,,,
Wyatt Houston,TE,CAR,,,,,,,,,,,,
Clay Burton,TE,,,,,,,,,,,,,
Noah Togiai,TE,,,,,,,,,,,,,
Neal Johnson,TE,,,,,,,,,,,,,
Joe Royer,TE,CLE,,,,,,,,,,,,
Logan Stokes,TE,,,,,,,,,,,,,
Sam Pitz,TE,,,,,,,,,,,,,
Aaron Peck,TE,,,,,,,,,,,,,
Ethan Conner,TE,,,,,,,,,,,,,
Artayvious Lynn,TE,,,,,,,,,,,,,
Matt Lauter,TE,,,,,,,,,,,,,
Geoff Swaim,TE,,,,,,,,,,,,,
Irv Smith,TE,,,,,,,,,,,,,
Dalton Keene,TE,,,,,,,,,,,,,
Gunnar Oakes,TE,,,,,,,,,,,,,
Christian Scotland-Williamson,TE,,,,,,,,,,,,,
C.J. Uzomah,TE,,,,,,,,,,,,,
Trevon Wesco,TE,,,,,,,,,,,,,
Tanner Arkin,TE,NE,,,,,,,,,,,,
John Samuel Shenker,TE,,,,,,,,,,,,,
Tyler Davis,TE,,,,,,,,,,,,,
Troy Mangen,TE,,,,,,,,,,,,,
David Njoku,TE,LAC,,,,,,,,,,,,
Darion Griswold,TE,,,,,,,,,,,,,
Ademola Faleye,TE,,,,,,,,,,,,,
Dominique Dafney,TE,,,,,,,,,,,,,
Baylor Cupp,TE,,,,,,,,,,,,,
Logan Paulsen,TE,,,,,,,,,,,,,
Pro Wells,TE,,,,,,,,,,,,,
Patrick Murtagh,TE,,,,,,,,,,,,,
Tucker Fisk,TE,,,,,,,,,,,,,
Patrick Gurd,TE,LV,,,,,,,,,,,,
Kivon Cartwright,TE,,,,,,,,,,,,,
Jameson Geers,TE,ARI,,,,,,,,,,,,
Ray Hamilton,TE,,,,,,,,,,,,,
Jace Sternberger,TE,,,,,,,,,,,,,
Nick Guggemos,TE,,,,,,,,,,,,,
Colin Thompson,TE,,,,,,,,,,,,,
Anthony Torres,TE,,,,,,,,,,,,,
Josh Kattus,TE,,,,,,,,,,,,,
Cole Fotheringham,TE,,,,,,,,,,,,,
Dan Arnold,TE,,,,,,,,,,,,,
Tanner Taula,TE,,,,,,,,,,,,,
Devin Culp,TE,TB,,,,,,,,,,,,
Rodney Williams,TE,,,,,,,,,,,,,
Ben Mason,TE,,,,,,,,,,,,,
Matt Sokol,TE,,,,,,,,,,,,,
Logan Thomas,TE,,,,,,,,,,,,,
Alec Bloom,TE,,,,,,,,,,,,,
Benjamin Watson,TE,,,,,,,,,,,,,
