name,pos,team,pts_ppr,pass_yd,pass_td,pass_int,rush_att,rush_yd,rush_td,rec,rec_tgt,rec_yd,rec_td,fum_lost
Deshaun Watson,QB,CLE,15.0,219.55,1.31,0.99,4.33,17.2,0.07,,,,,0.16
Aaron Rodgers,QB,PIT,13.81,185.63,1.32,0.36,2.07,10.98,0.09,,,,,0.17
Jared Goff,QB,DET,18.61,261.47,2.06,0.83,1.71,5.53,0.06,,,,,0.22
Matthew Stafford,QB,LAR,16.53,245.54,1.76,0.6,1.35,3.22,0.01,,,,,0.18
Trevor Lawrence,QB,JAX,20.45,284.11,1.61,1.01,4.3,21.41,0.27,,,,,0.2
Bryce Young,QB,CAR,19.36,233.21,1.71,0.56,4.07,23.46,0.26,,,,,0.2
Tyson Bagent,QB,CHI,15.23,201.14,1.27,0.32,4.46,18.67,0.13,,,,,0.18
Kirk Cousins,QB,LV,14.72,197.71,1.61,0.5,1.94,4.75,0.09,,,,,0.17
Jacoby Brissett,QB,ARI,15.79,202.07,1.52,0.39,3.33,14.09,0.14,,,,,0.19
Patrick Mahomes,QB,KC,21.28,245.08,1.98,0.4,3.97,22.68,0.32,,,,,0.21
Daniel Jones,QB,IND,16.69,211.09,1.59,0.45,3.61,17.61,0.13,,,,,0.18
Jordan Love,QB,GB,17.09,249.76,1.56,0.72,3.18,13.27,0.07,,,,,0.18
Drake Maye,QB,NE,17.79,221.04,1.19,0.71,5.75,36.22,0.24,,,,,0.18
Jalon Daniels,QB,TB,13.18,186.48,1.07,1.29,4.62,19.38,0.16,,,,,0.12
Lamar Jackson,QB,BAL,21.75,238.63,1.32,0.33,9.16,53.55,0.33,,,,,0.17
Sam Darnold,QB,SEA,17.09,247.22,1.69,1.25,3.16,10.24,0.15,,,,,0.19
Kyler Murray,QB,MIN,17.85,204.94,1.39,0.54,5.71,31.14,0.28,,,,,0.17
Brock Purdy,QB,SF,20.37,247.19,1.92,0.74,4.08,21.56,0.24,,,,,0.2
C.J. Stroud,QB,HOU,18.46,258.21,1.59,0.37,2.99,14.27,0.15,,,,,0.19
Geno Smith,QB,NYJ,14.9,236.87,1.14,1.13,3.49,15.98,0.1,,,,,0.17
Dak Prescott,QB,DAL,18.34,281.01,1.62,0.89,3.0,11.9,0.08,,,,,0.21
Josh Allen,QB,BUF,23.41,225.81,1.22,0.46,8.34,40.52,0.99,,,,,0.2
Joe Burrow,QB,CIN,19.59,271.94,1.95,0.92,3.47,13.53,0.11,,,,,0.23
Justin Herbert,QB,LAC,14.27,208.37,1.22,0.91,3.97,15.05,0.11,,,,,0.16
Jalen Hurts,QB,PHI,16.55,196.43,1.09,0.7,6.33,31.16,0.34,,,,,0.15
Bo Nix,QB,DEN,18.33,229.14,1.63,0.36,4.27,17.31,0.24,,,,,0.2
Cam Ward,QB,TEN,12.91,202.22,0.83,0.34,2.8,9.29,0.18,,,,,0.16
Jameis Winston,QB,NYG,15.38,200.94,1.53,0.73,3.34,15.19,0.11,,,,,0.17
Malik Willis,QB,MIA,12.99,186.66,0.56,0.55,5.24,21.15,0.31,,,,,0.13
Michael Penix,QB,ATL,14.85,208.47,1.28,0.47,2.83,10.89,0.16,,,,,0.17
Tyler Shough,QB,NO,17.89,251.65,1.57,1.15,4.64,19.38,0.17,,,,,0.21
Kinkead Dent,QB,,,,,,,,,,,,,
Brett Gabbert,QB,,,,,,,,,,,,,
Behren Morton,QB,NE,,,,,,,,,,,,
AJ McCarron,QB,,,,,,,,,,,,,
Joe Flacco,QB,CIN,,,,,,,,,,,,
Ryan Griffin,QB,,,,,,,,,,,,,
Steven Montez,QB,,,,,,,,,,,,,
Max Duggan,QB,,,,,,,,,,,,,
Jacob Eason,QB,,,,,,,,,,,,,
Jamie Newman,QB,,,,,,,,,,,,,
Davis Mills,QB,HOU,,,,,,,,,,,,
Anthony Brown,QB,,,,,,,,,,,,,
Drew Lock,QB,SEA,,,,,,,,,,,,
Taryn Christion,QB,,,,,,,,,,,,,
Joe Milton,QB,DAL,,,,,,,,,,,,
Marquise Williams,QB,,,,,,,,,,,,,
Kevin Hogan,QB,,,,,,,,,,,,,
Chad Henne,QB,,,,,,,,,,,,,
Reid Sinnett,QB,,,,,,,,,,,,,
Jaren Hall,QB,,,,,,,,,,,,,
Jalen Morton,QB,IND,,,,,,,,,,,,
Jarrett Guarantano,QB,,,,,,,,,,,,,
Kyron Drones,QB,,,,,,,,,,,,,
DeShone Kizer,QB,,,,,,,,,,,,,
Robert Griffin,QB,,,,,,,,,,,,,
Zack Annexstad,QB,,,,,,,,,,,,,
Andy Dalton,QB,PHI,,,,,,,,,,,,
Anthony Boone,QB,,,,,,,,,,,,,
Davis Webb,QB,,,,,,,,,,,,,
T.J. Linta,QB,,,,,,,,,,,,,
Connor Jessop,QB,,,,,,,,,,,,,
Manny Wilkins,QB,,,,,,,,,,,,,
Brian Hoyer,QB,,,,,,,,,,,,,
Brian Lewerke,QB,,,,,,,,,,,,,
Austin Reed,QB,,,,,,,,,,,,,
C.J. Beathard,QB,,,,,,,,,,,,,
Miller Moss,QB,CHI,,,,,,,,,,,,
Tua Tagovailoa,QB,ATL,,,,,,,,,,,,
Brett Hundley,QB,,,,,,,,,,,,,
Zach Wilson,QB,NO,,,,,,,,,,,,
Case Cookus,QB,,,,,,,,,,,,,
Seth Henigan,QB,,,,,,,,,,,,,
Jake Browning,QB,,,,,,,,,,,,,
Ethan Garbers,QB,,,,,,,,,,,,,
Sam Ehlinger,QB,DEN,,,,,,,,,,,,
Shane Carden,QB,,,,,,,,,,,,,
J'Mar Smith,QB,,,,,,,,,,,,,
Chandler Morris,QB,,,,,,,,,,,,,
James Franklin,QB,,,,,,,,,,,,,
Matt Ryan,QB,,,,,,,,,,,,,
Chase Litton,QB,,,,,,,,,,,,,
Cooper Rush,QB,ATL,,,,,,,,,,,,
Brandon Silvers,QB,,,,,,,,,,,,,
Hendon Hooker,QB,TEN,,,,,,,,,,,,
Kevin Davidson,QB,,,,,,,,,,,,,
Tre Ford,QB,,,,,,,,,,,,,
Andrew Peasley,QB,,,,,,,,,,,,,
Michael Pratt,QB,,,,,,,,,,,,,
Blake Bortles,QB,NO,,,,,,,,,,,,
Josh Johnson,QB,CIN,,,,,,,,,,,,
Taylor Heinicke,QB,,,,,,,,,,,,,
Athan Kaliakmanis,QB,WAS,,,,,,,,,,,,
Cade Peterson,QB,,,,,,,,,,,,,
Jimmy Garoppolo,QB,,,,,,,,,,,,,
Trevor Knight,QB,,,,,,,,,,,,,
Rocky Lombardi,QB,,,,,,,,,,,,,
John Paddock,QB,,,,,,,,,,,,,
Jake Heaps,QB,,,,,,,,,,,,,
Peewee Jarrett,QB,,,,,,,,,,,,,
Ryan Tannehill,QB,,,,,,,,,,,,,
Ben DiNucci,QB,,,,,,,,,,,,,
Nathan Rourke,QB,,,,,,,,,,,,,
Shedeur Sanders,QB,CLE,,,,,,,,,,,,
Peter Pujals,QB,,,,,,,,,,,,,
Jacob Clark,QB,,,,,,,,,,,,,
Tommy Armstrong Jr.,QB,,,,,,,,,,,,,
Gavin Hardison,QB,,,,,,,,,,,,,
Jordan Travis,QB,,,,,,,,,,,,,
Garrett Greene,QB,TB,,,,,,,,,,,,
Taulia Tagovailoa,QB,,,,,,,,,,,,,
Case Keenum,QB,CHI,,,,,,,,,,,,
Joey Aguilar,QB,JAX,,,,,,,,,,,,
Tom Brady,QB,,,,,,,,,,,,,
Sean Clifford,QB,CIN,,,,,,,,,,,,
Michael Hiers,QB,,,,,,,,,,,,,
Tyrod Taylor,QB,GB,,,,,,,,,,,,
Baker Mayfield,QB,TB,,,,,,,,,,,,
John Matocha,QB,,,,,,,,,,,,,
Dorian Thompson-Robinson,QB,,,,,,,,,,,,,
Emory Jones,QB,,,,,,,,,,,,,
Mark Gronowski,QB,HOU,,,,,,,,,,,,
Shea Patterson,QB,,,,,,,,,,,,,
Joel Stave,QB,,,,,,,,,,,,,
Will Levis,QB,NYJ,,,,,,,,,,,,
Tyler Bray,QB,,,,,,,,,,,,,
Carson Strong,QB,,,,,,,,,,,,,
Wilton Speight,QB,,,,,,,,,,,,,
Carson Beck,QB,ARI,,,,,,,,,,,,
Kyle Trask,QB,,,,,,,,,,,,,
Jacob Dolegala,QB,,,,,,,,,,,,,
Logan Woodside,QB,,,,,,,,,,,,,
Felix Harper,QB,,,,,,,,,,,,,
Tyler Huntley,QB,BAL,,,,,,,,,,,,
Chevan Cordeiro,QB,,,,,,,,,,,,,
Broc Rutter,QB,,,,,,,,,,,,,
Jake Haener,QB,NYG,,,,,,,,,,,,
Drew Anderson,QB,,,,,,,,,,,,,
Skylar Thompson,QB,BAL,,,,,,,,,,,,
Tanner Morgan,QB,,,,,,,,,,,,,
Haynes King,QB,CAR,,,,,,,,,,,,
Easton Stick,QB,TB,,,,,,,,,,,,
Tommy Stevens,QB,NYG,,,,,,,,,,,,
David Fales,QB,,,,,,,,,,,,,
Bailey Zappe,QB,,,,,,,,,,,,,
Taylor Elgersma,QB,,,,,,,,,,,,,
Kurt Benkert,QB,,,,,,,,,,,,,
Collin Schlee,QB,,,,,,,,,,,,,
Nick Tiano,QB,,,,,,,,,,,,,
Paxton Lynch,QB,,,,,,,,,,,,,
Josh Rosen,QB,,,,,,,,,,,,,
Luke Falk,QB,,,,,,,,,,,,,
Cole Payton,QB,PHI,,,,,,,,,,,,
Nick Schuessler,QB,PIT,,,,,,,,,,,,
Tim Boyle,QB,,,,,,,,,,,,,
Dalton Sturm,QB,,,,,,,,,,,,,
Kenny Pickett,QB,CAR,,,,,,,,,,,,
Jacob Huesman,QB,,,,,,,,,,,,,
Tim DeMorat,QB,,,,,,,,,,,,,
Justin Fields,QB,KC,,,,,,,,,,,,
Wes Lunt,QB,,,,,,,,,,,,,
Hunter Dekkers,QB,,,,,,,,,,,,,
Clayton Tune,QB,,,,,,,,,,,,,
Spencer Sanders,QB,,,,,,,,,,,,,
Kedon Slovis,QB,GB,,,,,,,,,,,,
Mitchell Trubisky,QB,TEN,,,,,,,,,,,,
Matt Corral,QB,,,,,,,,,,,,,
Jaxson Dart,QB,NYG,,,,,,,,,,,,
Roland Rivers,QB,,,,,,,,,,,,,
K.J. Costello,QB,,,,,,,,,,,,,
Will Grier,QB,,,,,,,,,,,,,
Cam Newton,QB,,,,,,,,,,,,,
Tyler Ferguson,QB,,,,,,,,,,,,,
J.J. McCarthy,QB,NYG,,,,,,,,,,,,
John Rhys Plumlee,QB,,,,,,,,,,,,,
Chase Daniel,QB,,,,,,,,,,,,,
Casey Bauman,QB,,,,,,,,,,,,,
Phillip Sims,QB,,,,,,,,,,,,,
Riley Leonard,QB,IND,,,,,,,,,,,,
Chad Kelly,QB,,,,,,,,,,,,,
Cody Kessler,QB,,,,,,,,,,,,,
Nick Fitzgerald,QB,,,,,,,,,,,,,
Max Brosmer,QB,MIN,,,,,,,,,,,,
Brandon Allen,QB,,,,,,,,,,,,,
Connor Bazelak,QB,,,,,,,,,,,,,
Eli Jenkins,QB,,,,,,,,,,,,,
Colt McCoy,QB,,,,,,,,,,,,,
Diego Pavia,QB,,,,,,,,,,,,,
Hajj-Malik Williams,QB,,,,,,,,,,,,,
Tommy DeVito,QB,NE,,,,,,,,,,,,
Will Howard,QB,PIT,,,,,,,,,,,,
Shane Buechele,QB,BUF,,,,,,,,,,,,
Nate Sudfeld,QB,,,,,,,,,,,,,
Dustin Crum,QB,,,,,,,,,,,,,
Cole McDonald,QB,,,,,,,,,,,,,
Derek Carr,QB,,,,,,,,,,,,,
Vincent Testaverde,QB,,,,,,,,,,,,,
Dresser Winn,QB,,,,,,,,,,,,,
Stetson Bennett,QB,LAR,,,,,,,,,,,,
Anthony Richardson,QB,IND,,,,,,,,,,,,
Joshua Dobbs,QB,DET,,,,,,,,,,,,
Holton Ahlers,QB,,,,,,,,,,,,,
Aidan O'Connell,QB,LV,,,,,,,,,,,,
Brett Rypien,QB,TB,,,,,,,,,,,,
David Olson,QB,,,,,,,,,,,,,
Joe Webb,QB,,,,,,,,,,,,,
Collin Hill,QB,,,,,,,,,,,,,
Trey Lance,QB,LAC,,,,,,,,,,,,
Ryan Finley,QB,,,,,,,,,,,,,
Sawyer Robertson,QB,,,,,,,,,,,,,
Zach Terrell,QB,BAL,,,,,,,,,,,,
Jake Coker,QB,,,,,,,,,,,,,
Devin Leary,QB,,,,,,,,,,,,,
Kurtis Rourke,QB,SF,,,,,,,,,,,,
Nathan Peterman,QB,,,,,,,,,,,,,
Bryce Perkins,QB,,,,,,,,,,,,,
Kenji Bahar,QB,,,,,,,,,,,,,
Mitch Leidner,QB,,,,,,,,,,,,,
Anthony Gordon,QB,,,,,,,,,,,,,
Clayton Thorson,QB,NYG,,,,,,,,,,,,
Ty Simpson,QB,LAR,,,,,,,,,,,,
Jake Luton,QB,,,,,,,,,,,,,
Russell Wilson,QB,,,,,,,,,,,,,
Austin Aune,QB,,,,,,,,,,,,,
Ken Seals,QB,,,,,,,,,,,,,
Fernando Mendoza,QB,LV,,,,,,,,,,,,
Matt Barkley,QB,,,,,,,,,,,,,
James Blackman,QB,,,,,,,,,,,,,
Mike Bercovici,QB,,,,,,,,,,,,,
P.J. Walker,QB,,,,,,,,,,,,,
Gunnar Watson,QB,,,,,,,,,,,,,
Jeremy Moussa,QB,,,,,,,,,,,,,
Chris Oladokun,QB,,,,,,,,,,,,,
DJ Uiagalelei,QB,LAC,,,,,,,,,,,,
Logan Kilgore,QB,,,,,,,,,,,,,
Devlin Hodges,QB,,,,,,,,,,,,,
Cade Klubnik,QB,NYJ,,,,,,,,,,,,
Jack Coan,QB,,,,,,,,,,,,,
Bart Houston,QB,,,,,,,,,,,,,
Brady Cook,QB,MIA,,,,,,,,,,,,
Cole Kelley,QB,,,,,,,,,,,,,
Sean Mannion,QB,,,,,,,,,,,,,
Nick Stevens,QB,,,,,,,,,,,,,
Alex Smith,QB,,,,,,,,,,,,,
Josh McCown,QB,,,,,,,,,,,,,
Davis Cheek,QB,,,,,,,,,,,,,
Nick Foles,QB,,,,,,,,,,,,,
Nate Stanley,QB,,,,,,,,,,,,,
Matthew Caldwell,QB,LAR,,,,,,,,,,,,
Desmond Ridder,QB,,,,,,,,,,,,,
Teddy Bridgewater,QB,,,,,,,,,,,,,
Jack Heneghan,QB,,,,,,,,,,,,,
Kaidon Salter,QB,,,,,,,,,,,,,
James Morgan,QB,,,,,,,,,,,,,
Kyle Allen,QB,BUF,,,,,,,,,,,,
Austin Appleby,QB,,,,,,,,,,,,,
Matt Schaub,QB,,,,,,,,,,,,,
Trace McSorley,QB,,,,,,,,,,,,,
Riley Neal,QB,,,,,,,,,,,,,
David Blough,QB,,,,,,,,,,,,,
Trevor Siemian,QB,,,,,,,,,,,,,
Ian Book,QB,,,,,,,,,,,,,
Jason Bean,QB,,,,,,,,,,,,,
Garrett Gilbert,QB,,,,,,,,,,,,,
Carson Wentz,QB,MIN,,,,,,,,,,,,
Graham Mertz,QB,HOU,,,,,,,,,,,,
Philip Rivers,QB,,,,,,,,,,,,,
Cam Miller,QB,,,,,,,,,,,,,
Dillon Gabriel,QB,CLE,,,,,,,,,,,,
Mike Glennon,QB,,,,,,,,,,,,,
Spencer Rattler,QB,NO,,,,,,,,,,,,
Gardner Minshew,QB,ARI,,,,,,,,,,,,
Mike White,QB,,,,,,,,,,,,,
Colby Suits,QB,,,,,,,,,,,,,
Kellen Mond,QB,,,,,,,,,,,,,
Jarrett Stidham,QB,DEN,,,,,,,,,,,,
Kyle McCord,QB,MIA,,,,,,,,,,,,
Quinn Ewers,QB,JAX,,,,,,,,,,,,
Jordan Ta'amu,QB,,,,,,,,,,,,,
Ryan Willis,QB,,,,,,,,,,,,,
Ben Wooldridge,QB,,,,,,,,,,,,,
Jake Rudock,QB,,,,,,,,,,,,,
Nic Shimonek,QB,,,,,,,,,,,,,
Garrett Nussmeier,QB,KC,,,,,,,,,,,,
Sefo Liufau,QB,,,,,,,,,,,,,
Tanner McKee,QB,PHI,,,,,,,,,,,,
Kyle Shurmur,QB,,,,,,,,,,,,,
Zach Conque,QB,,,,,,,,,,,,,
Matt Moore,QB,,,,,,,,,,,,,
Josh Woodrum,QB,,,,,,,,,,,,,
E.J. Perry,QB,,,,,,,,,,,,,
Chris Streveler,QB,,,,,,,,,,,,,
Jack Plummer,QB,,,,,,,,,,,,,
Max Wittek,QB,,,,,,,,,,,,,
Lamar Jordan,QB,,,,,,,,,,,,,
Austin Allen,QB,,,,,,,,,,,,,
Carter Bradley,QB,,,,,,,,,,,,,
Bryan Bennett,QB,,,,,,,,,,,,,
Nolan Henderson,QB,,,,,,,,,,,,,
Danny Etling,QB,,,,,,,,,,,,,
Jerod Evans,QB,,,,,,,,,,,,,
E.J. Warner,QB,,,,,,,,,,,,,
Chase Garbers,QB,,,,,,,,,,,,,
Drew Plitt,QB,,,,,,,,,,,,,
Ben Roethlisberger,QB,PIT,,,,,,,,,,,,
Tanner Mordecai,QB,,,,,,,,,,,,,
Sam Hartman,QB,WAS,,,,,,,,,,,,
Jacob Sirmon,QB,,,,,,,,,,,,,
Sam Howell,QB,DAL,,,,,,,,,,,,
Caleb Williams,QB,CHI,,,,,,,,,,,,
Drew Stanton,QB,,,,,,,,,,,,,
Jerry Lovelocke,QB,,,,,,,,,,,,,
Jalan McClendon,QB,,,,,,,,,,,,,
Luis Perez,QB,,,,,,,,,,,,,
Eric Dungey,QB,,,,,,,,,,,,,
Jake Fromm,QB,,,,,,,,,,,,,
Jeff Driskel,QB,,,,,,,,,,,,,
Kyle Sloter,QB,,,,,,,,,,,,,
Aaron Bailey,QB,BAL,,,,,,,,,,,,
Ryan Fitzpatrick,QB,,,,,,,,,,,,,
Mason Rudolph,QB,PIT,,,,,,,,,,,,
J.T. Barrett,QB,,,,,,,,,,,,,
D'Eriq King,QB,,,,,,,,,,,,,
Marcus Mariota,QB,WAS,,,,,,,,,,,,
Mike DiLiello,QB,,,,,,,,,,,,,
Nick Mullens,QB,JAX,,,,,,,,,,,,
Jalen Milroe,QB,SEA,,,,,,,,,,,,
Brandon Peters,QB,,,,,,,,,,,,,
Taylen Green,QB,CLE,,,,,,,,,,,,
Kyle Lauletta,QB,,,,,,,,,,,,,
Drew Brees,QB,,,,,,,,,,,,,
Alex Tanney,QB,,,,,,,,,,,,,
Adrian Martinez,QB,,,,,,,,,,,,,
Jake Retzlaff,QB,,,,,,,,,,,,,
Mac Jones,QB,SF,,,,,,,,,,,,
Joe Fagnano,QB,BAL,,,,,,,,,,,,
Blaine Gabbert,QB,,,,,,,,,,,,,
Josh Love,QB,,,,,,,,,,,,,
Drew Allar,QB,PIT,,,,,,,,,,,,
Jayden Daniels,QB,WAS,,,,,,,,,,,,
Jake Waters,QB,,,,,,,,,,,,,
Luke Altmyer,QB,DET,,,,,,,,,,,,
Levi Lewis,QB,,,,,,,,,,,,,
John Wolford,QB,,,,,,,,,,,,,
Jack Strand,QB,ATL,,,,,,,,,,,,
William Thompson,QB,,,,,,,,,,,,,
Cole Stoudt,QB,,,,,,,,,,,,,
Aeneas Dennis,QB,,,,,,,,,,,,,
Cody Fajardo,QB,,,,,,,,,,,,,
Brogan Roback,QB,,,,,,,,,,,,,
Payton Thorne,QB,,,,,,,,,,,,,
Ben Bryant,QB,,,,,,,,,,,,,
Alex McGough,QB,,,,,,,,,,,,,
Skyler Howard,QB,SEA,,,,,,,,,,,,
Blake Sims,QB,,,,,,,,,,,,,
Travis Homer,RB,PIT,3.75,,,,2.78,13.59,0.1,0.88,1.07,6.02,0.05,
Jaylen Warren,RB,PIT,18.58,,,,17.6,95.78,0.49,3.36,3.83,22.85,0.09,0.08
Jaleel McLaughlin,RB,CLE,0.86,,,,0.69,3.23,0.01,0.22,0.29,1.67,0.01,0.0
Raheim Sanders,RB,CLE,5.21,,,,4.7,15.35,0.01,1.73,2.05,13.67,0.09,0.02
Quinshon Judkins,RB,CLE,10.81,,,,16.47,51.29,0.31,2.11,2.36,13.03,0.08,0.07
Chris Rodriguez,RB,JAX,5.39,,,,5.24,26.03,0.26,0.5,0.72,5.34,0.03,0.02
Chris Brooks,RB,GB,5.8,,,,5.45,22.11,0.11,1.45,1.88,10.22,0.08,0.03
Ray Davis,RB,BUF,1.05,,,,1.24,6.51,0.03,0.11,0.12,0.89,0.01,0.01
Will Shipley,RB,PHI,2.34,,,,1.43,4.7,0.03,0.91,1.12,5.84,0.04,0.01
Bucky Irving,RB,TB,14.53,,,,18.01,68.54,0.35,3.0,3.38,20.33,0.11,0.08
Isaac Guerendo,RB,SF,,,,,,,,,,,,
Woody Marks,RB,HOU,8.73,,,,10.06,42.45,0.19,1.6,1.96,12.14,0.1,0.05
Ollie Gordon,RB,MIA,8.42,,,,12.29,38.51,0.28,1.56,1.98,9.86,0.06,0.05
Tahj Brooks,RB,CIN,0.59,,,,0.77,2.5,0.03,0.09,0.11,0.67,0.0,0.0
Reggie Gilliam,RB,NE,0.27,,,,0.1,0.47,0.0,0.09,0.13,0.85,0.01,
Chuba Hubbard,RB,CAR,16.29,,,,12.36,63.36,0.45,3.43,3.82,22.52,0.27,0.06
Rhamondre Stevenson,RB,NE,12.66,,,,9.25,49.65,0.42,2.47,2.91,19.42,0.13,0.05
Tyler Goodson,RB,DAL,3.94,,,,3.6,13.43,0.09,1.11,1.33,7.1,0.05,0.02
Tyler Badie,RB,DEN,3.16,,,,1.13,4.64,0.04,1.18,1.58,8.96,0.07,0.01
Tyjae Spears,RB,TEN,7.99,,,,6.47,23.55,0.25,2.4,2.63,15.3,0.04,0.03
Corey Kiner,RB,NE,0.58,,,,0.77,3.52,0.02,0.05,0.06,0.4,0.0,
LeQuint Allen,RB,JAX,1.95,,,,0.78,3.43,0.02,0.73,0.91,5.65,0.03,0.01
Demond Claiborne,RB,MIN,3.03,,,,3.32,12.05,0.13,0.5,0.57,3.65,0.03,0.01
Kaytron Allen,RB,WAS,3.62,,,,4.12,17.09,0.11,0.6,0.85,4.89,0.03,0.02
Seth McGowan,RB,IND,2.72,,,,3.09,13.02,0.08,0.38,0.53,3.48,0.03,0.01
Christian McCaffrey,RB,SF,19.35,,,,14.89,69.16,0.6,4.65,5.94,28.78,0.22,0.08
Samaje Perine,RB,CIN,6.33,,,,4.44,17.35,0.22,1.72,2.02,12.0,0.06,0.03
Aaron Jones,RB,MIN,15.06,,,,17.46,66.58,0.51,2.66,3.03,18.37,0.15,0.08
Austin Ekeler,RB,WAS,4.9,,,,3.42,13.68,0.14,1.37,1.7,10.64,0.04,0.02
Dare Ogunbowale,RB,HOU,0.61,,,,0.14,0.48,0.0,0.24,0.32,2.23,0.01,0.0
David Montgomery,RB,HOU,15.0,,,,14.24,57.11,0.77,2.13,2.24,16.98,0.15,0.07
Kenny Gainwell,RB,TB,7.74,,,,6.39,27.59,0.22,1.8,2.15,13.92,0.08,0.03
Kene Nwangwu,RB,NYJ,0.37,,,,0.69,2.83,0.01,0.01,0.01,0.1,0.0,0.0
Kyren Williams,RB,LAR,13.68,,,,15.66,67.43,0.5,1.95,2.47,13.77,0.12,0.07
Chase Brown,RB,CIN,17.4,,,,14.39,62.96,0.53,3.94,4.54,21.19,0.32,0.08
Hunter Luepke,RB,DAL,0.95,,,,0.6,2.17,0.02,0.29,0.37,2.74,0.01,0.0
Isaiah Davis,RB,NYJ,7.75,,,,5.47,30.25,0.26,1.47,1.62,13.36,0.06,0.03
Braelon Allen,RB,NYJ,12.84,,,,14.62,62.19,0.52,1.76,2.13,13.56,0.07,0.06
Blake Corum,RB,LAR,7.12,,,,10.78,45.23,0.22,0.66,0.96,4.64,0.04,0.05
Brashard Smith,RB,KC,0.25,,,,0.26,0.96,0.01,0.05,0.07,0.36,0.01,0.0
Ashton Jeanty,RB,LV,15.35,,,,18.08,64.61,0.28,3.53,4.48,19.98,0.29,0.08
TreVeyon Henderson,RB,NE,9.61,,,,8.66,46.13,0.41,1.32,1.71,9.26,0.05,0.04
Mike Washington,RB,LV,4.44,,,,4.29,22.01,0.17,0.54,0.95,4.75,0.04,0.02
Max Bredeson,RB,MIN,0.11,,,,0.01,0.04,0.0,0.04,0.06,0.39,0.0,0.0
Ameer Abdullah,RB,JAX,2.91,,,,2.12,10.36,0.06,0.78,0.88,5.67,0.03,0.01
Derrick Henry,RB,BAL,19.38,,,,19.45,101.81,1.07,1.26,1.47,12.24,0.05,0.09
Justice Hill,RB,BAL,6.72,,,,4.81,20.25,0.16,1.75,1.98,15.3,0.08,0.03
D'Andre Swift,RB,CHI,16.28,,,,14.62,72.44,0.77,2.13,2.47,16.37,0.11,0.07
Jonathan Taylor,RB,IND,21.73,,,,21.61,100.84,0.95,2.7,3.26,21.95,0.19,0.1
Najee Harris,RB,NYG,5.13,,,,6.6,30.37,0.12,0.7,0.87,4.88,0.04,0.03
Tyler Allgeier,RB,ARI,7.86,,,,7.01,28.49,0.15,2.37,2.49,12.68,0.08,0.04
Connor Heyward,RB,LV,0.9,,,,0.46,1.63,0.02,0.29,0.39,2.14,0.02,0.0
Roschon Johnson,RB,CHI,0.23,,,,0.36,1.49,0.01,,,,,0.0
Jacob Saylors,RB,DET,0.31,,,,0.26,1.36,0.01,0.05,0.07,0.43,0.0,0.0
Emanuel Wilson,RB,SEA,9.88,,,,14.32,51.71,0.41,1.17,1.41,8.26,0.06,0.06
Dylan Laube,RB,LV,0.03,,,,0.05,0.14,0.0,0.0,0.01,0.03,0.0,0.0
Jaylen Wright,RB,MIA,5.2,,,,6.61,19.07,0.12,1.26,1.92,10.48,0.05,0.03
George Holani,RB,SEA,7.41,,,,8.18,27.48,0.21,1.66,2.09,13.3,0.08,0.04
Kyle Monangai,RB,CHI,8.25,,,,9.57,49.43,0.15,1.1,1.45,9.77,0.07,0.04
Dean Connors,RB,LAR,0.2,,,,0.2,0.72,0.0,0.05,0.06,0.37,0.0,0.0
Kaelon Black,RB,SF,5.39,,,,6.89,29.53,0.16,0.77,1.02,5.53,0.03,0.03
DJ Herman,RB,MIA,1.01,,,,0.05,0.16,0.0,0.44,0.68,4.09,0.02,
Ty Johnson,RB,BUF,5.08,,,,3.5,14.83,0.09,1.45,1.75,10.89,0.09,0.02
AJ Dillon,RB,CAR,4.4,,,,4.05,17.87,0.12,0.95,1.04,6.05,0.05,
DeeJay Dallas,RB,MIN,4.75,,,,3.17,14.54,0.11,1.35,1.42,8.54,0.08,0.02
Javonte Williams,RB,DAL,14.96,,,,16.57,60.4,0.67,2.59,3.24,15.19,0.14,0.08
Kenneth Walker,RB,KC,19.92,,,,16.95,80.66,0.45,4.04,4.98,32.16,0.33,0.09
Jahmyr Gibbs,RB,DET,25.68,,,,19.53,98.26,0.94,4.96,6.05,33.23,0.33,0.11
Keaton Mitchell,RB,LAC,5.96,,,,5.27,21.31,0.04,1.83,2.23,10.79,0.12,0.03
Rasheen Ali,RB,BAL,0.41,,,,0.41,1.42,0.01,0.08,0.1,0.79,0.01,0.0
Kimani Vidal,RB,LAC,1.71,,,,1.19,3.29,0.02,0.63,0.89,4.61,0.03,0.01
Cam Skattebo,RB,NYG,15.43,,,,18.09,79.71,0.44,2.04,2.68,18.67,0.16,0.08
Kaleb Johnson,RB,GB,5.65,,,,7.38,21.2,0.16,1.14,1.74,9.95,0.08,0.03
Omarion Hampton,RB,LAC,10.74,,,,13.21,41.63,0.4,2.49,2.87,12.1,0.08,0.06
Nicholas Singleton,RB,TEN,0.83,,,,1.21,4.06,0.04,0.1,0.13,0.76,0.0,0.0
Emmett Johnson,RB,KC,4.52,,,,3.32,11.98,0.1,1.17,1.39,11.24,0.08,0.02
Patrick Ricard,RB,NYG,0.13,,,,,,,0.05,0.08,0.47,0.01,0.0
Alec Ingold,RB,LAC,1.24,,,,0.22,0.51,0.01,0.56,0.8,4.52,0.03,0.0
J.K. Dobbins,RB,DEN,8.19,,,,10.63,44.0,0.22,1.39,1.69,7.37,0.07,0.05
James Cook,RB,BUF,17.34,,,,17.33,94.18,0.72,1.74,2.43,11.49,0.13,0.08
Sean Tucker,RB,TB,0.42,,,,0.45,1.56,0.02,0.05,0.08,0.51,0.01,0.0
MarShawn Lloyd,RB,GB,7.91,,,,9.17,32.65,0.23,1.54,2.01,12.06,0.09,0.04
Tyrone Tracy,RB,NYG,1.4,,,,1.52,7.65,0.02,0.22,0.29,1.67,0.02,0.01
Sione Vaki,RB,DET,4.6,,,,3.67,17.85,0.13,0.88,1.18,8.67,0.05,0.02
RJ Harvey,RB,DEN,11.1,,,,8.31,28.67,0.32,2.98,3.64,22.03,0.19,0.04
Bhayshul Tuten,RB,JAX,12.7,,,,11.54,57.26,0.47,1.77,2.31,16.2,0.13,0.05
Jacory Croskey-Merritt,RB,WAS,13.27,,,,14.62,60.49,0.77,1.4,1.7,9.67,0.05,0.06
Jeremiyah Love,RB,ARI,15.9,,,,15.89,70.5,0.59,2.72,3.3,16.2,0.18,0.07
Le'Veon Moss,RB,MIA,0.0,,,,,,,,,,0.0,
Tony Pollard,RB,TEN,9.42,,,,11.96,50.66,0.24,1.72,2.03,10.43,0.03,0.05
Julius Chestnut,RB,TEN,0.26,,,,0.22,0.75,0.01,0.08,0.11,0.61,0.0,0.0
Tank Bigsby,RB,PHI,3.41,,,,3.61,16.64,0.15,0.4,0.57,3.18,0.02,0.02
Kendre Miller,RB,NO,7.13,,,,7.56,26.77,0.36,1.15,1.44,7.94,0.06,0.04
Brian Robinson,RB,ATL,4.79,,,,5.7,22.51,0.18,0.67,0.87,5.28,0.05,0.03
Alvin Kamara,RB,NO,9.79,,,,10.07,36.91,0.28,2.49,2.89,13.25,0.11,0.05
CJ Donaldson,RB,NO,4.07,,,,3.7,14.33,0.1,0.94,1.44,7.06,0.06,
Bijan Robinson,RB,ATL,23.2,,,,18.8,92.3,0.67,4.42,5.41,35.69,0.34,0.09
Le'Veon Bell,RB,,,,,,,,,,,,,
A.J. Rose,RB,,,,,,,,,,,,,
Aaron Shampklin,RB,,,,,,,,,,,,,
Salvon Ahmed,RB,CHI,,,,,,,,,,,,
Kendall Milton,RB,CIN,,,,,,,,,,,,
Adam Randall,RB,BAL,,,,,,,,,,,,
Dalyn Dawkins,RB,,,,,,,,,,,,,
Boston Scott,RB,,,,,,,,,,,,,
Melvin Gordon,RB,,,,,,,,,,,,,
Malcolm Johnson,RB,,,,,,,,,,,,,
Luke Sellers,RB,,,,,,,,,,,,,
TaMerik Williams,RB,,,,,,,,,,,,,
D.J. Foster,RB,,,,,,,,,,,,,
Rahsul Faison,RB,,,,,,,,,,,,,
Rex Burkhead,RB,,,,,,,,,,,,,
Demario Richard,RB,,,,,,,,,,,,,
Lincoln Pare,RB,,,,,,,,,,,,,
Deshaun Fenwick,RB,,,,,,,,,,,,,
Jordan Wilkins,RB,,,,,,,,,,,,,
Josh Ferguson,RB,,,,,,,,,,,,,
Kalif Phillips,RB,,,,,,,,,,,,,
Theo Riddick,RB,,,,,,,,,,,,,
Brandon Cottom,RB,,,,,,,,,,,,,
La'Mical Perine,RB,,,,,,,,,,,,,
Algernon Brown,RB,,,,,,,,,,,,,
Pierre Strong,RB,GB,,,,,,,,,,,,
Justin Jones,RB,,,,,,,,,,,,,
Adam Prentice,RB,DEN,,,,,,,,,,,,
Dion Lewis,RB,,,,,,,,,,,,,
Rasheed Williams,RB,,,,,,,,,,,,,
Paul Perkins,RB,,,,,,,,,,,,,
Trey Sermon,RB,ATL,,,,,,,,,,,,
Darius Clark,RB,,,,,,,,,,,,,
Javon Leake,RB,,,,,,,,,,,,,
Joel Bouagnon,RB,,,,,,,,,,,,,
Audric Estime,RB,MIN,,,,,,,,,,,,
Justin Crawford,RB,,,,,,,,,,,,,
Xazavian Valladay,RB,,,,,,,,,,,,,
Ronald Jones,RB,,,,,,,,,,,,,
Calvin Tyler,RB,,,,,,,,,,,,,
Jaden Nixon,RB,,,,,,,,,,,,,
Jashaun Corbin,RB,,,,,,,,,,,,,
JaQuan Hardy,RB,,,,,,,,,,,,,
Khalid Abdullah,RB,,,,,,,,,,,,,
Robert Henry,RB,SEA,,,,,,,,,,,,
John David Moore,RB,,,,,,,,,,,,,
Rachaad White,RB,WAS,,,,,,,,,,,,
Ja'Quan Gardner,RB,,,,,,,,,,,,,
Emani Bailey,RB,,,,,,,,,,,,,
Michael Herzog,RB,,,,,,,,,,,,,
Bruce Anderson,RB,,,,,,,,,,,,,
Jahwan Edwards,RB,,,,,,,,,,,,,
Christian Wade,RB,,,,,,,,,,,,,
Chris Evans,RB,,,,,,,,,,,,,
Andrew Beck,RB,NYJ,,,,,,,,,,,,
Sione Houma,RB,,,,,,,,,,,,,
Marquis Young,RB,,,,,,,,,,,,,
Corey Taylor,RB,,,,,,,,,,,,,
Darnell Holland,RB,,,,,,,,,,,,,
Brandon Bolden,RB,,,,,,,,,,,,,
Tory Carter,RB,,,,,,,,,,,,,
Khalil Herbert,RB,ATL,,,,,,,,,,,,
Ryan Mueller,RB,,,,,,,,,,,,,
Michael Burton,RB,CLE,,,,,,,,,,,,
Sandro Platzgummer,RB,,,,,,,,,,,,,
Lew Nichols,RB,PIT,,,,,,,,,,,,
Derrius Guice,RB,,,,,,,,,,,,,
Jacardia Wright,RB,SEA,,,,,,,,,,,,
Clyde Edwards-Helaire,RB,,,,,,,,,,,,,
Julius Davis,RB,,,,,,,,,,,,,
Travon McMillian,RB,,,,,,,,,,,,,
David Johnson,RB,,,,,,,,,,,,,
Darrynton Evans,RB,,,,,,,,,,,,,
Miles Davis,RB,,,,,,,,,,,,,
Xavier Jones,RB,,,,,,,,,,,,,
Austin Jones,RB,,,,,,,,,,,,,
J.D. McKissic,RB,,,,,,,,,,,,,
Marcus Major,RB,,,,,,,,,,,,,
I'Tavius Mathers,RB,,,,,,,,,,,,,
Phillip Lindsay,RB,,,,,,,,,,,,,
Devin Singletary,RB,NYG,,,,,,,,,,,,
Marshaun Coprich,RB,,,,,,,,,,,,,
Ito Smith,RB,DAL,,,,,,,,,,,,
Rushel Shell,RB,,,,,,,,,,,,,
Jabari Small,RB,DET,,,,,,,,,,,,
Josh Rounds,RB,,,,,,,,,,,,,
Dylan Devezin,RB,,,,,,,,,,,,,
Elijah Mitchell,RB,,,,,,,,,,,,,
Devontae Booker,RB,,,,,,,,,,,,,
Robert Burns,RB,,,,,,,,,,,,,
Devine Ozigbo,RB,,,,,,,,,,,,,
Ben VanSumeren,RB,KC,,,,,,,,,,,,
Johnny Stanton,RB,,,,,,,,,,,,,
Martez Carter,RB,,,,,,,,,,,,,
Deion Hankins,RB,,,,,,,,,,,,,
Nico Evans,RB,,,,,,,,,,,,,
Jeff Wilson,RB,,,,,,,,,,,,,
DeaMonte Trayanum,RB,NYJ,,,,,,,,,,,,
Adrian Killins,RB,DEN,,,,,,,,,,,,
Carlos Hyde,RB,,,,,,,,,,,,,
Shane Wimann,RB,,,,,,,,,,,,,
Brenden Knox,RB,,,,,,,,,,,,,
Senorise Perry,RB,,,,,,,,,,,,,
Tarik Cohen,RB,,,,,,,,,,,,,
Rushawn Baker,RB,,,,,,,,,,,,,
Titus Swen,RB,,,,,,,,,,,,,
Kairee Robinson,RB,,,,,,,,,,,,,
Isiah Pacheco,RB,DET,,,,,,,,,,,,
Jawon Chisholm,RB,,,,,,,,,,,,,
Patrick DiMarco,RB,,,,,,,,,,,,,
Josh Adams,RB,,,,,,,,,,,,,
Benny LeMay,RB,CLE,,,,,,,,,,,,
Anthony Grant,RB,,,,,,,,,,,,,
Brady Russell,RB,SEA,,,,,,,,,,,,
Trey Benson,RB,ARI,,,,,,,,,,,,
Brandon Brown-Dukes,RB,,,,,,,,,,,,,
Demetric Felton,RB,,,,,,,,,,,,,
Todd Gurley,RB,,,,,,,,,,,,,
Mark Ingram,RB,,,,,,,,,,,,,
Kevin Harris,RB,,,,,,,,,,,,,
Christopher Ezeala,RB,,,,,,,,,,,,,
Jay Ajayi,RB,,,,,,,,,,,,,
Trayone Gray,RB,,,,,,,,,,,,,
Marcus Yarns,RB,,,,,,,,,,,,,
Myles Montgomery,RB,NE,,,,,,,,,,,,
Sam Rogers,RB,,,,,,,,,,,,,
Montrell Johnson,RB,,,,,,,,,,,,,
Spencer Nigh,RB,,,,,,,,,,,,,
D'Onta Foreman,RB,,,,,,,,,,,,,
Gus Johnson,RB,,,,,,,,,,,,,
Quali Conley,RB,,,,,,,,,,,,,
Darrin Hall,RB,,,,,,,,,,,,,
Ty Montgomery,RB,,,,,,,,,,,,,
Gerrid Doaks,RB,,,,,,,,,,,,,
Kalen Ballage,RB,,,,,,,,,,,,,
Patrick Carr,RB,,,,,,,,,,,,,
Connor Harris,RB,,,,,,,,,,,,,
Synjyn Days,RB,,,,,,,,,,,,,
Deneric Prince,RB,,,,,,,,,,,,,
Jeremy McNichols,RB,WAS,,,,,,,,,,,,
Kayron Lynch-Adams,RB,,,,,,,,,,,,,
Troy Hairston,RB,,,,,,,,,,,,,
Joe Williams,RB,,,,,,,,,,,,,
Nick Sharga,RB,,,,,,,,,,,,,
Matt Colburn,RB,,,,,,,,,,,,,
James Conner,RB,ARI,,,,,,,,,,,,
Soma Vainuku,RB,,,,,,,,,,,,,
Trey Edmunds,RB,,,,,,,,,,,,,
Nyheim Miller-Hines,RB,,,,,,,,,,,,,
Michael Carter,RB,TEN,,,,,,,,,,,,
Tyrion Davis-Price,RB,,,,,,,,,,,,,
Jermar Jefferson,RB,,,,,,,,,,,,,
Nate Carter,RB,KC,,,,,,,,,,,,
Garrett Groshek,RB,,,,,,,,,,,,,
Jeremy Cox,RB,,,,,,,,,,,,,
Trent Battle,RB,,,,,,,,,,,,,
Chris Thompson,RB,,,,,,,,,,,,,
Tre Stewart,RB,,,,,,,,,,,,,
Kenneth Dixon,RB,,,,,,,,,,,,,
Nick Chubb,RB,,,,,,,,,,,,,
Cordarrelle Patterson,RB,,,,,,,,,,,,,
Max Borghi,RB,,,,,,,,,,,,,
Cameron Scarlett,RB,,,,,,,,,,,,,
Shane Watts,RB,,,,,,,,,,,,,
Craig Reynolds,RB,WAS,,,,,,,,,,,,
Jordan Mason,RB,MIN,,,,,,,,,,,,
Greg Bell,RB,,,,,,,,,,,,,
Gregory Desrosiers,RB,LAC,,,,,,,,,,,,
Raymond Calais,RB,,,,,,,,,,,,,
Rico Dowdle,RB,PIT,,,,,,,,,,,,
Dontae McMillan,RB,SEA,,,,,,,,,,,,
Mathieu Severance,RB,,,,,,,,,,,,,
Alexander Mattison,RB,,,,,,,,,,,,,
Snoop Conner,RB,,,,,,,,,,,,,
Elijah Collins,RB,,,,,,,,,,,,,
Dexter Williams,RB,,,,,,,,,,,,,
Hassan Hall,RB,,,,,,,,,,,,,
John Kelly,RB,,,,,,,,,,,,,
Christian Powell,RB,,,,,,,,,,,,,
Mike Boone,RB,,,,,,,,,,,,,
Lucas Scott,RB,BAL,,,,,,,,,,,,
Elijah Tau-Tolliver,RB,,,,,,,,,,,,,
Dalton Crossan,RB,,,,,,,,,,,,,
Jake Bargas,RB,,,,,,,,,,,,,
Rajion Neal,RB,,,,,,,,,,,,,
Cody Schrader,RB,DEN,,,,,,,,,,,,
Darius Bradwell,RB,,,,,,,,,,,,,
British Brooks,RB,HOU,,,,,,,,,,,,
Alex Armah,RB,,,,,,,,,,,,,
A.J. Ouellette,RB,,,,,,,,,,,,,
LeVante Bellamy,RB,,,,,,,,,,,,,
Devine Redding,RB,,,,,,,,,,,,,
Jason Huntley,RB,,,,,,,,,,,,,
Dylan McDuffie,RB,,,,,,,,,,,,,
Jerick McKinnon,RB,,,,,,,,,,,,,
Velus Jones,RB,SEA,,,,,,,,,,,,
Brian Herrien,RB,,,,,,,,,,,,,
Frank Gore,RB,,,,,,,,,,,,,
Khari Blasingame,RB,,,,,,,,,,,,,
Mike Weber,RB,,,,,,,,,,,,,
Dominique Brown,RB,,,,,,,,,,,,,
Spencer Brown,RB,,,,,,,,,,,,,
Kenjon Barner,RB,,,,,,,,,,,,,
Owen Wright,RB,LV,,,,,,,,,,,,
Eli Heidenreich,RB,PIT,,,,,,,,,,,,
Ryan Nall,RB,,,,,,,,,,,,,
Darrius Sims,RB,,,,,,,,,,,,,
Marshawn Lynch,RB,,,,,,,,,,,,,
Marcus Martin,RB,,,,,,,,,,,,,
Nay'Quan Wright,RB,,,,,,,,,,,,,
Jordan Jones,RB,,,,,,,,,,,,,
Evan Hull,RB,ARI,,,,,,,,,,,,
Tony Jones,RB,,,,,,,,,,,,,
Ke'Shawn Vaughn,RB,,,,,,,,,,,,,
Trey Millard,RB,,,,,,,,,,,,,
Jerome Ford,RB,,,,,,,,,,,,,
D'Ernest Johnson,RB,,,,,,,,,,,,,
Louis Rees-Zammit,RB,,,,,,,,,,,,,
Robbie Ouzts,RB,SEA,,,,,,,,,,,,
Grant Finley,RB,NYG,,,,,,,,,,,,
Trestan Ebner,RB,,,,,,,,,,,,,
Jonathan Williams,RB,,,,,,,,,,,,,
JaMycal Hasty,RB,,,,,,,,,,,,,
Karan Higdon,RB,,,,,,,,,,,,,
Josh Caldwell,RB,,,,,,,,,,,,,
Dedrick Mills,RB,,,,,,,,,,,,,
Will Ratelle,RB,,,,,,,,,,,,,
Otis Anderson,RB,,,,,,,,,,,,,
Austin Ramesh,RB,,,,,,,,,,,,,
Charles McClelland,RB,,,,,,,,,,,,,
Elijah McGuire,RB,KC,,,,,,,,,,,,
Romar Morris,RB,,,,,,,,,,,,,
Matt Breida,RB,,,,,,,,,,,,,
BJ Baylor,RB,,,,,,,,,,,,,
Jake Funk,RB,,,,,,,,,,,,,
Keith Marshall,RB,,,,,,,,,,,,,
Tevin Coleman,RB,,,,,,,,,,,,,
Saquon Barkley,RB,PHI,,,,,,,,,,,,
Kevin Marks,RB,,,,,,,,,,,,,
Kennedy Brooks,RB,,,,,,,,,,,,,
Damien Williams,RB,,,,,,,,,,,,,
Darius Victor,RB,,,,,,,,,,,,,
Ian Wheeler,RB,,,,,,,,,,,,,
Darrell Henderson,RB,,,,,,,,,,,,,
Jadarian Price,RB,SEA,,,,,,,,,,,,
Camerun Peoples,RB,,,,,,,,,,,,,
Adam Choice,RB,,,,,,,,,,,,,
Davon Booth,RB,IND,,,,,,,,,,,,
Joshua Kelley,RB,,,,,,,,,,,,,
Marcus Marshall,RB,,,,,,,,,,,,,
Tony Creecy,RB,,,,,,,,,,,,,
James Gilbert,RB,,,,,,,,,,,,,
Roman Hemby,RB,LV,,,,,,,,,,,,
Ezekiel Elliott,RB,,,,,,,,,,,,,
Antonio Gibson,RB,,,,,,,,,,,,,
Barika Kpeenu,RB,,,,,,,,,,,,,
Josh Williams,RB,TB,,,,,,,,,,,,
Malik Williams,RB,,,,,,,,,,,,,
Tiyon Evans,RB,,,,,,,,,,,,,
Matt Colburn,RB,,,,,,,,,,,,,
Sincere McCormick,RB,SF,,,,,,,,,,,,
TD Ayo-Durojaiye,RB,,,,,,,,,,,,,
Zander Horvath,RB,,,,,,,,,,,,,
Terion Stewart,RB,,,,,,,,,,,,,
Buddy Howell,RB,,,,,,,,,,,,,
Rashaad Penny,RB,,,,,,,,,,,,,
Lee Ward,RB,,,,,,,,,,,,,
Connor Neighbors,RB,,,,,,,,,,,,,
Zach Line,RB,,,,,,,,,,,,,
Alex Barnes,RB,,,,,,,,,,,,,
Ronald Awatt,RB,,,,,,,,,,,,,
Chris Carson,RB,,,,,,,,,,,,,
Mataeo Durant,RB,,,,,,,,,,,,,
James Robinson,RB,,,,,,,,,,,,,
Kerryon Johnson,RB,,,,,,,,,,,,,
Alfred Morris,RB,,,,,,,,,,,,,
Roosevelt Nix,RB,,,,,,,,,,,,,
Aca'Cedric Ware,RB,,,,,,,,,,,,,
Elijah Holyfield,RB,,,,,,,,,,,,,
David Fluellen,RB,,,,,,,,,,,,,
Khalan Laborn,RB,,,,,,,,,,,,,
Keaontay Ingram,RB,,,,,,,,,,,,,
Quayvon Hicks,RB,,,,,,,,,,,,,
Nathan Cottrell,RB,,,,,,,,,,,,,
C.J. Anderson,RB,,,,,,,,,,,,,
De'Von Achane,RB,MIA,,,,,,,,,,,,
Dontrell Hilliard,RB,,,,,,,,,,,,,
Duke Johnson,RB,,,,,,,,,,,,,
Anthony McFarland,RB,,,,,,,,,,,,,
Trey Ragas,RB,,,,,,,,,,,,,
D'Vonte Price,RB,,,,,,,,,,,,,
Andrew Bonnet,RB,,,,,,,,,,,,,
Amar Johnson,RB,LAC,,,,,,,,,,,,
Gus Edwards,RB,,,,,,,,,,,,,
Jam Miller,RB,ATL,,,,,,,,,,,,
Jalen Richard,RB,LV,,,,,,,,,,,,
Jamal Haynes,RB,,,,,,,,,,,,,
Dante Miller,RB,,,,,,,,,,,,,
Jacques Patrick,RB,,,,,,,,,,,,,
Joshua Pitsenberger,RB,,,,,,,,,,,,,
Wes Hills,RB,,,,,,,,,,,,,
Devin Neal,RB,,,,,,,,,,,,,
Jackson Acker,RB,,,,,,,,,,,,,
Desmond Martin,RB,,,,,,,,,,,,,
Tyler Hoosman,RB,,,,,,,,,,,,,
Jaydon Blue,RB,PHI,,,,,,,,,,,,
Stanley Williams,RB,,,,,,,,,,,,,
Nick Brossette,RB,,,,,,,,,,,,,
DeWayne McBride,RB,,,,,,,,,,,,,
Raheem Mostert,RB,,,,,,,,,,,,,
Brock Lampe,RB,BUF,,,,,,,,,,,,
C.J. Ham,RB,,,,,,,,,,,,,
Bryant Koback,RB,,,,,,,,,,,,,
Rodney Smith,RB,,,,,,,,,,,,,
Anthony Hankerson,RB,,,,,,,,,,,,,
Isaiah Spiller,RB,,,,,,,,,,,,,
Jaylen Samuels,RB,,,,,,,,,,,,,
Jalen Simmons,RB,,,,,,,,,,,,,
Bruce Miller,RB,,,,,,,,,,,,,
Cash Jones,RB,,,,,,,,,,,,,
Zavier Scott,RB,CHI,,,,,,,,,,,,
Al-Jay Henderson,RB,NYJ,,,,,,,,,,,,
B.J. Emmons,RB,,,,,,,,,,,,,
Toa Taua,RB,,,,,,,,,,,,,
Tra Carson,RB,,,,,,,,,,,,,
De'Chavon Hayes,RB,,,,,,,,,,,,,
Jaden Shirden,RB,,,,,,,,,,,,,
Anderson Castle,RB,,,,,,,,,,,,,
James Develin,RB,,,,,,,,,,,,,
Tyler McCloskey,RB,,,,,,,,,,,,,
Jalen White,RB,,,,,,,,,,,,,
Javian Hawkins,RB,,,,,,,,,,,,,
Abram Smith,RB,,,,,,,,,,,,,
Reggie Bonnafon,RB,,,,,,,,,,,,,
Bilal Powell,RB,,,,,,,,,,,,,
Jordan Terrell,RB,,,,,,,,,,,,,
Terrell Newby,RB,,,,,,,,,,,,,
Timothy Flanders,RB,,,,,,,,,,,,,
Devontae Jackson,RB,,,,,,,,,,,,,
Valentine Holmes,RB,,,,,,,,,,,,,
Bobby Holly,RB,,,,,,,,,,,,,
Khalfani Muhammad,RB,,,,,,,,,,,,,
Ronald Jones,RB,,,,,,,,,,,,,
Gary Brightwell,RB,,,,,,,,,,,,,
Monte Pottebaum,RB,,,,,,,,,,,,,
Adrian Peterson,RB,,,,,,,,,,,,,
Darrel Williams,RB,,,,,,,,,,,,,
Justin Strong,RB,,,,,,,,,,,,,
Anthony Sherman,RB,,,,,,,,,,,,,
Sony Michel,RB,,,,,,,,,,,,,
Jordan Scarlett,RB,MIA,,,,,,,,,,,,
Trevor Etienne,RB,CAR,,,,,,,,,,,,
Trenton Cannon,RB,,,,,,,,,,,,,
Patrick Taylor,RB,,,,,,,,,,,,,
Qualan Jones,RB,,,,,,,,,,,,,
John Lovett,RB,,,,,,,,,,,,,
Tyreik McAllister,RB,,,,,,,,,,,,,
Rodney Hammond,RB,,,,,,,,,,,,,
Jonathan Ward,RB,BAL,,,,,,,,,,,,
Lan Larison,RB,NE,,,,,,,,,,,,
Brittain Brown,RB,CHI,,,,,,,,,,,,
Travis Dye,RB,,,,,,,,,,,,,
Aidan Robbins,RB,,,,,,,,,,,,,
Nathaniel Peat,RB,,,,,,,,,,,,,
Terrence Franks,RB,,,,,,,,,,,,,
La'Damian Webb,RB,,,,,,,,,,,,,
Brian Hill,RB,,,,,,,,,,,,,
Latavius Murray,RB,,,,,,,,,,,,,
Akrum Wadley,RB,,,,,,,,,,,,,
Tavien Feaster,RB,ARI,,,,,,,,,,,,
Scottie Phillips,RB,,,,,,,,,,,,,
Trayveon Williams,RB,,,,,,,,,,,,,
Damarea Crockett,RB,,,,,,,,,,,,,
Eno Benjamin,RB,,,,,,,,,,,,,
Alfonzo Graham,RB,,,,,,,,,,,,,
Isaiah Jacobs,RB,,,,,,,,,,,,,
Sutton Smith,RB,,,,,,,,,,,,,
Damien Martinez,RB,,,,,,,,,,,,,
William Stanback,RB,,,,,,,,,,,,,
Jacob Kibodi,RB,,,,,,,,,,,,,
Jaydn Ott,RB,KC,,,,,,,,,,,,
Justin Jackson,RB,,,,,,,,,,,,,
Anthony Tyus,RB,,,,,,,,,,,,,
Aaron Dykes,RB,,,,,,,,,,,,,
Lorenzo Lingard,RB,,,,,,,,,,,,,
Dameon Pierce,RB,PHI,,,,,,,,,,,,
ZaQuandre White,RB,,,,,,,,,,,,,
DeAndre Torrey,RB,,,,,,,,,,,,,
Mark Walton,RB,,,,,,,,,,,,,
Jordan Waters,RB,LAR,,,,,,,,,,,,
Henry Pearson,RB,,,,,,,,,,,,,
Keith Smith,RB,,,,,,,,,,,,,
Julian Allen,RB,,,,,,,,,,,,,
J.J. Taylor,RB,,,,,,,,,,,,,
Tony Brooks-James,RB,,,,,,,,,,,,,
Eric Gray,RB,,,,,,,,,,,,,
L.J. Scott,RB,,,,,,,,,,,,,
Devwah Whaley,RB,,,,,,,,,,,,,
Elijah Young,RB,,,,,,,,,,,,,
Josh Johnson,RB,,,,,,,,,,,,,
Lenard Tillery,RB,,,,,,,,,,,,,
Peyton Barber,RB,,,,,,,,,,,,,
Deon Jackson,RB,,,,,,,,,,,,,
Ricky Ortiz,RB,,,,,,,,,,,,,
Zach Laskey,RB,,,,,,,,,,,,,
Travis Etienne,RB,NO,,,,,,,,,,,,
Stephen Houston,RB,,,,,,,,,,,,,
Kylin Hill,RB,,,,,,,,,,,,,
Kobe McCrary,RB,,,,,,,,,,,,,
Stevie Scott,RB,,,,,,,,,,,,,
Giovani Bernard,RB,,,,,,,,,,,,,
Robert Burns,RB,CHI,,,,,,,,,,,,
Coleman Bennett,RB,,,,,,,,,,,,,
Jarveon Howard,RB,,,,,,,,,,,,,
Ronnie Rivers,RB,LAR,,,,,,,,,,,,
Darwin Thompson,RB,,,,,,,,,,,,,
Zach Ojile,RB,,,,,,,,,,,,,
Ricky Seale,RB,,,,,,,,,,,,,
Bronson Rechsteiner,RB,,,,,,,,,,,,,
Noah Cain,RB,,,,,,,,,,,,,
Ryquell Armstead,RB,,,,,,,,,,,,,
Darrin Laufasa,RB,,,,,,,,,,,,,
Carlos Washington,RB,MIA,,,,,,,,,,,,
Jonathon Brooks,RB,CAR,,,,,,,,,,,,
Dylan Sampson,RB,CLE,,,,,,,,,,,,
Kejon Owens,RB,,,,,,,,,,,,,
Leddie Brown,RB,,,,,,,,,,,,,
Zack Moss,RB,,,,,,,,,,,,,
Tyler Renew,RB,,,,,,,,,,,,,
Darren Sproles,RB,,,,,,,,,,,,,
CJ Verdell,RB,,,,,,,,,,,,,
Mark Thompson,RB,,,,,,,,,,,,,
Royce Freeman,RB,,,,,,,,,,,,,
Spencer Ware,RB,,,,,,,,,,,,,
Jase McClellan,RB,,,,,,,,,,,,,
Taj McGowan,RB,,,,,,,,,,,,,
Samson Evans,RB,,,,,,,,,,,,,
Larry Rose,RB,,,,,,,,,,,,,
Benny Snell,RB,,,,,,,,,,,,,
Josh Hokit,RB,,,,,,,,,,,,,
Lawrance Toafili,RB,,,,,,,,,,,,,
Michael Dyer,RB,,,,,,,,,,,,,
Sewo Olonilua,RB,,,,,,,,,,,,,
Joe Mixon,RB,,,,,,,,,,,,,
James Summers,RB,,,,,,,,,,,,,
J'Mari Taylor,RB,JAX,,,,,,,,,,,,
Jason Cabinda,RB,,,,,,,,,,,,,
Daijun Edwards,RB,,,,,,,,,,,,,
Damien Harris,RB,,,,,,,,,,,,,
Hassan Haskins,RB,,,,,,,,,,,,,
Gerald Holmes,RB,,,,,,,,,,,,,
Emari Demercado,RB,DAL,,,,,,,,,,,,
Qadree Ollison,RB,,,,,,,,,,,,,
SaRodorick Thompson,RB,,,,,,,,,,,,,
Jordan Chunn,RB,,,,,,,,,,,,,
Terry Swanson,RB,,,,,,,,,,,,,
Ellis Merriweather,RB,,,,,,,,,,,,,
Ty Chandler,RB,NO,,,,,,,,,,,,
Carson Steele,RB,PHI,,,,,,,,,,,,
Nick Bawden,RB,,,,,,,,,,,,,
Frank Gore,RB,BUF,,,,,,,,,,,,
Robert Martin,RB,,,,,,,,,,,,,
Ja'Quinden Jackson,RB,,,,,,,,,,,,,
Tre Harbison,RB,,,,,,,,,,,,,
Kentrel Bullock,RB,CIN,,,,,,,,,,,,
Mark Weisman,RB,,,,,,,,,,,,,
Freddie Stevenson,RB,,,,,,,,,,,,,
LeSean McCoy,RB,,,,,,,,,,,,,
Austin Walter,RB,,,,,,,,,,,,,
Myles Gaskin,RB,,,,,,,,,,,,,
James Butler,RB,,,,,,,,,,,,,
Mohamed Ibrahim,RB,,,,,,,,,,,,,
Jordan Nubin,RB,,,,,,,,,,,,,
Bo Scarbrough,RB,,,,,,,,,,,,,
Mike Davis,RB,,,,,,,,,,,,,
Justin Stockton,RB,,,,,,,,,,,,,
Chris Warren,RB,,,,,,,,,,,,,
Dillon Johnson,RB,,,,,,,,,,,,,
Jordan Johnson,RB,,,,,,,,,,,,,
Jon Hilliman,RB,,,,,,,,,,,,,
Brandon Radcliff,RB,,,,,,,,,,,,,
Cam Akers,RB,,,,,,,,,,,,,
Clint Ratkovich,RB,,,,,,,,,,,,,
T.J. Pledger,RB,,,,,,,,,,,,,
Jaret Patterson,RB,CLE,,,,,,,,,,,,
DJ Giddens,RB,IND,,,,,,,,,,,,
Jordan James,RB,SF,,,,,,,,,,,,
Bryce Love,RB,,,,,,,,,,,,,
James White,RB,,,,,,,,,,,,,
Kalel Mullings,RB,TEN,,,,,,,,,,,,
Jordan Ellis,RB,,,,,,,,,,,,,
Lamar Miller,RB,,,,,,,,,,,,,
Chris Smith,RB,,,,,,,,,,,,,
Ervin Philips,RB,,,,,,,,,,,,,
Zach Evans,RB,,,,,,,,,,,,,
Shaun Wilson,RB,,,,,,,,,,,,,
De'Lance Turner,RB,,,,,,,,,,,,,
Keilan Robinson,RB,,,,,,,,,,,,,
Luke Lundy,RB,,,,,,,,,,,,,
Jonah Coleman,RB,DEN,,,,,,,,,,,,
Wayne Taulapapa,RB,,,,,,,,,,,,,
Kyle Coleman,RB,,,,,,,,,,,,,
Kye Robichaux,RB,,,,,,,,,,,,,
Javorius Allen,RB,,,,,,,,,,,,,
Michael Wiley,RB,,,,,,,,,,,,,
Jamize Olawale,RB,,,,,,,,,,,,,
Jerrion Ealy,RB,,,,,,,,,,,,,
Sherman Badie,RB,,,,,,,,,,,,,
Kyle Juszczyk,RB,SF,,,,,,,,,,,,
De'Mard Llorens,RB,,,,,,,,,,,,,
Troymaine Pope,RB,,,,,,,,,,,,,
Zonovan Knight,RB,ARI,,,,,,,,,,,,
Daniel Marx,RB,,,,,,,,,,,,,
Ross Scheuerman,RB,,,,,,,,,,,,,
Ray Lawry,RB,,,,,,,,,,,,,
Markese Stepp,RB,,,,,,,,,,,,,
Alstevis Squirewell,RB,,,,,,,,,,,,,
Kareem Hunt,RB,,,,,,,,,,,,,
Kerrith Whyte,RB,GB,,,,,,,,,,,,
T.J. Yeldon,RB,,,,,,,,,,,,,
Malcolm Brown,RB,,,,,,,,,,,,,
George Aston,RB,,,,,,,,,,,,,
Terrell Jennings,RB,,,,,,,,,,,,,
Taiwan Jones,RB,,,,,,,,,,,,,
Dominic Richardson,RB,,,,,,,,,,,,,
Raheem Blackshear,RB,,,,,,,,,,,,,
Devon Johnson,RB,,,,,,,,,,,,,
C.J. Prosise,RB,,,,,,,,,,,,,
Malik Davis,RB,DAL,,,,,,,,,,,,
Nick Ralston,RB,,,,,,,,,,,,,
Andy Janovich,RB,,,,,,,,,,,,,
Rakeem Boyd,RB,,,,,,,,,,,,,
Ricky Person,RB,,,,,,,,,,,,,
Keshawn Hill,RB,,,,,,,,,,,,,
Master Teague,RB,,,,,,,,,,,,,
Taquan Mizzell,RB,NYG,,,,,,,,,,,,
Dan Vitale,RB,,,,,,,,,,,,,
Ramon Jefferson,RB,,,,,,,,,,,,,
Gabe Nabers,RB,,,,,,,,,,,,,
D.J. Williams,RB,,,,,,,,,,,,,
Jarquez Hunter,RB,MIA,,,,,,,,,,,,
Henry Poggi,RB,,,,,,,,,,,,,
Toriano Clinton,RB,,,,,,,,,,,,,
Elijhaa Penny,RB,,,,,,,,,,,,,
Pete Guerriero,RB,,,,,,,,,,,,,
Derrick Gore,RB,,,,,,,,,,,,,
Trey Potts,RB,,,,,,,,,,,,,
Brandon Ross,RB,,,,,,,,,,,,,
Sone Ntoh,RB,,,,,,,,,,,,,
Ronnie Brown,RB,,,,,,,,,,,,,
Rodney Anderson,RB,,,,,,,,,,,,,
Shermari Jones,RB,,,,,,,,,,,,,
Robert Turbin,RB,,,,,,,,,,,,,
Luke McNitt,RB,,,,,,,,,,,,,
Tayon Fleet-Davis,RB,,,,,,,,,,,,,
T.J. Logan,RB,,,,,,,,,,,,,
Kadarius Calloway,RB,,,,,,,,,,,,,
Kobe Lewis,RB,,,,,,,,,,,,,
Artavis Pierce,RB,,,,,,,,,,,,,
Israel Abanikanda,RB,DAL,,,,,,,,,,,,
Marcus Cooper,RB,,,,,,,,,,,,,
Kevorian Barnes,RB,,,,,,,,,,,,,
Dontae Strickland,RB,,,,,,,,,,,,,
Kamryn Pettway,RB,,,,,,,,,,,,,
Trent Howland,RB,,,,,,,,,,,,,
Jakob Johnson,RB,,,,,,,,,,,,,
Jordon Vaughn,RB,,,,,,,,,,,,,
Leonard Fournette,RB,,,,,,,,,,,,,
Jordan Mims,RB,,,,,,,,,,,,,
ShunDerrick Powell,RB,,,,,,,,,,,,,
Jamaal Williams,RB,,,,,,,,,,,,,
Zamir White,RB,NO,,,,,,,,,,,,
Jawhar Jordan,RB,HOU,,,,,,,,,,,,
Ty'Son Williams,RB,,,,,,,,,,,,,
Avery Williams,RB,,,,,,,,,,,,,
EJ Smith,RB,,,,,,,,,,,,,
Chris Collier,RB,LV,,,,,,,,,,,,
Desmond Reid,RB,,,,,,,,,,,,,
Jalen Jackson,RB,,,,,,,,,,,,,
Elijah Dotson,RB,,,,,,,,,,,,,
Godwin Igwebuike,RB,,,,,,,,,,,,,
Corey Clement,RB,,,,,,,,,,,,,
Miles Sanders,RB,,,,,,,,,,,,,
Isaiah Bowser,RB,,,,,,,,,,,,,
Jalin Moore,RB,,,,,,,,,,,,,
Blake Watson,RB,,,,,,,,,,,,,
Patrick Laird,RB,,,,,,,,,,,,,
Dwayne Washington,RB,,,,,,,,,,,,,
Wayne Gallman,RB,,,,,,,,,,,,,
Mekhi Sargent,RB,,,,,,,,,,,,,
Cedric O'Neal,RB,,,,,,,,,,,,,
Tyler Ervin,RB,,,,,,,,,,,,,
Josh Jacobs,RB,GB,,,,,,,,,,,,
Zach Charbonnet,RB,SEA,,,,,,,,,,,,
Corey Knox,RB,,,,,,,,,,,,,
Cullen Gillaspia,RB,,,,,,,,,,,,,
Khalid Hill,RB,,,,,,,,,,,,,
Braylon Heard,RB,,,,,,,,,,,,,
Deuce Vaughn,RB,HOU,,,,,,,,,,,,
Rodney Smith,RB,,,,,,,,,,,,,
Devonta Freeman,RB,,,,,,,,,,,,,
Tim Cook,RB,,,,,,,,,,,,,
Ulysses Bentley,RB,NO,,,,,,,,,,,,
Chandler Cox,RB,,,,,,,,,,,,,
Zach Zenner,RB,,,,,,,,,,,,,
Josh Pitsenburger,RB,,,,,,,,,,,,,
Dalvin Cook,RB,,,,,,,,,,,,,
Ahmani Marshall,RB,CAR,,,,,,,,,,,,
TJ Harden,RB,,,,,,,,,,,,,
Larry Rountree,RB,,,,,,,,,,,,,
Marlon Mack,RB,,,,,,,,,,,,,
Sam Scott,RB,,,,,,,,,,,,,
Alex Tecza,RB,,,,,,,,,,,,,
Connor Slomka,RB,,,,,,,,,,,,,
CJ Marable,RB,,,,,,,,,,,,,
DeAndre Washington,RB,,,,,,,,,,,,,
Derek Watt,RB,,,,,,,,,,,,,
Phil Mafah,RB,NYG,,,,,,,,,,,,
Zac Brooks,RB,,,,,,,,,,,,,
Napoleon Maxwell,RB,,,,,,,,,,,,,
Breece Hall,RB,NYJ,,,,,,,,,,,,
Mikey Daniel,RB,,,,,,,,,,,,,
Noah Whittington,RB,HOU,,,,,,,,,,,,
Michael Warren,RB,DET,,,,,,,,,,,,
Joe Bacci,RB,,,,,,,,,,,,,
Damon Bankston,RB,GB,,,,,,,,,,,,
Roydell Williams,RB,,,,,,,,,,,,,
Kenneth Harper,RB,,,,,,,,,,,,,
Mason Stokke,RB,CAR,,,,,,,,,,,,
Jack Colletto,RB,,,,,,,,,,,,,
Micah Bernard,RB,,,,,,,,,,,,,
Jarvion Franklin,RB,,,,,,,,,,,,,
Pooka Williams,RB,,,,,,,,,,,,,
Jordan Howard,RB,,,,,,,,,,,,,
Anthony Jones,RB,,,,,,,,,,,,,
Chris Swain,RB,,,,,,,,,,,,,
Chase Edmonds,RB,,,,,,,,,,,,,
Caleb Huntley,RB,,,,,,,,,,,,,
Donovan Edwards,RB,,,,,,,,,,,,,
Kenny McIntosh,RB,,,,,,,,,,,,,
Nate Noel,RB,,,,,,,,,,,,,
John Lovett,RB,,,,,,,,,,,,,
Daryl Virgies,RB,,,,,,,,,,,,,
Wendell Smallwood,RB,WAS,,,,,,,,,,,,
Kenyan Drake,RB,,,,,,,,,,,,,
De'Montre Tuggle,RB,,,,,,,,,,,,,
Zach Olstad,RB,,,,,,,,,,,,,
Marcelias Sutton,RB,,,,,,,,,,,,,
Darius Anderson,RB,,,,,,,,,,,,,
Darius Hagans,RB,,,,,,,,,,,,,
Xavier Turner,RB,,,,,,,,,,,,,
Nate McCrary,RB,,,,,,,,,,,,,
Darius Jackson,RB,,,,,,,,,,,,,
John Robinson-Woodgett,RB,,,,,,,,,,,,,
Denzel Boston,WR,CLE,10.64,,,,0.15,0.57,0.0,3.14,5.26,52.18,0.36,0.01
Kaden Wetjen,WR,PIT,0.14,,,,0.05,0.25,0.0,0.04,0.06,0.41,0.0,
Roman Wilson,WR,PIT,5.17,,,,0.03,0.12,0.0,1.97,3.38,20.42,0.19,0.01
Ben Skowronek,WR,PIT,0.23,,,,,,,0.08,0.12,0.86,0.01,
DK Metcalf,WR,PIT,9.63,,,,0.15,0.74,0.01,3.18,6.28,42.34,0.35,0.01
Jerry Jeudy,WR,CLE,3.66,,,,0.07,0.31,0.0,1.43,2.51,17.33,0.08,0.01
Michael Pittman,WR,PIT,9.35,,,,0.05,0.27,0.0,3.96,5.99,40.91,0.21,0.02
Malachi Corley,WR,CLE,0.62,,,,0.14,0.91,0.0,0.2,0.29,2.45,0.01,0.0
Isaiah Bond,WR,CLE,2.59,,,,0.19,0.73,0.0,0.76,1.46,13.81,0.06,0.0
Germie Bernard,WR,PIT,2.28,,,,0.05,0.27,0.0,0.84,1.52,9.71,0.07,0.0
KC Concepcion,WR,CLE,9.2,,,,0.78,2.59,0.02,3.68,5.7,37.6,0.24,0.02
Nikko Remigio,WR,KC,0.17,,,,0.03,0.14,0.0,0.05,0.08,0.69,0.01,0.0
Matthew Golden,WR,GB,12.09,,,,0.21,0.8,0.0,4.15,7.31,61.32,0.29,0.02
Emeka Egbuka,WR,TB,10.78,,,,0.26,1.01,0.01,3.71,6.29,51.58,0.29,0.01
Luther Burden,WR,CHI,12.72,,,,0.67,3.43,0.01,4.36,5.74,63.0,0.27,0.02
Chimere Dike,WR,TEN,2.1,,,,0.2,0.52,0.01,0.85,1.2,8.7,0.05,0.0
Laquon Treadwell,WR,IND,8.33,,,,,,,2.52,4.48,41.57,0.27,
Mack Hollins,WR,NE,8.8,,,,0.04,0.23,0.0,3.45,5.47,44.58,0.14,0.02
David Moore,WR,CAR,2.8,,,,,,,0.86,1.84,12.85,0.11,0.0
Marquez Valdes-Scantling,WR,LAC,1.43,,,,,,,0.53,1.27,6.49,0.04,0.0
Ashton Dulin,WR,IND,4.75,,,,0.08,0.56,0.0,1.38,2.8,21.74,0.19,0.01
Cody White,WR,LV,3.2,,,,,,,0.93,1.55,11.24,0.19,0.0
Nico Collins,WR,HOU,18.61,,,,0.22,1.23,0.01,5.54,8.37,88.78,0.66,0.02
Dyami Brown,WR,WAS,2.06,,,,0.02,0.08,0.0,0.84,1.67,10.4,0.03,0.01
Romeo Doubs,WR,NE,8.98,,,,,,,3.04,4.93,48.78,0.18,0.01
George Pickens,WR,DAL,14.66,,,,0.05,0.2,0.0,5.09,8.07,76.97,0.31,0.02
John Metchie,WR,CAR,5.2,,,,0.01,0.03,0.0,2.08,3.29,21.45,0.16,0.01
Christian Watson,WR,GB,15.18,,,,0.1,0.51,0.0,4.2,7.08,71.03,0.63,0.02
Jordan Addison,WR,MIN,12.86,,,,0.45,4.45,0.03,4.02,6.94,58.22,0.39,0.02
Xavier Hutchinson,WR,HOU,5.67,,,,0.07,0.4,0.0,2.0,3.55,29.79,0.11,0.01
Charlie Jones,WR,NYG,0.21,,,,0.02,0.08,0.0,0.07,0.12,0.83,0.01,0.0
Jalen Brooks,WR,ARI,0.33,,,,,,,0.12,0.23,1.47,0.01,0.0
Xavier Worthy,WR,KC,9.68,,,,1.1,5.58,0.06,3.17,5.81,37.97,0.3,0.02
Devontez Walker,WR,BAL,4.82,,,,0.07,0.29,0.0,1.3,2.21,25.18,0.16,0.01
Tez Johnson,WR,TB,2.77,,,,0.1,0.35,0.0,0.94,1.68,13.11,0.08,0.0
Jaylin Noel,WR,HOU,2.16,,,,0.08,0.41,0.0,0.67,0.97,10.05,0.07,0.0
Myles Price,WR,MIN,0.52,,,,,,,0.19,0.28,2.23,0.02,
Malachi Fields,WR,NYG,5.31,,,,0.05,0.17,0.0,1.74,3.41,23.76,0.2,0.01
Ted Hurst,WR,TB,6.36,,,,0.09,0.41,0.0,2.11,3.91,30.15,0.2,0.01
Kevin Coleman,WR,MIA,4.6,,,,,,,1.63,4.24,22.2,0.12,0.01
Stefon Diggs,WR,WAS,12.67,,,,,,,4.54,6.7,60.33,0.35,0.02
Kalif Raymond,WR,CHI,10.18,,,,0.19,1.1,0.0,3.7,4.66,46.37,0.28,0.02
Deebo Samuel,WR,SF,9.34,,,,0.92,5.07,0.05,3.32,5.26,40.67,0.2,0.02
CeeDee Lamb,WR,DAL,17.44,,,,0.4,1.93,0.01,6.0,9.0,87.63,0.4,0.03
Rashod Bateman,WR,BAL,8.17,,,,0.07,0.31,0.0,2.82,4.59,41.27,0.19,0.01
Jameson Williams,WR,DET,11.76,,,,0.58,3.47,0.03,3.7,6.24,60.44,0.25,0.02
Rashid Shaheed,WR,SEA,6.89,,,,0.67,3.97,0.03,2.28,4.17,32.47,0.13,0.01
Parker Washington,WR,JAX,17.16,,,,0.44,1.56,0.01,5.07,8.34,91.56,0.45,0.03
Marvin Mims,WR,DEN,2.05,,,,0.42,1.8,0.02,0.74,1.06,7.32,0.05,0.0
Kayshon Boutte,WR,HOU,6.61,,,,,,,2.24,3.55,33.15,0.18,0.01
Zay Flowers,WR,BAL,16.12,,,,0.24,1.5,0.01,5.02,6.63,77.0,0.52,0.02
Tre Tucker,WR,LV,8.44,,,,0.5,2.24,0.02,2.97,5.2,39.65,0.2,0.01
Derius Davis,WR,LAC,0.46,,,,0.05,0.18,0.0,0.19,0.32,1.74,0.01,0.0
Jared Wayne,WR,HOU,2.41,,,,,,,0.91,1.29,10.51,0.07,
Mitch Tinsley,WR,CIN,1.37,,,,,,,0.52,0.92,5.73,0.05,0.0
Isaiah Williams,WR,NYJ,6.88,,,,0.2,1.31,0.01,3.22,3.98,31.68,0.06,0.01
Marvin Harrison,WR,ARI,5.46,,,,,,,1.86,3.97,26.6,0.16,0.01
Anthony Gould,WR,IND,0.58,,,,,,,0.22,0.3,2.4,0.02,0.0
Tai Felton,WR,MIN,5.4,,,,0.05,0.2,0.0,2.23,2.89,21.56,0.16,0.01
Tory Horton,WR,SEA,4.1,,,,0.06,0.24,0.0,1.35,2.24,18.62,0.14,0.01
Elic Ayomanor,WR,TEN,5.9,,,,0.02,0.09,0.0,1.88,3.83,29.73,0.17,0.01
Jordan Watkins,WR,SF,1.82,,,,,,,0.63,1.13,9.49,0.04,
Darius Cooper,WR,PHI,5.7,,,,,,,2.4,3.43,24.13,0.15,0.01
Deion Burks,WR,IND,1.07,,,,,,,0.37,0.59,4.59,0.04,0.0
Cyrus Allen,WR,KC,0.44,,,,,,,0.15,0.27,1.91,0.02,0.0
Brandin Cooks,WR,SF,0.97,,,,,,,0.32,0.66,5.07,0.02,0.0
Courtland Sutton,WR,DEN,10.05,,,,,,,3.27,6.25,46.21,0.36,0.01
Tee Higgins,WR,CIN,16.58,,,,0.06,0.26,0.0,4.92,7.99,80.93,0.58,0.02
Dontayvion Wicks,WR,PHI,11.41,,,,0.05,0.23,0.0,4.11,6.57,53.33,0.32,0.02
Michael Wilson,WR,ARI,14.57,,,,0.05,0.25,0.0,4.61,8.0,62.67,0.6,0.02
Malik Washington,WR,MIA,8.91,,,,1.01,4.08,0.05,3.51,6.5,37.54,0.15,0.02
Brian Thomas,WR,JAX,7.75,,,,0.1,0.6,0.0,2.53,4.75,41.83,0.16,0.01
Pat Bryant,WR,DEN,7.59,,,,0.09,0.47,0.0,2.83,4.49,32.09,0.25,0.01
Tetairoa McMillan,WR,CAR,15.9,,,,0.07,0.35,0.0,5.2,9.88,82.92,0.39,0.02
Travis Hunter,WR,JAX,1.71,,,,0.13,0.58,0.0,0.58,1.05,8.06,0.04,0.0
LaJohntay Wester,WR,BAL,0.98,,,,0.06,0.24,0.0,0.33,0.5,4.69,0.02,0.0
Dohnte Meyers,WR,CIN,3.75,,,,0.07,0.3,0.0,1.41,2.2,16.35,0.11,
Antonio Williams,WR,WAS,7.87,,,,0.11,0.5,0.0,2.93,4.7,36.64,0.2,0.01
Chris Godwin,WR,TB,9.22,,,,0.09,0.47,0.0,3.62,4.47,40.42,0.25,0.01
Calvin Ridley,WR,TEN,2.82,,,,0.0,0.02,0.0,1.03,1.74,14.31,0.06,0.0
DJ Moore,WR,BUF,13.88,,,,0.3,1.65,0.01,4.24,7.19,63.59,0.5,0.02
Jakobi Meyers,WR,JAX,9.91,,,,0.15,0.78,0.01,3.66,5.6,49.1,0.2,0.02
Devin Duvernay,WR,ARI,0.2,,,,0.04,0.21,0.0,0.08,0.11,0.66,0.0,0.0
Darnell Mooney,WR,NYG,4.78,,,,0.05,0.23,0.0,1.56,3.06,24.36,0.13,0.01
Skyy Moore,WR,GB,5.01,,,,0.52,2.55,0.01,1.87,3.29,22.39,0.1,0.01
Jalen Nailor,WR,LV,6.03,,,,0.25,0.89,0.01,1.97,3.74,25.59,0.23,0.01
Puka Nacua,WR,LAR,19.26,,,,0.46,2.75,0.02,6.24,9.08,90.99,0.59,0.03
DeMario Douglas,WR,NE,6.1,,,,0.33,1.59,0.01,2.4,4.14,29.33,0.09,0.01
Quentin Johnston,WR,LAC,8.65,,,,0.16,0.54,0.0,2.79,5.86,42.12,0.26,0.01
Jonathan Mingo,WR,DAL,0.31,,,,,,,0.1,0.25,1.65,0.01,
Brycen Tremayne,WR,CAR,7.9,,,,0.03,0.17,0.0,3.3,4.68,32.34,0.22,
Jacob Cowing,WR,SF,2.57,,,,,,,0.97,1.65,11.86,0.07,0.0
Jordan Whittington,WR,LAR,0.82,,,,0.07,0.29,0.0,0.32,0.48,3.57,0.02,0.0
Malik Nabers,WR,NYG,13.92,,,,0.29,1.16,0.01,5.12,9.31,62.89,0.39,0.02
Ryan Flournoy,WR,DAL,8.16,,,,0.05,0.21,0.0,3.22,4.97,37.3,0.2,0.01
Kameron Johnson,WR,TB,0.46,,,,0.05,0.26,0.0,0.15,0.25,1.87,0.01,0.0
Isaac TeSlaa,WR,DET,4.49,,,,0.05,0.27,0.0,1.42,2.52,21.66,0.14,0.01
Efton Chism,WR,NE,1.92,,,,,,,0.69,1.01,9.07,0.05,0.0
Kyle Williams,WR,NE,3.36,,,,0.05,0.24,0.0,1.08,2.21,16.01,0.11,0.01
Konata Mumpfield,WR,LAR,2.28,,,,,,,0.78,1.81,9.94,0.08,0.0
Jahdae Walker,WR,CHI,1.08,,,,,,,0.31,0.53,4.39,0.05,0.0
Chris Bell,WR,MIA,6.28,,,,0.04,0.14,0.0,2.24,4.81,32.82,0.12,0.01
Josh Cameron,WR,JAX,3.7,,,,0.16,0.82,0.01,1.15,1.89,15.36,0.15,0.01
Zavion Thomas,WR,CHI,0.83,,,,0.17,0.81,0.0,0.26,0.41,3.19,0.02,0.0
Malik McClain,WR,NYJ,2.5,,,,,,,0.91,1.4,11.95,0.07,
Cooper Kupp,WR,SEA,6.36,,,,0.07,0.31,0.0,2.21,3.55,30.56,0.17,0.01
Amon-Ra St. Brown,WR,DET,19.38,,,,0.27,1.7,0.01,6.51,9.86,79.89,0.77,0.03
Elijah Moore,WR,PHI,0.82,,,,0.07,0.3,0.0,0.32,0.57,3.41,0.02,
Joshua Palmer,WR,BUF,2.34,,,,,,,0.93,1.48,11.62,0.04,0.0
Jalen Tolbert,WR,MIA,1.01,,,,,,,0.4,0.85,4.97,0.02,0.0
Wan'Dale Robinson,WR,TEN,9.91,,,,0.12,0.5,0.0,4.33,6.59,44.98,0.17,0.02
Treylon Burks,WR,WAS,3.42,,,,0.24,1.05,0.01,1.27,2.79,16.3,0.06,0.01
Garrett Wilson,WR,NYJ,18.79,,,,0.27,1.09,0.01,6.66,10.12,87.79,0.53,0.03
Bo Melton,WR,GB,0.43,,,,0.18,0.89,0.0,0.1,0.23,1.61,0.01,0.0
Tay Martin,WR,DET,0.78,,,,,,,0.29,0.45,3.55,0.02,0.0
Dareke Young,WR,LV,0.45,,,,,,,0.16,0.28,2.11,0.01,0.0
KaVontae Turpin,WR,DAL,2.43,,,,0.53,2.65,0.02,0.67,1.11,10.49,0.05,0.01
Jaxon Smith-Njigba,WR,SEA,22.57,,,,0.46,1.91,0.02,6.57,9.77,99.43,0.95,0.03
Rashee Rice,WR,KC,14.04,,,,0.47,1.79,0.02,4.83,7.03,58.52,0.5,0.02
Rome Odunze,WR,CHI,8.58,,,,0.01,0.06,0.0,2.71,4.76,43.75,0.25,0.01
Troy Franklin,WR,DEN,2.5,,,,0.1,0.38,0.0,0.91,1.41,11.07,0.07,0.0
Keon Coleman,WR,BUF,4.8,,,,0.04,0.2,0.0,1.86,2.81,23.98,0.09,0.01
Jalen Royals,WR,KC,1.93,,,,0.05,0.19,0.0,0.67,1.04,7.0,0.09,0.0
Tre' Harris,WR,LAC,7.06,,,,0.11,0.42,0.0,2.81,4.91,36.51,0.09,0.01
Carnell Tate,WR,TEN,9.99,,,,0.02,0.08,0.0,4.36,7.16,47.97,0.14,0.02
Makai Lemon,WR,PHI,10.07,,,,0.1,0.43,0.0,4.82,6.57,37.44,0.24,0.02
Malik Benson,WR,LV,0.83,,,,,,,0.35,0.62,3.31,0.03,0.0
Davante Adams,WR,LAR,15.29,,,,,,,4.51,8.49,78.6,0.48,0.02
Mike Evans,WR,SF,14.11,,,,,,,4.21,7.75,65.4,0.55,0.02
Kendrick Bourne,WR,ARI,5.97,,,,,,,2.52,3.51,26.67,0.13,0.01
Braxton Berrios,WR,NYG,0.4,,,,0.09,0.57,0.0,0.13,0.17,1.24,0.01,
Greg Dortch,WR,BUF,0.2,,,,0.12,0.59,0.01,0.05,0.06,0.43,0.0,0.0
Tom Kennedy,WR,DET,0.52,,,,,,,0.19,0.31,2.43,0.01,0.0
Jauan Jennings,WR,MIN,10.86,,,,0.03,0.13,0.0,3.4,5.21,41.05,0.55,0.01
Jaylen Waddle,WR,DEN,12.61,,,,0.21,1.1,0.01,4.66,7.92,66.16,0.2,0.02
Khalil Shakir,WR,BUF,8.23,,,,0.11,0.5,0.0,3.66,4.99,37.62,0.13,0.02
Britain Covey,WR,PHI,0.42,,,,,,,0.18,0.29,1.77,0.01,0.0
Josh Downs,WR,IND,13.86,,,,0.12,0.43,0.0,4.6,7.58,65.56,0.44,0.02
Bryce Lance,WR,NO,5.26,,,,,,,1.99,3.61,23.47,0.15,0.01
Drake London,WR,ATL,17.01,,,,0.06,0.22,0.0,5.68,9.03,86.38,0.44,0.02
Kevin Austin,WR,NO,0.39,,,,,,,0.15,0.25,1.56,0.01,0.0
Devaughn Vele,WR,NO,10.89,,,,0.05,0.23,0.0,4.17,6.35,48.84,0.3,0.02
Zachariah Branch,WR,ATL,2.87,,,,0.14,0.58,0.01,1.08,1.64,11.35,0.09,0.0
Barion Brown,WR,NO,1.43,,,,,,,0.56,0.9,5.97,0.05,0.0
Jahan Dotson,WR,ATL,4.58,,,,0.03,0.11,0.0,1.61,3.31,19.77,0.16,0.01
Olamide Zaccheaus,WR,ATL,3.15,,,,0.21,0.97,0.01,1.11,1.97,12.68,0.1,0.01
Chris Olave,WR,NO,18.99,,,,0.05,0.19,0.0,6.16,9.67,89.08,0.65,0.03
DeAndrew White,WR,,,,,,,,,,,,,
Ricky Jeune,WR,,,,,,,,,,,,,
Jerome Kapp,WR,,,,,,,,,,,,,
Jakeem Grant,WR,,,,,,,,,,,,,
Jaron Brown,WR,,,,,,,,,,,,,
Michael Gallup,WR,,,,,,,,,,,,,
De'Anthony Thomas,WR,,,,,,,,,,,,,
Tyren Montgomery,WR,TEN,,,,,,,,,,,,
Miles Boykin,WR,,,,,,,,,,,,,
Dorian Singer,WR,,,,,,,,,,,,,
Dante Pettis,WR,SF,,,,,,,,,,,,
Rashard Davis,WR,,,,,,,,,,,,,
Drew Morgan,WR,,,,,,,,,,,,,
John Ross,WR,,,,,,,,,,,,,
Johnny King,WR,,,,,,,,,,,,,
Tevin Jones,WR,,,,,,,,,,,,,
David Watford,WR,,,,,,,,,,,,,
Evan Berry,WR,,,,,,,,,,,,,
Taylor Grimes,WR,,,,,,,,,,,,,
Ty James,WR,,,,,,,,,,,,,
DeAngelo Hardy,WR,,,,,,,,,,,,,
Jequez Ezzard,WR,,,,,,,,,,,,,
Albert Wilson,WR,,,,,,,,,,,,,
Jacolby George,WR,,,,,,,,,,,,,
Ife Adeyi,WR,,,,,,,,,,,,,
Sean Modster,WR,,,,,,,,,,,,,
Cole Beck,WR,,,,,,,,,,,,,
Michael Strachan,WR,,,,,,,,,,,,,
Julian Fleming,WR,,,,,,,,,,,,,
Robbie Chosen,WR,,,,,,,,,,,,,
Marvin Bracy,WR,,,,,,,,,,,,,
Josh Kelly,WR,HOU,,,,,,,,,,,,
T.J. Vasher,WR,,,,,,,,,,,,,
Mark Chapman,WR,,,,,,,,,,,,,
Ke'Shawn Williams,WR,CIN,,,,,,,,,,,,
Alexander Hollins,WR,,,,,,,,,,,,,
Brian Brown,WR,,,,,,,,,,,,,
Keke Coutee,WR,,,,,,,,,,,,,
Mathew Sexton,WR,,,,,,,,,,,,,
Donaven McCulley,WR,,,,,,,,,,,,,
Caleb Chapman,WR,,,,,,,,,,,,,
Josh Ali,WR,,,,,,,,,,,,,
Stephon Robinson,WR,,,,,,,,,,,,,
Blayne Taylor,WR,,,,,,,,,,,,,
Mac Dalena,WR,,,,,,,,,,,,,
Devin Gardner,WR,,,,,,,,,,,,,
Tyler Simmons,WR,,,,,,,,,,,,,
Dorren Miller,WR,,,,,,,,,,,,,
Chris King,WR,,,,,,,,,,,,,
Johnny Wilson,WR,PHI,,,,,,,,,,,,
De'Quan Hampton,WR,,,,,,,,,,,,,
Chad Williams,WR,,,,,,,,,,,,,
Isaac Zico,WR,,,,,,,,,,,,,
Corey Rucker,WR,LV,,,,,,,,,,,,
O'Mega Blake,WR,,,,,,,,,,,,,
Jamaal Pritchett,WR,NYJ,,,,,,,,,,,,
Thomas Sperbeck,WR,,,,,,,,,,,,,
Anthony Nash,WR,,,,,,,,,,,,,
Isaiah Wright,WR,,,,,,,,,,,,,
Tyler Kahmann,WR,,,,,,,,,,,,,
Brevin Easton,WR,,,,,,,,,,,,,
Blake Proehl,WR,,,,,,,,,,,,,
Jamaal Jones,WR,,,,,,,,,,,,,
James Washington,WR,,,,,,,,,,,,,
Hamze El-Zayat,WR,,,,,,,,,,,,,
Travis Toivonen,WR,,,,,,,,,,,,,
Darrius Shepherd,WR,,,,,,,,,,,,,
Ahmarean Brown,WR,,,,,,,,,,,,,
Jayden Reed,WR,GB,,,,,,,,,,,,
Seth Williams,WR,,,,,,,,,,,,,
Michael Johnson,WR,,,,,,,,,,,,,
Corbin Louks,WR,,,,,,,,,,,,,
Jason Brownlee,WR,,,,,,,,,,,,,
JoJo Natson,WR,,,,,,,,,,,,,
Ja'Corey Brooks,WR,,,,,,,,,,,,,
Pharoh Cooper,WR,,,,,,,,,,,,,
Daikiel Shorts,WR,,,,,,,,,,,,,
Kadarius Toney,WR,,,,,,,,,,,,,
Quez Watkins,WR,IND,,,,,,,,,,,,
Jaden Smith,WR,,,,,,,,,,,,,
Adrian Coxson,WR,,,,,,,,,,,,,
Chris Moore,WR,BAL,,,,,,,,,,,,
CJ Williams,WR,JAX,,,,,,,,,,,,
Willie Snead,WR,,,,,,,,,,,,,
C.J. Germany,WR,,,,,,,,,,,,,
CJ Daniels,WR,LAR,,,,,,,,,,,,
E.J. Williams,WR,,,,,,,,,,,,,
Dontez Byrd,WR,,,,,,,,,,,,,
Tre'Quan Smith,WR,,,,,,,,,,,,,
Gary Jennings,WR,LAC,,,,,,,,,,,,
Jamari Staples,WR,,,,,,,,,,,,,
Jerand Bradley,WR,,,,,,,,,,,,,
Trinity Benson,WR,,,,,,,,,,,,,
Gavin Holmes,WR,,,,,,,,,,,,,
Trevon Clark,WR,,,,,,,,,,,,,
Thyrick Pitts,WR,,,,,,,,,,,,,
Steven Sims,WR,,,,,,,,,,,,,
Dai'Jean Dixon,WR,,,,,,,,,,,,,
Tyjon Lindsey,WR,,,,,,,,,,,,,
Trevion Thompson,WR,,,,,,,,,,,,,
Gabe Marks,WR,,,,,,,,,,,,,
Landon Parker,WR,,,,,,,,,,,,,
David Durden,WR,,,,,,,,,,,,,
Noah Thomas,WR,CIN,,,,,,,,,,,,
Jalen Hurd,WR,,,,,,,,,,,,,
Brenen Thompson,WR,LAC,,,,,,,,,,,,
Gabriel Benyard,WR,,,,,,,,,,,,,
Steven Mitchell,WR,,,,,,,,,,,,,
Malik Earl,WR,,,,,,,,,,,,,
Jaelon Darden,WR,,,,,,,,,,,,,
Dakereon Joyner,WR,,,,,,,,,,,,,
Peter LeBlanc,WR,,,,,,,,,,,,,
Deontay Burnett,WR,,,,,,,,,,,,,
Marken Michel,WR,,,,,,,,,,,,,
Shelton Gibson,WR,,,,,,,,,,,,,
Harvey Binford,WR,,,,,,,,,,,,,
Gio Pascascio,WR,,,,,,,,,,,,,
J.J. Jones,WR,,,,,,,,,,,,,
Rondale Moore,WR,,,,,,,,,,,,,
Jalen Moss,WR,,,,,,,,,,,,,
Elijah Sarratt,WR,BAL,,,,,,,,,,,,
Kahlil Lewis,WR,,,,,,,,,,,,,
RJ Mobley,WR,,,,,,,,,,,,,
Caullin Lacy,WR,,,,,,,,,,,,,
Omari Evans,WR,KC,,,,,,,,,,,,
Adonis Jennings,WR,,,,,,,,,,,,,
Diontae Spencer,WR,,,,,,,,,,,,,
Damien Alford,WR,,,,,,,,,,,,,
Tyler Snead,WR,,,,,,,,,,,,,
Robert Lewis,WR,,,,,,,,,,,,,
Isaiah Zuber,WR,,,,,,,,,,,,,
Ladd McConkey,WR,LAC,,,,,,,,,,,,
Ricky White,WR,SEA,,,,,,,,,,,,
Casey Washington,WR,CAR,,,,,,,,,,,,
Felton Davis,WR,,,,,,,,,,,,,
Ishmael Zamora,WR,,,,,,,,,,,,,
Brandon Hayes,WR,,,,,,,,,,,,,
Alshon Jeffery,WR,,,,,,,,,,,,,
Micah Wright,WR,,,,,,,,,,,,,
Keon Hatcher,WR,,,,,,,,,,,,,
Davion Davis,WR,,,,,,,,,,,,,
Brandon Shippen,WR,,,,,,,,,,,,,
Cameron Batson,WR,,,,,,,,,,,,,
Johnnie Dixon,WR,,,,,,,,,,,,,
Tyrell Williams,WR,,,,,,,,,,,,,
Elijhah Badger,WR,,,,,,,,,,,,,
Mohamed Sanu,WR,,,,,,,,,,,,,
Xavier Loyd,WR,,,,,,,,,,,,,
DeAngelo Yancey,WR,,,,,,,,,,,,,
Tyler Boyd,WR,,,,,,,,,,,,,
Keelan Marion,WR,,,,,,,,,,,,,
Jeremiah Haydel,WR,,,,,,,,,,,,,
Justin Marshall,WR,,,,,,,,,,,,,
Latreal Jones,WR,,,,,,,,,,,,,
Jerreth Sterns,WR,,,,,,,,,,,,,
Kearis Jackson,WR,,,,,,,,,,,,,
Ka'Raun White,WR,,,,,,,,,,,,,
Cade Johnson,WR,,,,,,,,,,,,,
Redd Douglas,WR,,,,,,,,,,,,,
Nick Westbrook-Ikhine,WR,IND,,,,,,,,,,,,
Sincere Brown,WR,,,,,,,,,,,,,
Sam Pinckney,WR,,,,,,,,,,,,,
KhaDarel Hodge,WR,,,,,,,,,,,,,
Lucky Jackson,WR,DET,,,,,,,,,,,,
Des Lawrence,WR,,,,,,,,,,,,,
Devin Gray,WR,,,,,,,,,,,,,
Richie James,WR,,,,,,,,,,,,,
Jamoi Mayes,WR,,,,,,,,,,,,,
Anthony Miller,WR,,,,,,,,,,,,,
DaMarkus Lodge,WR,,,,,,,,,,,,,
Simi Fehoko,WR,ARI,,,,,,,,,,,,
Chandler Brayboy,WR,NE,,,,,,,,,,,,
K.J. Osborn,WR,TEN,,,,,,,,,,,,
Josh Imatorbhebhe,WR,,,,,,,,,,,,,
Montrell Washington,WR,,,,,,,,,,,,,
Xavier Weaver,WR,,,,,,,,,,,,,
Collin Johnson,WR,,,,,,,,,,,,,
Bennie Fowler,WR,,,,,,,,,,,,,
Anthony Schwartz,WR,,,,,,,,,,,,,
Derel Walker,WR,,,,,,,,,,,,,
Josh Harper,WR,,,,,,,,,,,,,
Stephen Louis,WR,,,,,,,,,,,,,
DeVonte Dedmon,WR,,,,,,,,,,,,,
Allen Lazard,WR,,,,,,,,,,,,,
Calvin Jackson,WR,,,,,,,,,,,,,
Marcus Kemp,WR,,,,,,,,,,,,,
Devon Cajuste,WR,,,,,,,,,,,,,
Isaiah Winstead,WR,,,,,,,,,,,,,
Le'Meke Brockington,WR,,,,,,,,,,,,,
Kermit Whitfield,WR,,,,,,,,,,,,,
Colton Dowell,WR,,,,,,,,,,,,,
Marcus Green,WR,,,,,,,,,,,,,
Jonathan Duhart,WR,,,,,,,,,,,,,
Curtis Samuel,WR,,,,,,,,,,,,,
Joe Horn,WR,,,,,,,,,,,,,
Deontez Alexander,WR,,,,,,,,,,,,,
DeMeer Blankumsee,WR,,,,,,,,,,,,,
Daniel George,WR,,,,,,,,,,,,,
Corey Willis,WR,,,,,,,,,,,,,
Malik Williams,WR,,,,,,,,,,,,,
Jimmy Holiday,WR,KC,,,,,,,,,,,,
Kole Wilson,WR,,,,,,,,,,,,,
Jake Bobo,WR,SEA,,,,,,,,,,,,
Demarcus Robinson,WR,SF,,,,,,,,,,,,
Tanner Gentry,WR,,,,,,,,,,,,,
Cody Thompson,WR,,,,,,,,,,,,,
Keytaon Thompson,WR,,,,,,,,,,,,,
Ja'Marr Chase,WR,CIN,,,,,,,,,,,,
Marcus Riley,WR,,,,,,,,,,,,,
Brady Boyd,WR,,,,,,,,,,,,,
Alex Bullock,WR,,,,,,,,,,,,,
Jordan Veasy,WR,,,,,,,,,,,,,
Calvin Austin,WR,NYG,,,,,,,,,,,,
Austin Trammell,WR,JAX,,,,,,,,,,,,
John Jackson,WR,,,,,,,,,,,,,
Jermaine Jackson,WR,,,,,,,,,,,,,
Dontay Demus,WR,,,,,,,,,,,,,
Denzel Mims,WR,,,,,,,,,,,,,
Jahmal Banks,WR,,,,,,,,,,,,,
Kelvin Harmon,WR,,,,,,,,,,,,,
Malik Turner,WR,SF,,,,,,,,,,,,
Andre Patton,WR,,,,,,,,,,,,,
Kenny Stills,WR,,,,,,,,,,,,,
Cyrus Holder,WR,,,,,,,,,,,,,
Maurice Alexander,WR,,,,,,,,,,,,,
Joseph Parker,WR,,,,,,,,,,,,,
Jamari Thrash,WR,,,,,,,,,,,,,
Jontre Kirklin,WR,,,,,,,,,,,,,
Marcus Simms,WR,,,,,,,,,,,,,
Brian Burt,WR,,,,,,,,,,,,,
Alex Erickson,WR,,,,,,,,,,,,,
Luke Floriea,WR,,,,,,,,,,,,,
Cameron Ross,WR,DEN,,,,,,,,,,,,
Alex Bachman,WR,LAR,,,,,,,,,,,,
Tony Brown,WR,,,,,,,,,,,,,
Sam Schnee,WR,,,,,,,,,,,,,
Jared Murphy,WR,,,,,,,,,,,,,
Derrick Willies,WR,,,,,,,,,,,,,
Jason Moore,WR,,,,,,,,,,,,,
Liam Clifford,WR,,,,,,,,,,,,,
Bryan Thompson,WR,,,,,,,,,,,,,
Marquise Goodwin,WR,,,,,,,,,,,,,
Lujuan Winningham,WR,,,,,,,,,,,,,
Montorie Foster,WR,SEA,,,,,,,,,,,,
Devonte Ross,WR,,,,,,,,,,,,,
Osirus Mitchell,WR,,,,,,,,,,,,,
Jalen McMillan,WR,TB,,,,,,,,,,,,
Dalevon Campbell,WR,,,,,,,,,,,,,
Canaan Severin,WR,,,,,,,,,,,,,
Terry Wright,WR,,,,,,,,,,,,,
Cody Hollister,WR,,,,,,,,,,,,,
Charleston Rambo,WR,,,,,,,,,,,,,
Marcus Burke,WR,,,,,,,,,,,,,
Adam Humphries,WR,,,,,,,,,,,,,
Ben Patterson,WR,,,,,,,,,,,,,
Dezmon Patmon,WR,,,,,,,,,,,,,
Emmanuel Butler,WR,,,,,,,,,,,,,
David Porter,WR,,,,,,,,,,,,,
Devonte Boyd,WR,,,,,,,,,,,,,
Jazz Ferguson,WR,,,,,,,,,,,,,
Uzoma Nwachukwu,WR,,,,,,,,,,,,,
Randall Cobb,WR,,,,,,,,,,,,,
K.D. Cannon,WR,,,,,,,,,,,,,
Kelly Akharaiyi,WR,,,,,,,,,,,,,
Malachi Jones,WR,,,,,,,,,,,,,
Darren Carrington,WR,,,,,,,,,,,,,
Cam Sims,WR,,,,,,,,,,,,,
Ezell Ruffin,WR,,,,,,,,,,,,,
Dom Williams,WR,,,,,,,,,,,,,
Caleb Scott,WR,TEN,,,,,,,,,,,,
Golden Tate,WR,,,,,,,,,,,,,
Preston Fox,WR,,,,,,,,,,,,,
Jon'Vea Johnson,WR,,,,,,,,,,,,,
A.J. Richardson,WR,,,,,,,,,,,,,
DeMichael Harris,WR,,,,,,,,,,,,,
Ed Lee,WR,,,,,,,,,,,,,
Tommy Mellott,WR,,,,,,,,,,,,,
Titus Davis,WR,,,,,,,,,,,,,
Jerjuan Newton,WR,,,,,,,,,,,,,
Jadakis Bonds,WR,,,,,,,,,,,,,
Dontae Fleming,WR,NYG,,,,,,,,,,,,
Nigel King,WR,,,,,,,,,,,,,
Taysir Mack,WR,,,,,,,,,,,,,
J.J. Nelson,WR,,,,,,,,,,,,,
Dean Patterson,WR,TB,,,,,,,,,,,,
Duke Williams,WR,,,,,,,,,,,,,
Johnathan Lloyd,WR,,,,,,,,,,,,,
Ethan Fernea,WR,,,,,,,,,,,,,
Zay Malone,WR,,,,,,,,,,,,,
Anthony Kelly,WR,,,,,,,,,,,,,
A.J. Green,WR,,,,,,,,,,,,,
Ontaria Wilson,WR,,,,,,,,,,,,,
C.J. Saunders,WR,,,,,,,,,,,,,
Terry Godwin,WR,,,,,,,,,,,,,
Aron Cruickshank,WR,,,,,,,,,,,,,
Bell Braylon,WR,,,,,,,,,,,,,
Jordan Moore,WR,CIN,,,,,,,,,,,,
Michael Dereus,WR,,,,,,,,,,,,,
Juwan Green,WR,,,,,,,,,,,,,
Devin Smith,WR,,,,,,,,,,,,,
Ricky Pearsall,WR,SF,,,,,,,,,,,,
Anthony Smith,WR,DAL,,,,,,,,,,,,
Henry Litwin,WR,,,,,,,,,,,,,
Ronnie Bell,WR,,,,,,,,,,,,,
Damon Sheehy-Guiseppi,WR,,,,,,,,,,,,,
Kenny Golladay,WR,,,,,,,,,,,,,
Daewood Davis,WR,,,,,,,,,,,,,
Bryan Edwards,WR,,,,,,,,,,,,,
Quincy Skinner,WR,GB,,,,,,,,,,,,
Matt Landers,WR,,,,,,,,,,,,,
Luke McCaffrey,WR,WAS,,,,,,,,,,,,
Aleva Hifo,WR,,,,,,,,,,,,,
John Ursua,WR,,,,,,,,,,,,,
Vernon Johnson,WR,,,,,,,,,,,,,
Caleb Douglas,WR,MIA,,,,,,,,,,,,
Braxton Westfield,WR,,,,,,,,,,,,,
Mason Tipton,WR,NO,,,,,,,,,,,,
Ahmad Wagner,WR,,,,,,,,,,,,,
Vyncint Smith,WR,,,,,,,,,,,,,
Eric Rogers,WR,,,,,,,,,,,,,
Jarred Haggins,WR,,,,,,,,,,,,,
Jose Barbon,WR,,,,,,,,,,,,,
KeeSean Johnson,WR,,,,,,,,,,,,,
Tyshaun James,WR,,,,,,,,,,,,,
Daniel Jackson,WR,,,,,,,,,,,,,
Tre Turner,WR,,,,,,,,,,,,,
Jordan Hudson,WR,DAL,,,,,,,,,,,,
Drew Estrada,WR,,,,,,,,,,,,,
Marvelle Ross,WR,,,,,,,,,,,,,
Chris Blair,WR,ATL,,,,,,,,,,,,
Penny Hart,WR,,,,,,,,,,,,,
Matt Cole,WR,,,,,,,,,,,,,
Kristian Wilkerson,WR,,,,,,,,,,,,,
Devon Williams,WR,,,,,,,,,,,,,
Shaquelle Evans,WR,,,,,,,,,,,,,
Nick Williams,WR,DEN,,,,,,,,,,,,
Marcus Tucker,WR,,,,,,,,,,,,,
Brandon Lewis,WR,,,,,,,,,,,,,
Elijah Cooks,WR,,,,,,,,,,,,,
J.J. Koski,WR,,,,,,,,,,,,,
Lil'Jordan Humphrey,WR,DEN,,,,,,,,,,,,
Travell Harris,WR,,,,,,,,,,,,,
Marcus Sanders,WR,,,,,,,,,,,,,
Terique Owens,WR,,,,,,,,,,,,,
Nyqwan Murray,WR,,,,,,,,,,,,,
Johnny Holton,WR,,,,,,,,,,,,,
Garrett Johnson,WR,,,,,,,,,,,,,
Thomas Ives,WR,CHI,,,,,,,,,,,,
JuJu Smith-Schuster,WR,,,,,,,,,,,,,
Russell Gage,WR,,,,,,,,,,,,,
Michael Walker,WR,,,,,,,,,,,,,
Tyreek Hill,WR,,,,,,,,,,,,,
Tim Jones,WR,JAX,,,,,,,,,,,,
Isaiah Neyor,WR,GB,,,,,,,,,,,,
Wayne Ruby,WR,,,,,,,,,,,,,
David White,WR,,,,,,,,,,,,,
Raphael Leonard,WR,,,,,,,,,,,,,
Cephus Johnson,WR,,,,,,,,,,,,,
Tutu Atwell,WR,LAR,,,,,,,,,,,,
Paul Browning,WR,,,,,,,,,,,,,
Tyler Adams,WR,,,,,,,,,,,,,
Josh Smith,WR,,,,,,,,,,,,,
Jimmy Horn,WR,CLE,,,,,,,,,,,,
William Fuller,WR,,,,,,,,,,,,,
Shae Wyatt,WR,,,,,,,,,,,,,
Trey Griffey,WR,,,,,,,,,,,,,
Ja'Marcus Bradley,WR,,,,,,,,,,,,,
Kenny Lawler,WR,,,,,,,,,,,,,
Mikah Holder,WR,,,,,,,,,,,,,
Russell Shepard,WR,,,,,,,,,,,,,
Marcus Peterson,WR,,,,,,,,,,,,,
T.J. Simmons,WR,,,,,,,,,,,,,
Jared Bernhardt,WR,,,,,,,,,,,,,
Savion Williams,WR,GB,,,,,,,,,,,,
Aaron Lacombe,WR,,,,,,,,,,,,,
Anthony Johnson,WR,,,,,,,,,,,,,
Bryce Oliver,WR,,,,,,,,,,,,,
Frank Darby,WR,,,,,,,,,,,,,
Lynn Bowden,WR,,,,,,,,,,,,,
Marcus Johnson,WR,,,,,,,,,,,,,
Josh Doctson,WR,,,,,,,,,,,,,
Deven Thompkins,WR,LV,,,,,,,,,,,,
Malachi Carter,WR,,,,,,,,,,,,,
Jalen Guyton,WR,,,,,,,,,,,,,
Dayton Wade,WR,,,,,,,,,,,,,
Darece Roberson,WR,,,,,,,,,,,,,
Irv Charles,WR,SEA,,,,,,,,,,,,
Phil Lutz,WR,,,,,,,,,,,,,
Floyd Allen,WR,,,,,,,,,,,,,
Jacob Harris,WR,,,,,,,,,,,,,
Tim Patrick,WR,NYJ,,,,,,,,,,,,
Joseph Ngata,WR,,,,,,,,,,,,,
Treveyon Pratt,WR,,,,,,,,,,,,,
Marquez Clark,WR,,,,,,,,,,,,,
Mekhi Mews,WR,,,,,,,,,,,,,
Keilahn Harris,WR,,,,,,,,,,,,,
Eli Pancol,WR,IND,,,,,,,,,,,,
Carlos Henderson,WR,,,,,,,,,,,,,
Jamison Crowder,WR,,,,,,,,,,,,,
Daniel Williams,WR,,,,,,,,,,,,,
Sean Ryan,WR,,,,,,,,,,,,,
Seth Dawkins,WR,,,,,,,,,,,,,
Dez Stewart,WR,,,,,,,,,,,,,
Jake Wieneke,WR,,,,,,,,,,,,,
DeAndre Carter,WR,,,,,,,,,,,,,
Devin Carter,WR,,,,,,,,,,,,,
Andrei Iosivas,WR,CIN,,,,,,,,,,,,
Robert Davis,WR,,,,,,,,,,,,,
Kalil Pimpleton,WR,,,,,,,,,,,,,
Shay Fields,WR,,,,,,,,,,,,,
Jaylon Moore,WR,,,,,,,,,,,,,
Jelani Baker,WR,,,,,,,,,,,,,
Damiere Byrd,WR,,,,,,,,,,,,,
Josh Reynolds,WR,,,,,,,,,,,,,
Dez Fitzpatrick,WR,,,,,,,,,,,,,
De'Zhaun Stribling,WR,SF,,,,,,,,,,,,
Ricky Collins,WR,,,,,,,,,,,,,
Darvin Kidsy,WR,,,,,,,,,,,,,
Rashard Higgins,WR,,,,,,,,,,,,,
Cam Camper,WR,,,,,,,,,,,,,
Kawaan Baker,WR,,,,,,,,,,,,,
A.J. Brown,WR,NE,,,,,,,,,,,,
Gunner Olszewski,WR,NYG,,,,,,,,,,,,
Colby Pearson,WR,,,,,,,,,,,,,
Geremy Davis,WR,,,,,,,,,,,,,
Diontae Johnson,WR,,,,,,,,,,,,,
Darrell Stewart,WR,,,,,,,,,,,,,
Kaden Prather,WR,,,,,,,,,,,,,
JaQuae Jackson,WR,,,,,,,,,,,,,
Ryan Switzer,WR,,,,,,,,,,,,,
Tyler Hudson,WR,,,,,,,,,,,,,
Aaron Fuller,WR,,,,,,,,,,,,,
Kyre Duplessis,WR,,,,,,,,,,,,,
Dontrelle Inman,WR,,,,,,,,,,,,,
Samson Nacua,WR,,,,,,,,,,,,,
Tim Wilson,WR,,,,,,,,,,,,,
Jaxon Janke,WR,,,,,,,,,,,,,
Keith Kirkwood,WR,,,,,,,,,,,,,
Cayleb Jones,WR,,,,,,,,,,,,,
Amari Cooper,WR,,,,,,,,,,,,,
Michael Rector,WR,,,,,,,,,,,,,
Mike Williams,WR,,,,,,,,,,,,,
Praise Olatoke,WR,,,,,,,,,,,,,
Kobe Hudson,WR,,,,,,,,,,,,,
Bryce Bobo,WR,,,,,,,,,,,,,
Je'Quan Burton,WR,,,,,,,,,,,,,
Jaelon Acklin,WR,,,,,,,,,,,,,
Ahmad Fulwood,WR,,,,,,,,,,,,,
Josh Gordon,WR,,,,,,,,,,,,,
Jonah Trinnaman,WR,,,,,,,,,,,,,
Michael Bandy,WR,DEN,,,,,,,,,,,,
Ted Ginn,WR,,,,,,,,,,,,,
Stephen Gosnell,WR,BUF,,,,,,,,,,,,
Dalen Cambre,WR,NYG,,,,,,,,,,,,
Chris Brazzell,WR,CAR,,,,,,,,,,,,
Jaylin Lane,WR,WAS,,,,,,,,,,,,
Danny Anthrop,WR,,,,,,,,,,,,,
Braydon Johnson,WR,,,,,,,,,,,,,
Ja'Mori Maclin,WR,BUF,,,,,,,,,,,,
Stanley Morgan,WR,,,,,,,,,,,,,
Alex Wesley,WR,,,,,,,,,,,,,
Alec Pierce,WR,IND,,,,,,,,,,,,
Kenny Bell,WR,,,,,,,,,,,,,
John Hightower,WR,,,,,,,,,,,,,
Kai Locksley,WR,,,,,,,,,,,,,
Aaron Anderson,WR,,,,,,,,,,,,,
Kendall Hinton,WR,,,,,,,,,,,,,
Phillip Brooks,WR,,,,,,,,,,,,,
Darius Davis,WR,,,,,,,,,,,,,
Brennan Eagles,WR,,,,,,,,,,,,,
Trebor Pena,WR,JAX,,,,,,,,,,,,
Chris Hilton,WR,,,,,,,,,,,,,
Marchie Murdock,WR,,,,,,,,,,,,,
Savon Scarver,WR,,,,,,,,,,,,,
Josh Vann,WR,,,,,,,,,,,,,
Harrison Wallace,WR,ARI,,,,,,,,,,,,
Jamire Jordan,WR,,,,,,,,,,,,,
Nick Easley,WR,,,,,,,,,,,,,
Kendrick Ings,WR,,,,,,,,,,,,,
Chase Claypool,WR,,,,,,,,,,,,,
Jaquarii Roberson,WR,,,,,,,,,,,,,
Sy Barnett,WR,,,,,,,,,,,,,
Anthony Dable,WR,,,,,,,,,,,,,
Dredrick Snelson,WR,,,,,,,,,,,,,
Kyle Philips,WR,,,,,,,,,,,,,
Jeff Caldwell,WR,KC,,,,,,,,,,,,
Ramel Keyton,WR,,,,,,,,,,,,,
KJ Hill,WR,LAC,,,,,,,,,,,,
Austin Carr,WR,,,,,,,,,,,,,
Cam Johnson,WR,,,,,,,,,,,,,
Isaiah Hodgins,WR,PIT,,,,,,,,,,,,
Mitch Mathews,WR,,,,,,,,,,,,,
Germone Hopper,WR,,,,,,,,,,,,,
Silas Bolden,WR,,,,,,,,,,,,,
Mecole Hardman,WR,,,,,,,,,,,,,
Antwane Wells,WR,ATL,,,,,,,,,,,,
Traeshon Holden,WR,,,,,,,,,,,,,
C.J. Charleston,WR,,,,,,,,,,,,,
Mason Kinsey,WR,,,,,,,,,,,,,
Brisly Estime,WR,,,,,,,,,,,,,
Davon Grayson,WR,,,,,,,,,,,,,
Kyron Hudson,WR,,,,,,,,,,,,,
Lacoltan Bester,WR,,,,,,,,,,,,,
Fred Trevillion,WR,,,,,,,,,,,,,
Xavier Guillory,WR,BAL,,,,,,,,,,,,
Marquez Stevenson,WR,,,,,,,,,,,,,
Jared Dangerfield,WR,,,,,,,,,,,,,
KeVonn Mabon,WR,,,,,,,,,,,,,
Joe Horn,WR,,,,,,,,,,,,,
Chris Tyree,WR,,,,,,,,,,,,,
Darius Prince,WR,,,,,,,,,,,,,
Landon Lenoir,WR,,,,,,,,,,,,,
Adam Thielen,WR,,,,,,,,,,,,,
JJ Laap,WR,,,,,,,,,,,,,
OJ Hiliare,WR,,,,,,,,,,,,,
Kaden Davis,WR,CHI,,,,,,,,,,,,
Tre Mosley,WR,,,,,,,,,,,,,
Devin Ross,WR,,,,,,,,,,,,,
T.J. Jones,WR,,,,,,,,,,,,,
George Campbell,WR,,,,,,,,,,,,,
Isaiah Wooden,WR,,,,,,,,,,,,,
Daurice Fountain,WR,,,,,,,,,,,,,
Jester Weah,WR,,,,,,,,,,,,,
Dazz Newsome,WR,,,,,,,,,,,,,
Taywan Taylor,WR,,,,,,,,,,,,,
Karel Hamilton,WR,,,,,,,,,,,,,
Dennis Parks,WR,,,,,,,,,,,,,
Avery Davis,WR,,,,,,,,,,,,,
Tony Stevens,WR,,,,,,,,,,,,,
Jaleel Scott,WR,,,,,,,,,,,,,
Eric McAlister,WR,,,,,,,,,,,,,
Kekoa Crawford,WR,,,,,,,,,,,,,
Brandon Powell,WR,,,,,,,,,,,,,
Andrew Armstrong,WR,KC,,,,,,,,,,,,
Monaray Baldwin,WR,,,,,,,,,,,,,
C.J. Duncan,WR,,,,,,,,,,,,,
Damion Jeanpiere,WR,,,,,,,,,,,,,
Bailey Gaither,WR,,,,,,,,,,,,,
Dakota Caton,WR,,,,,,,,,,,,,
Rico Bussey,WR,,,,,,,,,,,,,
Tyler Lockett,WR,,,,,,,,,,,,,
James Proche,WR,CLE,,,,,,,,,,,,
Damon Hazelton,WR,,,,,,,,,,,,,
Willie Johnson,WR,,,,,,,,,,,,,
Shane Leatherbury,WR,,,,,,,,,,,,,
Rodney Adams,WR,,,,,,,,,,,,,
Jalen Greene,WR,,,,,,,,,,,,,
Detrich Clark,WR,,,,,,,,,,,,,
Shaq Hill,WR,,,,,,,,,,,,,
Monty Madaris,WR,,,,,,,,,,,,,
Romell Guerrier,WR,,,,,,,,,,,,,
Francis Owusu,WR,,,,,,,,,,,,,
Hunter Renfrow,WR,,,,,,,,,,,,,
Marcus Lucas,WR,,,,,,,,,,,,,
Equanimeous St. Brown,WR,,,,,,,,,,,,,
Da'Mari Scott,WR,,,,,,,,,,,,,
Cade McDonald,WR,,,,,,,,,,,,,
Keeon Johnson,WR,,,,,,,,,,,,,
Julian Edelman,WR,,,,,,,,,,,,,
Chad Hansen,WR,,,,,,,,,,,,,
Roderick Daniels,WR,,,,,,,,,,,,,
Kyle Dixon,WR,NE,,,,,,,,,,,,
Bobo Wilson,WR,,,,,,,,,,,,,
Deonte Harty,WR,,,,,,,,,,,,,
DeVonta Smith,WR,PHI,,,,,,,,,,,,
Demetrius Wilson,WR,,,,,,,,,,,,,
DaVaris Daniels,WR,,,,,,,,,,,,,
Kyric McGowan,WR,,,,,,,,,,,,,
Chase Cota,WR,,,,,,,,,,,,,
Amari Rodgers,WR,,,,,,,,,,,,,
David Bell,WR,,,,,,,,,,,,,
Antoine Wesley,WR,,,,,,,,,,,,,
Nick Nash,WR,,,,,,,,,,,,,
Myron Mitchell,WR,,,,,,,,,,,,,
Tyler Vaughns,WR,,,,,,,,,,,,,
Jalen Walthall,WR,,,,,,,,,,,,,
Keyarris Garrett,WR,,,,,,,,,,,,,
Tyre Brady,WR,,,,,,,,,,,,,
Kevin Snead,WR,,,,,,,,,,,,,
Moose Muhammad,WR,,,,,,,,,,,,,
John Brown,WR,,,,,,,,,,,,,
Allen Robinson,WR,,,,,,,,,,,,,
Zach Mathis,WR,,,,,,,,,,,,,
Dante Wright,WR,,,,,,,,,,,,,
Corey Sutton,WR,,,,,,,,,,,,,
Mario Williams,WR,,,,,,,,,,,,,
Kwamie Lassiter,WR,,,,,,,,,,,,,
Austin Duke,WR,,,,,,,,,,,,,
Hal Presley,WR,,,,,,,,,,,,,
Octavian Smith,WR,,,,,,,,,,,,,
Quincy Enunwa,WR,,,,,,,,,,,,,
Marquise Brown,WR,PHI,,,,,,,,,,,,
Trenton Irwin,WR,,,,,,,,,,,,,
Corey Crooms,WR,,,,,,,,,,,,,
Will Pauling,WR,SF,,,,,,,,,,,,
Kasey Closs,WR,,,,,,,,,,,,,
Changa Hodge,WR,,,,,,,,,,,,,
Landen Akers,WR,,,,,,,,,,,,,
Taylor Morin,WR,,,,,,,,,,,,,
Josh Magee,WR,,,,,,,,,,,,,
Jacob Copeland,WR,,,,,,,,,,,,,
Jimmy Kibble,WR,,,,,,,,,,,,,
Ajou Ajou,WR,,,,,,,,,,,,,
Joseph Scates,WR,,,,,,,,,,,,,
Kyle Sheets,WR,,,,,,,,,,,,,
Chris Brown,WR,,,,,,,,,,,,,
Michael Crabtree,WR,,,,,,,,,,,,,
Jake Herslow,WR,,,,,,,,,,,,,
Quintez Cephus,WR,,,,,,,,,,,,,
Jordan Bly,WR,,,,,,,,,,,,,
Keshunn Abram,WR,,,,,,,,,,,,,
Julian Hicks,WR,,,,,,,,,,,,,
Quenton Bundrage,WR,,,,,,,,,,,,,
Stephen Guidry,WR,,,,,,,,,,,,,
Braxton Burmeister,WR,,,,,,,,,,,,,
Jack Bech,WR,LV,,,,,,,,,,,,
Juwann Winfree,WR,,,,,,,,,,,,,
Cortez Braham,WR,,,,,,,,,,,,,
Emmanuel Henderson,WR,SEA,,,,,,,,,,,,
Hank Beatty,WR,,,,,,,,,,,,,
John Harris,WR,,,,,,,,,,,,,
Jalen Sample,WR,,,,,,,,,,,,,
John Diarse,WR,,,,,,,,,,,,,
Chase Roberts,WR,,,,,,,,,,,,,
Terrill Davis,WR,,,,,,,,,,,,,
Jacob De Jesus,WR,,,,,,,,,,,,,
Antonio Brown,WR,,,,,,,,,,,,,
DJ Turner,WR,,,,,,,,,,,,,
Keelan Cole,WR,,,,,,,,,,,,,
Johnathon Johnson,WR,,,,,,,,,,,,,
Duece Watts,WR,,,,,,,,,,,,,
DeSean Jackson,WR,,,,,,,,,,,,,
Scotty Washington,WR,,,,,,,,,,,,,
Trevon Grimes,WR,,,,,,,,,,,,,
Tre Walker,WR,,,,,,,,,,,,,
JoJo Ward,WR,,,,,,,,,,,,,
Dez Bryant,WR,,,,,,,,,,,,,
Cornell Powell,WR,,,,,,,,,,,,,
Cedric Tillman,WR,NO,,,,,,,,,,,,
Cole Beasley,WR,,,,,,,,,,,,,
Jarvis Landry,WR,,,,,,,,,,,,,
Dee Eskridge,WR,,,,,,,,,,,,,
Chris Autman-Bell,WR,,,,,,,,,,,,,
Trevor Davis,WR,,,,,,,,,,,,,
Keenan Allen,WR,IND,,,,,,,,,,,,
Matt Fleming,WR,,,,,,,,,,,,,
Dres Anderson,WR,,,,,,,,,,,,,
Zimari Manning,WR,,,,,,,,,,,,,
Jehu Chesson,WR,,,,,,,,,,,,,
Isaiah McKoy,WR,,,,,,,,,,,,,
Travis Jonsen,WR,,,,,,,,,,,,,
Robert Wheelwright,WR,,,,,,,,,,,,,
Dalton Schoen,WR,,,,,,,,,,,,,
Emeka Emezie,WR,,,,,,,,,,,,,
Jack Sorenson,WR,,,,,,,,,,,,,
Shawn Poindexter,WR,,,,,,,,,,,,,
Darreus Rogers,WR,,,,,,,,,,,,,
Deon Cain,WR,,,,,,,,,,,,,
Rory Starkey,WR,,,,,,,,,,,,,
Jha'Quan Jackson,WR,,,,,,,,,,,,,
Justice Liggins,WR,,,,,,,,,,,,,
Arian Smith,WR,NYJ,,,,,,,,,,,,
Dan Chisena,WR,,,,,,,,,,,,,
Dimitri Stanley,WR,,,,,,,,,,,,,
Oliver Martin,WR,,,,,,,,,,,,,
Joaquin Davis,WR,,,,,,,,,,,,,
Mante Morrow,WR,,,,,,,,,,,,,
Valdez Showers,WR,,,,,,,,,,,,,
Amir Carlisle,WR,,,,,,,,,,,,,
Jalen Camp,WR,,,,,,,,,,,,,
Jonathan Brady,WR,,,,,,,,,,,,,
Jeff Weimer,WR,,,,,,,,,,,,,
Rashad Rochelle,WR,,,,,,,,,,,,,
Jaray Jenkins,WR,,,,,,,,,,,,,
Dont'e Thornton,WR,LV,,,,,,,,,,,,
Gavin Lutman,WR,,,,,,,,,,,,,
Dominic Lovett,WR,DET,,,,,,,,,,,,
Kaylon Horton,WR,,,,,,,,,,,,,
Dillon Stoner,WR,,,,,,,,,,,,,
Paul Richardson,WR,,,,,,,,,,,,,
Damion Ratley,WR,,,,,,,,,,,,,
Jeremiah Webb,WR,NE,,,,,,,,,,,,
T.Y. Hilton,WR,,,,,,,,,,,,,
Nick Holley,WR,,,,,,,,,,,,,
Terrace Marshall,WR,,,,,,,,,,,,,
Shedrick Jackson,WR,,,,,,,,,,,,,
Robert Woods,WR,,,,,,,,,,,,,
Stanley Berryhill,WR,,,,,,,,,,,,,
DeAndre Reaves,WR,,,,,,,,,,,,,
Kisean Johnson,WR,,,,,,,,,,,,,
Jalen Wayne,WR,,,,,,,,,,,,,
Malcolm Lewis,WR,,,,,,,,,,,,,
Odell Beckham,WR,MIN,,,,,,,,,,,,
John Jiles,WR,,,,,,,,,,,,,
Fred Brown,WR,,,,,,,,,,,,,
Mac Hippenhammer,WR,,,,,,,,,,,,,
Levern Jacobs,WR,,,,,,,,,,,,,
Nate McCollum,WR,,,,,,,,,,,,,
De'Mornay Pierson-El,WR,,,,,,,,,,,,,
Richard Mullaney,WR,,,,,,,,,,,,,
Dylan Drummond,WR,ATL,,,,,,,,,,,,
Darius Lassiter,WR,,,,,,,,,,,,,
Daylen Baldwin,WR,,,,,,,,,,,,,
Trishton Jackson,WR,,,,,,,,,,,,,
Papi White,WR,,,,,,,,,,,,,
Travis Fulgham,WR,,,,,,,,,,,,,
Coleman Owen,WR,GB,,,,,,,,,,,,
Noah Short,WR,,,,,,,,,,,,,
Michael Young,WR,,,,,,,,,,,,,
Taj Williams,WR,,,,,,,,,,,,,
Noel Thomas,WR,,,,,,,,,,,,,
Malcolm Perry,WR,,,,,,,,,,,,,
Jordyn Tyson,WR,NO,,,,,,,,,,,,
Thomas Hennigan,WR,,,,,,,,,,,,,
Cameron Dorner,WR,NE,,,,,,,,,,,,
Zay Jones,WR,,,,,,,,,,,,,
Malick Meiga,WR,SEA,,,,,,,,,,,,
Mekale McKay,WR,,,,,,,,,,,,,
T.J. Luther,WR,,,,,,,,,,,,,
Cyril Grayson,WR,,,,,,,,,,,,,
Jaelen Gill,WR,,,,,,,,,,,,,
Jalen Virgil,WR,,,,,,,,,,,,,
Austin Proehl,WR,,,,,,,,,,,,,
Ketron Jackson,WR,,,,,,,,,,,,,
Camden Brown,WR,DAL,,,,,,,,,,,,
Elijah Marks,WR,,,,,,,,,,,,,
Beau Corrales,WR,,,,,,,,,,,,,
Josh Hammond,WR,,,,,,,,,,,,,
Sam Wiglusz,WR,,,,,,,,,,,,,
Robert Foster,WR,,,,,,,,,,,,,
Sam Brown,WR,,,,,,,,,,,,,
Byron Pringle,WR,,,,,,,,,,,,,
T.J. Rahming,WR,,,,,,,,,,,,,
Makai Polk,WR,,,,,,,,,,,,,
Omar Cooper,WR,NYJ,,,,,,,,,,,,
Malik Heath,WR,ATL,,,,,,,,,,,,
Nick DeGennaro,WR,WAS,,,,,,,,,,,,
Mike Thomas,WR,,,,,,,,,,,,,
Warren Jackson,WR,,,,,,,,,,,,,
Justin Lockhart,WR,,,,,,,,,,,,,
Tru Edwards,WR,,,,,,,,,,,,,
Gabe Davis,WR,,,,,,,,,,,,,
Allen Hurns,WR,MIA,,,,,,,,,,,,
Jaden Bradley,WR,WAS,,,,,,,,,,,,
Jaaron Hayek,WR,,,,,,,,,,,,,
Cortrelle Simpson,WR,,,,,,,,,,,,,
Justice Shelton-Mosley,WR,,,,,,,,,,,,,
Connor Wedington,WR,,,,,,,,,,,,,
Tyrie Cleveland,WR,,,,,,,,,,,,,
Tejhaun Palmer,WR,,,,,,,,,,,,,
DeAndre Thompkins,WR,GB,,,,,,,,,,,,
Racey McMath,WR,,,,,,,,,,,,,
Brian Cobbs,WR,,,,,,,,,,,,,
Trey Quinn,WR,,,,,,,,,,,,,
Jordan Smallwood,WR,,,,,,,,,,,,,
Sammy Watkins,WR,,,,,,,,,,,,,
Vinny Anthony,WR,ATL,,,,,,,,,,,,
Donovan Peoples-Jones,WR,,,,,,,,,,,,,
Daniel Rodriguez,WR,,,,,,,,,,,,,
Da'Ron Brown,WR,,,,,,,,,,,,,
Jeff Thomas,WR,,,,,,,,,,,,,
Zion Bowens,WR,,,,,,,,,,,,,
Austin Mack,WR,,,,,,,,,,,,,
Jaylen Johnson,WR,,,,,,,,,,,,,
C.J. Board,WR,,,,,,,,,,,,,
Michael Briscoe,WR,MIN,,,,,,,,,,,,
Trent Taylor,WR,,,,,,,,,,,,,
Cam Worthy,WR,,,,,,,,,,,,,
Lamar Atkins,WR,,,,,,,,,,,,,
E.J. Horton,WR,,,,,,,,,,,,,
Gage Larvadain,WR,BAL,,,,,,,,,,,,
Chester Rogers,WR,,,,,,,,,,,,,
Cody Chrest,WR,,,,,,,,,,,,,
Andrew Parchment,WR,,,,,,,,,,,,,
Omari Kelly,WR,,,,,,,,,,,,,
Korey Robertson,WR,,,,,,,,,,,,,
Cody Core,WR,,,,,,,,,,,,,
Tavonn Salter,WR,,,,,,,,,,,,,
Scotty Miller,WR,CHI,,,,,,,,,,,,
Devin Phelps,WR,,,,,,,,,,,,,
Sergio Bailey,WR,,,,,,,,,,,,,
Isiah Ferguson,WR,,,,,,,,,,,,,
Kevin Shaa,WR,,,,,,,,,,,,,
Dane Key,WR,DEN,,,,,,,,,,,,
Ja'seem Reed,WR,CAR,,,,,,,,,,,,
Chris Coleman,WR,,,,,,,,,,,,,
Gehrig Dieter,WR,,,,,,,,,,,,,
Shi Smith,WR,,,,,,,,,,,,,
Dax Milne,WR,,,,,,,,,,,,,
Donte Sylencieux,WR,,,,,,,,,,,,,
Shemar Bridges,WR,,,,,,,,,,,,,
Eli Stove,WR,,,,,,,,,,,,,
Reggie Virgil,WR,ARI,,,,,,,,,,,,
Chris Hogan,WR,,,,,,,,,,,,,
Kendric Pryor,WR,,,,,,,,,,,,,
River Cracraft,WR,,,,,,,,,,,,,
Kenzel Doe,WR,,,,,,,,,,,,,
Rico Gafford,WR,,,,,,,,,,,,,
Jacoby Jones,WR,,,,,,,,,,,,,
Cole Burgess,WR,,,,,,,,,,,,,
Brandon Zylstra,WR,,,,,,,,,,,,,
Andre Roberts,WR,,,,,,,,,,,,,
Ainias Smith,WR,,,,,,,,,,,,,
Taye Barber,WR,,,,,,,,,,,,,
Xavier Gipson,WR,PHI,,,,,,,,,,,,
Terry McLaurin,WR,WAS,,,,,,,,,,,,
Ishmael Hyman,WR,,,,,,,,,,,,,
B.J. Johnson,WR,,,,,,,,,,,,,
Dorian Baker,WR,,,,,,,,,,,,,
Christian Kirk,WR,SF,,,,,,,,,,,,
Xavier Rush,WR,,,,,,,,,,,,,
AJ Henning,WR,MIA,,,,,,,,,,,,
Jalen Coker,WR,CAR,,,,,,,,,,,,
Eric Rivers,WR,TB,,,,,,,,,,,,
Jordan Williams-Lambert,WR,,,,,,,,,,,,,
Devontres Dukes,WR,,,,,,,,,,,,,
Reggie Brown,WR,,,,,,,,,,,,,
David Sills,WR,TB,,,,,,,,,,,,
Andy Isabella,WR,,,,,,,,,,,,,
Jamal Custis,WR,,,,,,,,,,,,,
Cody Latimer,WR,,,,,,,,,,,,,
Kaylon Geiger,WR,,,,,,,,,,,,,
Tyron Billy-Johnson,WR,,,,,,,,,,,,,
Mitch Van Vooren,WR,,,,,,,,,,,,,
DeVante Parker,WR,,,,,,,,,,,,,
Shakeir Ryan,WR,,,,,,,,,,,,,
Leon Johnson,WR,,,,,,,,,,,,,
Kelvin McKnight,WR,,,,,,,,,,,,,
Seth Roberts,WR,,,,,,,,,,,,,
Andre Levrone,WR,,,,,,,,,,,,,
Jamal Robinson,WR,,,,,,,,,,,,,
Kendrick Rogers,WR,,,,,,,,,,,,,
Amba Etta-Tawo,WR,,,,,,,,,,,,,
Austin Wolf,WR,,,,,,,,,,,,,
Jeff Badet,WR,,,,,,,,,,,,,
Damoun Patterson,WR,,,,,,,,,,,,,
Tajae Sharpe,WR,,,,,,,,,,,,,
Emmanuel Sanders,WR,,,,,,,,,,,,,
Isaiah McKenzie,WR,,,,,,,,,,,,,
Tarik Black,WR,,,,,,,,,,,,,
Javon Wims,WR,,,,,,,,,,,,,
Moochie Dixon,WR,,,,,,,,,,,,,
Danny Davis,WR,,,,,,,,,,,,,
Javon Baker,WR,,,,,,,,,,,,,
Damarr Aultman,WR,,,,,,,,,,,,,
Theo Wease,WR,LAC,,,,,,,,,,,,
Larry Fitzgerald,WR,,,,,,,,,,,,,
Garrett Scantling,WR,ATL,,,,,,,,,,,,
Bryant Mitchell,WR,,,,,,,,,,,,,
Whop Philyor,WR,,,,,,,,,,,,,
DJ Chark,WR,,,,,,,,,,,,,
Jhajuan Seales,WR,,,,,,,,,,,,,
Isaiah Weston,WR,,,,,,,,,,,,,
Victor Bolden,WR,,,,,,,,,,,,,
Larry Clark,WR,,,,,,,,,,,,,
Raleigh Webb,WR,,,,,,,,,,,,,
Cameron Posey,WR,,,,,,,,,,,,,
Jalen McCleskey,WR,,,,,,,,,,,,,
Sahmir Hagans,WR,,,,,,,,,,,,,
Marcell Ateman,WR,,,,,,,,,,,,,
Xavier Legette,WR,CAR,,,,,,,,,,,,
Dede Westbrook,WR,,,,,,,,,,,,,
Antonio Nunn,WR,,,,,,,,,,,,,
Justin Shorter,WR,,,,,,,,,,,,,
Rashad Medaris,WR,,,,,,,,,,,,,
Danny Amendola,WR,,,,,,,,,,,,,
Trent Sherfield,WR,BUF,,,,,,,,,,,,
Levi Wentz,WR,,,,,,,,,,,,,
Xavier Restrepo,WR,TEN,,,,,,,,,,,,
Shaleak Knotts,WR,,,,,,,,,,,,,
Thayer Thomas,WR,,,,,,,,,,,,,
Colbie Young,WR,CIN,,,,,,,,,,,,
Shawn Bane,WR,,,,,,,,,,,,,
Jayden Higgins,WR,HOU,,,,,,,,,,,,
Jaivon Heiligh,WR,,,,,,,,,,,,,
Tylan Wallace,WR,CLE,,,,,,,,,,,,
Michael Wortham,WR,JAX,,,,,,,,,,,,
Antwan Goodley,WR,,,,,,,,,,,,,
Cornelius Johnson,WR,,,,,,,,,,,,,
Jalen Williams,WR,,,,,,,,,,,,,
Lincoln Victor,WR,,,,,,,,,,,,,
Ryan Grant,WR,,,,,,,,,,,,,
Justin Jefferson,WR,MIN,,,,,,,,,,,,
Chase Cota,WR,,,,,,,,,,,,,
Jordan Byrd,WR,,,,,,,,,,,,,
Tyrell Shavers,WR,BUF,,,,,,,,,,,,
Daniel Arias,WR,,,,,,,,,,,,,
Manasseh Bailey,WR,,,,,,,,,,,,,
Riley Lees,WR,,,,,,,,,,,,,
Xavier Ubosi,WR,,,,,,,,,,,,,
Devon Allen,WR,,,,,,,,,,,,,
Michael Woods,WR,,,,,,,,,,,,,
Marvin Jones,WR,,,,,,,,,,,,,
Chris Conley,WR,,,,,,,,,,,,,
Taylor Gabriel,WR,,,,,,,,,,,,,
Ventell Bryant,WR,,,,,,,,,,,,,
Josh Malone,WR,,,,,,,,,,,,,
Javess Blue,WR,,,,,,,,,,,,,
Josh Crockett,WR,,,,,,,,,,,,,
Trent Steelman,WR,,,,,,,,,,,,,
Xavier Wade,WR,,,,,,,,,,,,,
Sean Brown,WR,,,,,,,,,,,,,
D.J. Montgomery,WR,IND,,,,,,,,,,,,
John Franklin,WR,,,,,,,,,,,,,
Hayden Hatten,WR,,,,,,,,,,,,,
Corey Coleman,WR,,,,,,,,,,,,,
Chad Beebe,WR,,,,,,,,,,,,,
Winston Wright,WR,,,,,,,,,,,,,
Micah Simon,WR,CAR,,,,,,,,,,,,
Adonai Mitchell,WR,NYJ,,,,,,,,,,,,
Deante' Gray,WR,,,,,,,,,,,,,
Kayaune Ross,WR,,,,,,,,,,,,,
Will Hastings,WR,,,,,,,,,,,,,
Malik Knowles,WR,,,,,,,,,,,,,
Jamal Agnew,WR,,,,,,,,,,,,,
Speedy Noil,WR,,,,,,,,,,,,,
Malik Henry,WR,,,,,,,,,,,,,
Tahj Washington,WR,,,,,,,,,,,,,
Reggie Diggs,WR,,,,,,,,,,,,,
Mario Hull,WR,,,,,,,,,,,,,
Devante Davis,WR,,,,,,,,,,,,,
Chris Lacy,WR,,,,,,,,,,,,,
Erik Ezukanma,WR,,,,,,,,,,,,,
Geronimo Allison,WR,,,,,,,,,,,,,
Brenden Rice,WR,,,,,,,,,,,,,
Antoine Green,WR,,,,,,,,,,,,,
Maurice Ffrench,WR,,,,,,,,,,,,,
Austin Watkins,WR,,,,,,,,,,,,,
Tommy Thomas,WR,,,,,,,,,,,,,
Tyler Harrell,WR,,,,,,,,,,,,,
Khalil McClain,WR,,,,,,,,,,,,,
Al Riles,WR,IND,,,,,,,,,,,,
Quentin Skinner,WR,,,,,,,,,,,,,
Jerome Lane,WR,,,,,,,,,,,,,
Julio Jones,WR,,,,,,,,,,,,,
Reggie White,WR,,,,,,,,,,,,,
Jhamon Ausbon,WR,,,,,,,,,,,,,
Pokey Wilson,WR,,,,,,,,,,,,,
Brandon Aiyuk,WR,SF,,,,,,,,,,,,
Keelan Doss,WR,,,,,,,,,,,,,
Squirrel White,WR,,,,,,,,,,,,,
Kody Case,WR,,,,,,,,,,,,,
Chris Finke,WR,,,,,,,,,,,,,
Ify Umodu,WR,,,,,,,,,,,,,
Jadon Janke,WR,,,,,,,,,,,,,
Brock Rechsteiner,WR,,,,,,,,,,,,,
Jonathan Adams,WR,,,,,,,,,,,,,
Josh Johnson,WR,,,,,,,,,,,,,
Breshad Perriman,WR,,,,,,,,,,,,,
Geordon Porter,WR,,,,,,,,,,,,,
Ryan Miller,WR,MIA,,,,,,,,,,,,
Xavier Smith,WR,SF,,,,,,,,,,,,
Van Jefferson,WR,WAS,,,,,,,,,,,,
Jeff Smith,WR,,,,,,,,,,,,,
Ja'Kobi Lane,WR,BAL,,,,,,,,,,,,
Jimmie Hunt,WR,,,,,,,,,,,,,
Dennis Houston,WR,,,,,,,,,,,,,
Ra'Shaun Henry,WR,,,,,,,,,,,,,
Malik Taylor,WR,,,,,,,,,,,,,
Dallas Daniels,WR,,,,,,,,,,,,,
Henry Ruggs,WR,,,,,,,,,,,,,
Samori Toure,WR,,,,,,,,,,,,,
Garett Maag,WR,,,,,,,,,,,,,
Marcus Rosemy-Jacksaint,WR,,,,,,,,,,,,,
Keevan Lucas,WR,,,,,,,,,,,,,
Jalin Hyatt,WR,NYG,,,,,,,,,,,,
Chris Rowland,WR,,,,,,,,,,,,,
Trey Palmer,WR,NO,,,,,,,,,,,,
Courtney Jackson,WR,,,,,,,,,,,,,
Derek Wright,WR,,,,,,,,,,,,,
Quartney Davis,WR,,,,,,,,,,,,,
LaQuvionte Gonzalez,WR,,,,,,,,,,,,,
Jaydon Mickens,WR,,,,,,,,,,,,,
Kyrese Rowan,WR,NO,,,,,,,,,,,,
Josh Pearson,WR,,,,,,,,,,,,,
DT Sheffield,WR,,,,,,,,,,,,,
Jimmy Williams,WR,,,,,,,,,,,,,
Kolby Listenbee,WR,,,,,,,,,,,,,
Ray-Ray McCloud,WR,,,,,,,,,,,,,
Derrick Dillon,WR,,,,,,,,,,,,,
Skyler Bell,WR,BUF,,,,,,,,,,,,
Lawrence Keys,WR,DET,,,,,,,,,,,,
Sterling Shepard,WR,NYJ,,,,,,,,,,,,
Jared Smart,WR,,,,,,,,,,,,,
Devin Fuller,WR,,,,,,,,,,,,,
Kameron Brown,WR,,,,,,,,,,,,,
Ihmir Smith-Marsette,WR,CAR,,,,,,,,,,,,
Milton Wright,WR,,,,,,,,,,,,,
Jay Lee,WR,,,,,,,,,,,,,
Bub Means,WR,CLE,,,,,,,,,,,,
Eldridge Massington,WR,NO,,,,,,,,,,,,
Lance McCutcheon,WR,,,,,,,,,,,,,
Jeff Cotton,WR,,,,,,,,,,,,,
Tony Jones,WR,,,,,,,,,,,,,
Slade Bolden,WR,,,,,,,,,,,,,
Krishawn Hogan,WR,,,,,,,,,,,,,
Andre Lindsey,WR,,,,,,,,,,,,,
Joe Walker,WR,,,,,,,,,,,,,
Derrick Johnson,WR,,,,,,,,,,,,,
Easop Winston,WR,,,,,,,,,,,,,
Trayvon Rudolph,WR,,,,,,,,,,,,,
Luke Grimm,WR,,,,,,,,,,,,,
Talolo Limi-Jones,WR,,,,,,,,,,,,,
A.T. Perry,WR,,,,,,,,,,,,,
Xavier Johnson,WR,,,,,,,,,,,,,
Jermaine Kearse,WR,,,,,,,,,,,,,
Junior Bergen,WR,,,,,,,,,,,,,
Ty Fryfogle,WR,,,,,,,,,,,,,
Tyler Scott,WR,LV,,,,,,,,,,,,
Auden Tate,WR,,,,,,,,,,,,,
Jake Kumerow,WR,,,,,,,,,,,,,
Jalen Reagor,WR,MIA,,,,,,,,,,,,
Justin Hall,WR,,,,,,,,,,,,,
Spencer Schnell,WR,,,,,,,,,,,,,
C.J. Worton,WR,,,,,,,,,,,,,
Kirk Merritt,WR,,,,,,,,,,,,,
Max Tomczak,WR,,,,,,,,,,,,,
Josh Reese,WR,,,,,,,,,,,,,
John Hurst,WR,,,,,,,,,,,,,
Brandon Johnson,WR,PIT,,,,,,,,,,,,
Ryan Davis,WR,,,,,,,,,,,,,
Marquez North,WR,,,,,,,,,,,,,
Tre Nixon,WR,,,,,,,,,,,,,
Kenny Cook,WR,,,,,,,,,,,,,
Armanti Foreman,WR,,,,,,,,,,,,,
Joshua Cephus,WR,,,,,,,,,,,,,
Pig Howard,WR,,,,,,,,,,,,,
Ayir Asante,WR,,,,,,,,,,,,,
Reggie Begelton,WR,,,,,,,,,,,,,
Cedrick Wilson,WR,,,,,,,,,,,,,
Treyvhon Saunders,WR,,,,,,,,,,,,,
Anthony Turner,WR,,,,,,,,,,,,,
Mike Harley,WR,,,,,,,,,,,,,
Donatella Luckett,WR,,,,,,,,,,,,,
Jeff Foreman,WR,,,,,,,,,,,,,
Kade Warner,WR,,,,,,,,,,,,,
Keric Wheatfall,WR,,,,,,,,,,,,,
Justyn Ross,WR,,,,,,,,,,,,,
Grant DuBose,WR,,,,,,,,,,,,,
Siaosi Mariner,WR,,,,,,,,,,,,,
Jaylen Smith,WR,,,,,,,,,,,,,
Montana Lemonious-Craig,WR,,,,,,,,,,,,,
JP Richardson,WR,CHI,,,,,,,,,,,,
Michael Thomas,WR,,,,,,,,,,,,,
Junior Vandeross,WR,,,,,,,,,,,,,
Isaiah Coulter,WR,,,,,,,,,,,,,
Giles Jackson,WR,,,,,,,,,,,,,
Shaquan Davis,WR,,,,,,,,,,,,,
Branden Mack,WR,,,,,,,,,,,,,
Jamel Johnson,WR,,,,,,,,,,,,,
Matthew Slater,WR,,,,,,,,,,,,,
Devin Lucien,WR,,,,,,,,,,,,,
Johnny Johnson,WR,,,,,,,,,,,,,
Justin Sumpter,WR,,,,,,,,,,,,,
Drake Stoops,WR,,,,,,,,,,,,,
Terrell Sinkfield,WR,,,,,,,,,,,,,
Emanuel Hall,WR,,,,,,,,,,,,,
Deshon Foxx,WR,,,,,,,,,,,,,
Da'Quan Felton,WR,,,,,,,,,,,,,
Rasheed Bailey,WR,,,,,,,,,,,,,
Justin Hardy,WR,,,,,,,,,,,,,
Kevin White,WR,,,,,,,,,,,,,
KJ Hamler,WR,,,,,,,,,,,,,
Tank Dell,WR,HOU,,,,,,,,,,,,
Tre'Shaun Harrison,WR,,,,,,,,,,,,,
Tulu Griffin,WR,,,,,,,,,,,,,
Braylon Sanders,WR,,,,,,,,,,,,,
Anthony Mahoungou,WR,,,,,,,,,,,,,
Darius Slayton,WR,IND,,,,,,,,,,,,
Dillon Mitchell,WR,,,,,,,,,,,,,
K.J. Maye,WR,,,,,,,,,,,,,
Brian Riley,WR,,,,,,,,,,,,,
Brennan Presley,WR,LAR,,,,,,,,,,,,
Antonio Callaway,WR,,,,,,,,,,,,,
Brelan Chancellor,WR,,,,,,,,,,,,,
Dwayne Harris,WR,,,,,,,,,,,,,
JaVonta Payton,WR,,,,,,,,,,,,,
Matthew Henry,WR,,,,,,,,,,,,,
DeAndre Hopkins,WR,,,,,,,,,,,,,
Tommylee Lewis,WR,,,,,,,,,,,,,
TJ Sheffield,WR,,,,,,,,,,,,,
KeAndre Lambert-Smith,WR,LAC,,,,,,,,,,,,
Lance Lenoir,WR,,,,,,,,,,,,,
Kyle Lewis,WR,,,,,,,,,,,,,
Tyrone Broden,WR,,,,,,,,,,,,,
J. Michael Sturdivant,WR,GB,,,,,,,,,,,,
Preston Williams,WR,,,,,,,,,,,,,
Marcus Leak,WR,,,,,,,,,,,,,
Malik Rutherford,WR,,,,,,,,,,,,,
Jeshaun Jones,WR,MIN,,,,,,,,,,,,
Zakhari Franklin,WR,,,,,,,,,,,,,
Damond Powell,WR,,,,,,,,,,,,,
Bryce Ford-Wheaton,WR,,,,,,,,,,,,,
Ryan McDaniel,WR,,,,,,,,,,,,,
Brandon Smith,WR,PIT,,,,,,,,,,,,
Marquez Callaway,WR,,,,,,,,,,,,,
Jadon Haselwood,WR,,,,,,,,,,,,,
Neil Pau'u,WR,,,,,,,,,,,,,
Julian Williams,WR,,,,,,,,,,,,,
Trevor Harman,WR,,,,,,,,,,,,,
Qadir Ismail,WR,CHI,,,,,,,,,,,,
Bud Sasser,WR,,,,,,,,,,,,,
Parris Campbell,WR,,,,,,,,,,,,,
David Wallis,WR,,,,,,,,,,,,,
Jesse Matthews,WR,,,,,,,,,,,,,
Romello Brinson,WR,,,,,,,,,,,,,
Zach Pascal,WR,,,,,,,,,,,,,
Jeret Smith,WR,,,,,,,,,,,,,
Martavis Bryant,WR,,,,,,,,,,,,,
Anthony Ratliff-Williams,WR,,,,,,,,,,,,,
Jermiah Braswell,WR,,,,,,,,,,,,,
Rakim Jarrett,WR,,,,,,,,,,,,,
Malik Cunningham,WR,,,,,,,,,,,,,
Josh Bellamy,WR,,,,,,,,,,,,,
Sean Riley,WR,,,,,,,,,,,,,
Danny Gray,WR,,,,,,,,,,,,,
Travin Dural,WR,,,,,,,,,,,,,
Donte Moncrief,WR,,,,,,,,,,,,,
Bisi Johnson,WR,,,,,,,,,,,,,
Teo Redding,WR,,,,,,,,,,,,,
Tanner Knue,WR,,,,,,,,,,,,,
Corey Davis,WR,,,,,,,,,,,,,
Demetris Robertson,WR,,,,,,,,,,,,,
Will Sheppard,WR,MIA,,,,,,,,,,,,
Kobe Prentice,WR,,,,,,,,,,,,,
Brandon Polk,WR,,,,,,,,,,,,,
Luke Wysong,WR,,,,,,,,,,,,,
Jalen Cropper,WR,NO,,,,,,,,,,,,
Javon McKinley,WR,,,,,,,,,,,,,
Justin Watson,WR,,,,,,,,,,,,,
Ja'Lynn Polk,WR,,,,,,,,,,,,,
Isaiah Washington,WR,,,,,,,,,,,,,
Dillon Bell,WR,MIN,,,,,,,,,,,,
Bryson Green,WR,,,,,,,,,,,,,
Dontez Ford,WR,,,,,,,,,,,,,
Fred Ross,WR,,,,,,,,,,,,,
Artavis Scott,WR,,,,,,,,,,,,,
Daniel Sobkowicz,WR,HOU,,,,,,,,,,,,
Ty Scott,WR,,,,,,,,,,,,,
Raylen Sharpe,WR,,,,,,,,,,,,,
Wesley Grimes,WR,SF,,,,,,,,,,,,
Beaux Collins,WR,ATL,,,,,,,,,,,,
Andre Baccellia,WR,,,,,,,,,,,,,
Tyler Johnson,WR,NYJ,,,,,,,,,,,,
Jarius Wright,WR,,,,,,,,,,,,,
Isaiah Ford,WR,,,,,,,,,,,,,
Earnest Edwards,WR,,,,,,,,,,,,,
Kendal Thompson,WR,,,,,,,,,,,,,
Kolbe Katsis,WR,DEN,,,,,,,,,,,,
Damion Willis,WR,,,,,,,,,,,,,
Marvin Hall,WR,,,,,,,,,,,,,
Jermaine Burton,WR,,,,,,,,,,,,,
Lewis Bond,WR,HOU,,,,,,,,,,,,
Cody Chrest,WR,,,,,,,,,,,,,
Nsimba Webster,WR,,,,,,,,,,,,,
Sam James,WR,,,,,,,,,,,,,
Amara Darboh,WR,,,,,,,,,,,,,
Trevontae Hights,WR,,,,,,,,,,,,,
Kazmeir Allen,WR,,,,,,,,,,,,,
Matthew Eaton,WR,,,,,,,,,,,,,
Reggie Roberson,WR,,,,,,,,,,,,,
Jonathon Rumph,WR,,,,,,,,,,,,,
Laviska Shenault,WR,,,,,,,,,,,,,
Binjimen Victor,WR,,,,,,,,,,,,,
Rashod Owens,WR,,,,,,,,,,,,,
James Quick,WR,,,,,,,,,,,,,
Reece Horn,WR,,,,,,,,,,,,,
R.J. Shelton,WR,,,,,,,,,,,,,
Jakobie Keeney-James,WR,,,,,,,,,,,,,
Devron Harper,WR,,,,,,,,,,,,,
Roc Taylor,WR,,,,,,,,,,,,,
Nelson Agholor,WR,,,,,,,,,,,,,
Tavon Austin,WR,,,,,,,,,,,,,
Freddie Swain,WR,,,,,,,,,,,,,
Khalil Tate,WR,,,,,,,,,,,,,
Durron Neal,WR,,,,,,,,,,,,,
Zach D'Orazio,WR,,,,,,,,,,,,,
Shaq Roland,WR,CHI,,,,,,,,,,,,
Dontario Drummond,WR,,,,,,,,,,,,,
Tayvion Robinson,WR,,,,,,,,,,,,,
Key'Shawn Smith,WR,,,,,,,,,,,,,
Trevon Bradford,WR,,,,,,,,,,,,,
Bra'Lon Cherry,WR,,,,,,,,,,,,,
Marlon Williams,WR,,,,,,,,,,,,,
Riley Ridley,WR,,,,,,,,,,,,,
Alonzo Moore,WR,,,,,,,,,,,,,
Omar Bayless,WR,,,,,,,,,,,,,
Jamarius Way,WR,,,,,,,,,,,,,
Talik Keaton,WR,,,,,,,,,,,,,
Dymere Miller,WR,,,,,,,,,,,,,
Joe Reed,WR,,,,,,,,,,,,,
Jalon Calhoun,WR,,,,,,,,,,,,,
Joseph Manjack,WR,,,,,,,,,,,,,
Mitchell Paige,WR,,,,,,,,,,,,,
Terrell Bynum,WR,,,,,,,,,,,,,
DaeSean Hamilton,WR,,,,,,,,,,,,,
Tyquan Thornton,WR,KC,,,,,,,,,,,,
Christian Blake,WR,,,,,,,,,,,,,
Darius Jennings,WR,,,,,,,,,,,,,
Aaron Parker,WR,,,,,,,,,,,,,
C.J. Johnson,WR,,,,,,,,,,,,,
Phillip Dorsett,WR,LV,,,,,,,,,,,,
Marqise Lee,WR,,,,,,,,,,,,,
Xavier White,WR,,,,,,,,,,,,,
Malik Flowers,WR,,,,,,,,,,,,,
Kevin Kassis,WR,,,,,,,,,,,,,
Nick Williams,WR,,,,,,,,,,,,,
Tyler Rutenbeck,WR,,,,,,,,,,,,,
Kendrick Law,WR,DET,,,,,,,,,,,,
Jordan Westerkamp,WR,,,,,,,,,,,,,
Kalija Lipscomb,WR,,,,,,,,,,,,,
Damore'ea Stringfellow,WR,,,,,,,,,,,,,
Travis Benjamin,WR,,,,,,,,,,,,,
Noah Brown,WR,,,,,,,,,,,,,
John Hall,WR,,,,,,,,,,,,,
Quincy McDuffie,WR,,,,,,,,,,,,,
Greg Ward,WR,,,,,,,,,,,,,
Riley Nowakowski,TE,PIT,0.2,,,,,,,0.09,0.12,0.74,0.01,0.0
Carsen Ryan,TE,CLE,0.21,,,,,,,0.08,0.12,0.88,0.01,
Darnell Washington,TE,PIT,3.34,,,,,,,1.48,1.97,15.02,0.06,0.01
Harold Fannin,TE,CLE,11.73,,,,0.23,0.66,0.01,4.43,6.17,44.86,0.44,0.02
Robert Tonyan,TE,PIT,0.07,,,,,,,0.03,0.04,0.25,0.0,0.0
Blake Whiteheart,TE,CLE,2.39,,,,,,,0.87,1.35,9.38,0.1,0.0
Pat Freiermuth,TE,PIT,7.89,,,,,,,3.25,4.29,33.8,0.21,0.01
Cameron Latu,TE,NE,0.42,,,,,,,0.18,0.25,1.83,0.01,0.0
Payne Durham,TE,TB,0.19,,,,,,,0.07,0.11,0.76,0.01,0.0
Elijah Higgins,TE,ARI,1.74,,,,,,,0.82,0.98,7.37,0.03,0.0
Luke Schoonmaker,TE,DAL,1.33,,,,,,,0.58,0.74,5.97,0.02,0.0
Nate Adkins,TE,DEN,1.91,,,,,,,0.65,0.91,6.22,0.11,0.0
Erick All,TE,CIN,2.92,,,,,,,1.25,1.66,11.76,0.08,0.01
AJ Barner,TE,SEA,9.37,,,,0.61,1.86,0.06,3.28,4.59,35.62,0.33,0.02
Colson Yankoff,TE,WAS,0.09,,,,,,,0.04,0.06,0.4,0.0,
Mitchell Evans,TE,CAR,1.81,,,,,,,0.79,1.04,7.64,0.04,0.0
Elijah Arroyo,TE,SEA,4.1,,,,,,,1.64,2.33,18.32,0.1,0.01
Eli Raridon,TE,NE,4.22,,,,,,,1.64,2.16,17.47,0.14,0.01
Will Kacmarek,TE,MIA,1.45,,,,,,,0.69,0.99,5.79,0.03,0.0
Travis Kelce,TE,KC,11.73,,,,,,,4.5,6.14,51.81,0.34,0.02
Ian Thomas,TE,LV,0.48,,,,,,,0.23,0.31,1.84,0.01,0.0
Mark Andrews,TE,BAL,9.81,,,,0.26,1.04,0.01,3.64,4.59,40.51,0.33,0.02
T.J. Hockenson,TE,MIN,9.8,,,,,,,3.99,5.07,39.83,0.3,0.01
Foster Moreau,TE,HOU,4.13,,,,,,,1.57,1.94,16.97,0.14,0.01
Quintin Morris,TE,JAX,0.54,,,,,,,0.21,0.31,2.25,0.02,0.0
Drew Ogletree,TE,IND,0.7,,,,,,,0.26,0.38,2.83,0.03,0.0
Tucker Kraft,TE,GB,10.53,,,,,,,3.93,5.55,47.3,0.31,0.01
Brevyn Spann-Ford,TE,DAL,1.25,,,,,,,0.51,0.74,5.79,0.03,0.0
Tyler Warren,TE,IND,12.64,,,,0.31,1.34,0.01,4.98,7.07,45.91,0.48,0.02
Josh Cuevas,TE,BAL,0.87,,,,,,,0.36,0.43,3.96,0.02,0.0
Bauer Sharp,TE,TB,0.1,,,,,,,0.04,0.06,0.4,0.0,
Zach Ertz,TE,PHI,4.59,,,,,,,2.02,2.83,18.69,0.12,0.01
Tanner Koziol,TE,JAX,1.36,,,,,,,0.52,0.79,6.06,0.04,0.0
Darren Waller,TE,CAR,10.74,,,,,,,3.87,5.38,39.57,0.48,0.02
Tyler Higbee,TE,LAR,8.14,,,,,,,3.14,4.28,31.78,0.3,0.01
Jonnu Smith,TE,GB,3.34,,,,,,,1.48,1.98,13.92,0.08,0.01
Eric Saubert,TE,SEA,0.44,,,,,,,0.17,0.28,1.59,0.02,0.0
Johnny Mundt,TE,PHI,3.03,,,,,,,1.36,2.0,12.12,0.08,
Tanner Hudson,TE,CIN,1.71,,,,,,,0.78,0.99,7.19,0.03,0.0
Dawson Knox,TE,BUF,3.08,,,,,,,1.18,1.51,10.93,0.13,0.0
Brevin Jordan,TE,HOU,0.91,,,,,,,0.36,0.48,3.73,0.03,0.0
John Bates,TE,WAS,2.35,,,,,,,1.02,1.39,9.85,0.06,0.0
Greg Dulcich,TE,MIA,7.21,,,,,,,3.16,4.44,33.43,0.12,0.01
Michael Mayer,TE,LV,5.51,,,,,,,2.64,3.65,22.69,0.1,0.01
Sam LaPorta,TE,DET,11.66,,,,0.06,0.3,0.0,4.66,6.23,50.55,0.32,0.02
E.J. Jenkins,TE,PHI,1.38,,,,,,,0.6,0.86,5.59,0.04,
Colston Loveland,TE,CHI,10.38,,,,0.06,0.23,0.0,3.52,4.93,43.94,0.4,0.01
Max Klare,TE,LAR,1.54,,,,,,,0.63,0.95,6.55,0.04,0.0
Chris Manhertz,TE,NYG,0.31,,,,,,,0.11,0.18,1.26,0.01,0.0
Evan Engram,TE,DEN,5.66,,,,,,,2.28,3.24,22.71,0.18,0.01
George Kittle,TE,SF,12.03,,,,,,,4.34,5.79,50.96,0.43,0.02
Mike Gesicki,TE,CIN,8.08,,,,,,,2.99,4.03,34.07,0.28,0.01
Luke Farrell,TE,SF,1.83,,,,,,,0.87,1.09,7.31,0.04,0.0
Brock Wright,TE,DET,1.29,,,,,,,0.58,0.71,4.75,0.04,0.0
Trey McBride,TE,ARI,17.51,,,,0.13,0.6,0.01,7.27,9.01,63.27,0.63,0.03
Isaiah Likely,TE,NYG,11.37,,,,,,,4.1,5.65,44.0,0.48,0.02
Hayden Rucci,TE,LAC,1.46,,,,,,,0.64,0.96,5.77,0.04,
Gavin Bartholomew,TE,MIN,2.14,,,,,,,0.87,1.13,8.53,0.07,
Jake Briningstool,TE,KC,0.78,,,,,,,0.3,0.43,3.19,0.03,
Kenyon Sadiq,TE,NYJ,11.0,,,,0.12,0.55,0.01,4.32,5.57,49.4,0.27,0.02
Seydou Traore,TE,MIA,0.08,,,,,,,0.04,0.06,0.35,0.0,0.0
Hunter Henry,TE,NE,9.58,,,,,,,3.96,5.34,41.22,0.25,0.02
Tommy Tremble,TE,CAR,3.4,,,,,,,1.44,1.98,12.52,0.12,0.01
Jake Ferguson,TE,DAL,9.01,,,,,,,3.59,5.05,34.57,0.32,0.01
Cade Otton,TE,TB,7.52,,,,,,,3.2,4.12,33.37,0.16,0.01
Daniel Bellinger,TE,TEN,2.14,,,,,,,0.92,1.14,9.39,0.05,0.0
Davis Allen,TE,LAR,2.77,,,,,,,1.25,1.84,11.54,0.06,0.0
Dalton Kincaid,TE,BUF,12.17,,,,,,,4.7,6.07,59.36,0.26,0.02
Ben Sinnott,TE,WAS,0.48,,,,,,,0.22,0.29,2.07,0.01,0.0
Theo Johnson,TE,NYG,3.11,,,,,,,1.07,1.91,14.57,0.1,0.0
Gunnar Helm,TE,TEN,7.12,,,,,,,3.53,4.32,29.27,0.11,0.01
Jackson Hawes,TE,BUF,0.8,,,,,,,0.35,0.45,3.32,0.02,0.0
Sam Roush,TE,CHI,2.2,,,,,,,0.88,1.29,9.02,0.07,0.0
Matt Hibner,TE,BAL,2.67,,,,,,,1.0,1.26,11.79,0.08,0.0
Mo Alie-Cox,TE,IND,1.03,,,,,,,0.36,0.5,4.03,0.04,0.0
Drew Sample,TE,CIN,2.72,,,,,,,1.29,1.55,10.62,0.06,0.01
Adam Trautman,TE,DEN,1.96,,,,,,,0.8,1.11,7.97,0.06,0.0
Feleipe Franks,TE,CAR,0.08,,,,0.04,0.19,0.0,0.02,0.03,0.2,0.0,0.0
Jelani Woods,TE,NYJ,1.08,,,,,,,0.42,0.64,5.16,0.02,
Josh Whyle,TE,GB,0.38,,,,,,,0.18,0.21,1.44,0.01,0.0
Cade Stover,TE,HOU,1.84,,,,0.12,0.51,0.0,0.79,0.97,6.95,0.05,0.0
Brock Bowers,TE,LV,15.16,,,,0.25,0.87,0.01,6.25,7.88,56.43,0.52,0.02
Oronde Gadsden,TE,LAC,6.72,,,,,,,2.5,3.82,28.94,0.22,0.01
Nate Boerkircher,TE,JAX,1.6,,,,,,,0.63,0.94,7.2,0.04,0.0
Dalton Schultz,TE,HOU,10.54,,,,,,,4.39,5.26,45.92,0.26,0.02
Cole Kmet,TE,CHI,3.88,,,,,,,1.46,2.05,15.76,0.14,0.01
Noah Gray,TE,KC,3.36,,,,,,,1.39,1.88,13.68,0.1,0.01
Jeremy Ruckert,TE,NYJ,3.96,,,,,,,1.78,2.23,15.85,0.1,0.01
Chig Okonkwo,TE,WAS,8.26,,,,,,,3.4,5.1,34.06,0.24,0.01
Brenton Strange,TE,JAX,9.87,,,,,,,3.68,5.08,44.33,0.29,0.02
Oscar Delp,TE,NO,2.9,,,,,,,1.35,1.62,10.96,0.08,0.01
Charlie Woerner,TE,ATL,0.44,,,,,,,0.2,0.26,1.57,0.01,0.0
Juwan Johnson,TE,NO,12.68,,,,,,,4.63,6.17,53.61,0.45,0.02
Austin Hooper,TE,ATL,3.26,,,,,,,1.16,1.63,11.52,0.16,0.0
Kyle Pitts,TE,ATL,7.92,,,,,,,2.7,4.11,30.89,0.35,0.01
Ellis Richardson,TE,,,,,,,,,,,,,
Carl Tucker,TE,,,,,,,,,,,,,
Matt Seybert,TE,,,,,,,,,,,,,
Nick Boyle,TE,,,,,,,,,,,,,
Tommy Sweeney,TE,,,,,,,,,,,,,
Bryce Williams,TE,,,,,,,,,,,,,
Christian Sims,TE,,,,,,,,,,,,,
Ryan Yurachek,TE,,,,,,,,,,,,,
Joshua Lingenfelter,TE,,,,,,,,,,,,,
Elijah Wellman,TE,,,,,,,,,,,,,
Brett Weaver,TE,,,,,,,,,,,,,
Charles Clay,TE,,,,,,,,,,,,,
Drew Belcher,TE,,,,,,,,,,,,,
Stephen Anderson,TE,,,,,,,,,,,,,
Jordan Matthews,TE,,,,,,,,,,,,,
Hunter Kampmoyer,TE,,,,,,,,,,,,,
Jake Tonges,TE,SF,,,,,,,,,,,,
Brandon Dillon,TE,,,,,,,,,,,,,
C.J. Conrad,TE,,,,,,,,,,,,,
Dax Raymond,TE,PIT,,,,,,,,,,,,
Matt Weiser,TE,,,,,,,,,,,,,
Easton Dean,TE,,,,,,,,,,,,,
Travis Wilson,TE,,,,,,,,,,,,,
Parker Houston,TE,,,,,,,,,,,,,
Jacob Hollister,TE,,,,,,,,,,,,,
Kendall Blanton,TE,,,,,,,,,,,,,
Codey McElroy,TE,,,,,,,,,,,,,
Rory Anderson,TE,,,,,,,,,,,,,
Harold Spears,TE,,,,,,,,,,,,,
Stone Eby,TE,,,,,,,,,,,,,
Cole Hunt,TE,,,,,,,,,,,,,
Ben Johnson,TE,,,,,,,,,,,,,
Jesper Horsted,TE,,,,,,,,,,,,,
Alex Gray,TE,,,,,,,,,,,,,
Jerome Cunningham,TE,,,,,,,,,,,,,
Jean Sifrin,TE,,,,,,,,,,,,,
Tanner McLachlan,TE,,,,,,,,,,,,,
Romello Brooker,TE,,,,,,,,,,,,,
Dylan Soehner,TE,,,,,,,,,,,,,
Gee Scott,TE,,,,,,,,,,,,,
Derrick Deese,TE,,,,,,,,,,,,,
Kenny Fletcher,TE,,,,,,,,,,,,,
Stephen Sullivan,TE,,,,,,,,,,,,,
Brenden Bates,TE,JAX,,,,,,,,,,,,
Ernst Brun,TE,,,,,,,,,,,,,
Jalin Conyers,TE,,,,,,,,,,,,,
Giovanni Ricci,TE,,,,,,,,,,,,,
Jack Endries,TE,CIN,,,,,,,,,,,,
Ko Kieft,TE,TB,,,,,,,,,,,,
Vance McDonald,TE,,,,,,,,,,,,,
Paul Quessenberry,TE,,,,,,,,,,,,,
Jalen Wydermyer,TE,,,,,,,,,,,,,
Matt LaCosse,TE,NE,,,,,,,,,,,,
Matt Lengel,TE,,,,,,,,,,,,,
Dominick Wood-Anderson,TE,,,,,,,,,,,,,
Justin Joly,TE,MIA,,,,,,,,,,,,
Troy Fumagalli,TE,,,,,,,,,,,,,
Derek Carrier,TE,,,,,,,,,,,,,
Travis Koontz,TE,,,,,,,,,,,,,
Jesse James,TE,,,,,,,,,,,,,
Riley Sharp,TE,,,,,,,,,,,,,
James Looney,TE,,,,,,,,,,,,,
Jared Scott,TE,,,,,,,,,,,,,
Miles Kitselman,TE,DET,,,,,,,,,,,,
Isaac Nauta,TE,GB,,,,,,,,,,,,
Jared Cook,TE,,,,,,,,,,,,,
Ethan Wolf,TE,,,,,,,,,,,,,
Kaden Smith,TE,,,,,,,,,,,,,
Ryan Becker,TE,,,,,,,,,,,,,
Tyler Mabry,TE,,,,,,,,,,,,,
Rob Gronkowski,TE,,,,,,,,,,,,,
Dae'Quan Wright,TE,,,,,,,,,,,,,
Clayton Wilson,TE,,,,,,,,,,,,,
Zach Gentry,TE,,,,,,,,,,,,,
Moral Stephens,TE,,,,,,,,,,,,,
Jermaine Terry,TE,,,,,,,,,,,,,
Barrett Burns,TE,BAL,,,,,,,,,,,,
Erik Krommenhoek,TE,,,,,,,,,,,,,
Geor'Quarius Spivey,TE,,,,,,,,,,,,,
Jordan Petaia,TE,,,,,,,,,,,,,
Jake Powell,TE,,,,,,,,,,,,,
Zack Kuntz,TE,,,,,,,,,,,,,
John Michael Gyllenborg,TE,KC,,,,,,,,,,,,
Griffin Hebert,TE,,,,,,,,,,,,,
Heinrich Haarberg,TE,,,,,,,,,,,,,
John FitzPatrick,TE,CLE,,,,,,,,,,,,
Dallin Holker,TE,,,,,,,,,,,,,
Jerome Washington,TE,,,,,,,,,,,,,
Chris Bazile,TE,,,,,,,,,,,,,
Richard Rodgers,TE,,,,,,,,,,,,,
Jason Reese,TE,,,,,,,,,,,,,
Darion Clark,TE,,,,,,,,,,,,,
Jack Velling,TE,ATL,,,,,,,,,,,,
Chase Allen,TE,,,,,,,,,,,,,
Jake Burt,TE,,,,,,,,,,,,,
Will Mallory,TE,IND,,,,,,,,,,,,
Thomas Gordon,TE,DET,,,,,,,,,,,,
Noah Gindorff,TE,,,,,,,,,,,,,
Micky Crum,TE,,,,,,,,,,,,,
Bronson Kaufusi,TE,GB,,,,,,,,,,,,
Bucky Hodges,TE,,,,,,,,,,,,,
N'Keal Harry,TE,,,,,,,,,,,,,
Jake McGee,TE,,,,,,,,,,,,,
Brandon Barnes,TE,,,,,,,,,,,,,
Grant Calcaterra,TE,PHI,,,,,,,,,,,,
Jaren Kanak,TE,TEN,,,,,,,,,,,,
Graham Adomitis,TE,,,,,,,,,,,,,
Rhett Ellison,TE,,,,,,,,,,,,,
Farrod Green,TE,,,,,,,,,,,,,
Jason Vander Laan,TE,,,,,,,,,,,,,
Damien Caffrey,TE,,,,,,,,,,,,,
Leroy Watson,TE,,,,,,,,,,,,,
Lee Smith,TE,ATL,,,,,,,,,,,,
Stephen Baggett,TE,,,,,,,,,,,,,
Nakia Griffin-Stewart,TE,,,,,,,,,,,,,
Mike Rigerman,TE,,,,,,,,,,,,,
Grayson Gunter,TE,,,,,,,,,,,,,
Izaiah Gathings,TE,,,,,,,,,,,,,
Pharaoh Brown,TE,IND,,,,,,,,,,,,
Nick Muse,TE,ATL,,,,,,,,,,,,
Davis Koppenhaver,TE,,,,,,,,,,,,,
Carson Williams,TE,,,,,,,,,,,,,
Miller Forristall,TE,,,,,,,,,,,,,
Jordan Franks,TE,,,,,,,,,,,,,
Vernon Davis,TE,,,,,,,,,,,,,
Eli Stowers,TE,PHI,,,,,,,,,,,,
RJ Maryland,TE,,,,,,,,,,,,,
Dylan Stapleton,TE,,,,,,,,,,,,,
Bryson Nesbit,TE,,,,,,,,,,,,,
Khalil Dinkins,TE,SF,,,,,,,,,,,,
Mason Pline,TE,,,,,,,,,,,,,
Jeremiah Hall,TE,,,,,,,,,,,,,
Lawrence Cager,TE,,,,,,,,,,,,,
Trent Pennix,TE,,,,,,,,,,,,,
Jared Rice,TE,,,,,,,,,,,,,
Devin Funchess,TE,,,,,,,,,,,,,
Dylan Parham,TE,,,,,,,,,,,,,
Maxx Williams,TE,,,,,,,,,,,,,
Steven Stilianos,TE,,,,,,,,,,,,,
Lake McRee,TE,PIT,,,,,,,,,,,,
Daniel Crawford,TE,,,,,,,,,,,,,
Terrance Ferguson,TE,LAR,,,,,,,,,,,,
Josh Oliver,TE,MIN,,,,,,,,,,,,
Trevor Wood,TE,,,,,,,,,,,,,
Caleb Lohner,TE,DEN,,,,,,,,,,,,
Austin Fort,TE,,,,,,,,,,,,,
Zaire Mitchell-Paden,TE,HOU,,,,,,,,,,,,
Tyree Jackson,TE,,,,,,,,,,,,,
Kyle Rudolph,TE,,,,,,,,,,,,,
Keenen Brown,TE,,,,,,,,,,,,,
Bryce Pierre,TE,,,,,,,,,,,,,
Treyton Welch,TE,NO,,,,,,,,,,,,
Eli Wolf,TE,,,,,,,,,,,,,
Keith Towbridge,TE,,,,,,,,,,,,,
Garrett Hudson,TE,,,,,,,,,,,,,
Jeremiah Franklin,TE,,,,,,,,,,,,,
Blake Jarwin,TE,,,,,,,,,,,,,
Jordan Leggett,TE,,,,,,,,,,,,,
Peyton Hendershot,TE,,,,,,,,,,,,,
Nolan Givan,TE,,,,,,,,,,,,,
Michael Trigg,TE,DAL,,,,,,,,,,,,
Layne Pryor,TE,,,,,,,,,,,,,
Nikola Kalinic,TE,CHI,,,,,,,,,,,,
Luke Stocker,TE,,,,,,,,,,,,,
Hunter Long,TE,ARI,,,,,,,,,,,,
Kalif Jackson,TE,MIA,,,,,,,,,,,,
Brandon Frazier,TE,,,,,,,,,,,,,
John Stephens,TE,,,,,,,,,,,,,
Kyle Markway,TE,,,,,,,,,,,,,
Antony Auclair,TE,,,,,,,,,,,,,
J.P. Holtz,TE,,,,,,,,,,,,,
Beau Sandland,TE,,,,,,,,,,,,,
Mik'Quan Deane,TE,,,,,,,,,,,,,
Jack Doyle,TE,IND,,,,,,,,,,,,
Michael Miller,TE,,,,,,,,,,,,,
Nick O'Leary,TE,,,,,,,,,,,,,
Bruno Labelle,TE,,,,,,,,,,,,,
Dan Villari,TE,LAR,,,,,,,,,,,,
Jeff Heuerman,TE,,,,,,,,,,,,,
Tre Watson,TE,MIA,,,,,,,,,,,,
Antonio Gandy-Golden,TE,,,,,,,,,,,,,
Keleki Latu,TE,BUF,,,,,,,,,,,,
Jjay Mcafee,TE,,,,,,,,,,,,,
Brycen Hopkins,TE,,,,,,,,,,,,,
Jack Stoll,TE,SF,,,,,,,,,,,,
Tommy Hudson,TE,,,,,,,,,,,,,
Brayden Willis,TE,SF,,,,,,,,,,,,
Clive Walford,TE,,,,,,,,,,,,,
Marlin Klein,TE,HOU,,,,,,,,,,,,
Tyrone Swoopes,TE,,,,,,,,,,,,,
Thomas Greaney,TE,,,,,,,,,,,,,
Cole Herdman,TE,,,,,,,,,,,,,
Justin Rigg,TE,,,,,,,,,,,,,
Jordan Reed,TE,,,,,,,,,,,,,
Taylor Sloat,TE,,,,,,,,,,,,,
James Mitchell,TE,DAL,,,,,,,,,,,,
Zach Horton,TE,,,,,,,,,,,,,
Parker Hesse,TE,,,,,,,,,,,,,
Rysen John,TE,,,,,,,,,,,,,
Eric Wallace,TE,,,,,,,,,,,,,
Ryan Jones,TE,,,,,,,,,,,,,
Sean McKeon,TE,,,,,,,,,,,,,
Deon Yelder,TE,,,,,,,,,,,,,
Kevin Foelsch,TE,,,,,,,,,,,,,
Jaheim Bell,TE,,,,,,,,,,,,,
Chase Curtis,TE,,,,,,,,,,,,,
Charlie Taumoepeau,TE,,,,,,,,,,,,,
Teagan Quitoriano,TE,ARI,,,,,,,,,,,,
Cameron Clear,TE,,,,,,,,,,,,,
Garrett Dickerson,TE,,,,,,,,,,,,,
Andrew Gleichert,TE,,,,,,,,,,,,,
Sean Culkin,TE,,,,,,,,,,,,,
Jacob Warren,TE,,,,,,,,,,,,,
Taylor McNamara,TE,,,,,,,,,,,,,
Phazahn Odom,TE,,,,,,,,,,,,,
Dallas Goedert,TE,PHI,,,,,,,,,,,,
Jimmy Graham,TE,,,,,,,,,,,,,
Gannon Sinclair,TE,,,,,,,,,,,,,
Brandon Williams,TE,,,,,,,,,,,,,
Reggie Brown,TE,,,,,,,,,,,,,
Justin Sinz,TE,,,,,,,,,,,,,
Ben Sims,TE,,,,,,,,,,,,,
Alec Holler,TE,,,,,,,,,,,,,
Louis Hansen,TE,,,,,,,,,,,,,
Mason Fairchild,TE,,,,,,,,,,,,,
Tyler Conklin,TE,DET,,,,,,,,,,,,
Eli Wilson,TE,,,,,,,,,,,,,
Leonard Taylor,TE,,,,,,,,,,,,,
Treyton Pickering,TE,,,,,,,,,,,,,
Patrick Herbert,TE,LAC,,,,,,,,,,,,
Devin Asiasi,TE,,,,,,,,,,,,,
Cethan Carter,TE,,,,,,,,,,,,,
Hayden Hurst,TE,,,,,,,,,,,,,
John Copenhaver,TE,,,,,,,,,,,,,
Steven Wroblewski,TE,,,,,,,,,,,,,
McCallan Castles,TE,,,,,,,,,,,,,
Scooter Harrington,TE,,,,,,,,,,,,,
Thomas Yassmin,TE,GB,,,,,,,,,,,,
Eric Tomlinson,TE,,,,,,,,,,,,,
Cary Angeline,TE,,,,,,,,,,,,,
Justin Johnson,TE,,,,,,,,,,,,,
Darren Fells,TE,TB,,,,,,,,,,,,
Nick Kallerup,TE,SEA,,,,,,,,,,,,
Cheyenne O'Grady,TE,,,,,,,,,,,,,
Tyler Eifert,TE,,,,,,,,,,,,,
Cade Brewer,TE,,,,,,,,,,,,,
Garrett Griffin,TE,,,,,,,,,,,,,
DJ Rogers,TE,DAL,,,,,,,,,,,,
Jevoni Robinson,TE,,,,,,,,,,,,,
Josh Bist,TE,,,,,,,,,,,,,
John Raine,TE,,,,,,,,,,,,,
Julian Hill,TE,NE,,,,,,,,,,,,
Thomas Fidone,TE,NYG,,,,,,,,,,,,
Billy Brown,TE,,,,,,,,,,,,,
Lachlan Pitts,TE,,,,,,,,,,,,,
Nick Bowers,TE,,,,,,,,,,,,,
DeShawn Hanika,TE,,,,,,,,,,,,,
O.J. Howard,TE,,,,,,,,,,,,,
Caleb Wilson,TE,,,,,,,,,,,,,
Mark Redman,TE,GB,,,,,,,,,,,,
Drew Biber,TE,,,,,,,,,,,,,
Lance Kendricks,TE,,,,,,,,,,,,,
Roger Carter,TE,,,,,,,,,,,,,
Johnny Lumpkin,TE,,,,,,,,,,,,,
Andrew Price,TE,,,,,,,,,,,,,
Hunter Bryant,TE,,,,,,,,,,,,,
Oscar Cardenas,TE,,,,,,,,,,,,,
Jerell Adams,TE,,,,,,,,,,,,,
Trey Knox,TE,,,,,,,,,,,,,
Connor Davis,TE,,,,,,,,,,,,,
Jason Witten,TE,,,,,,,,,,,,,
Ross Travis,TE,,,,,,,,,,,,,
Evan Baylis,TE,,,,,,,,,,,,,
Gerrit Prince,TE,,,,,,,,,,,,,
Marcus Baugh,TE,,,,,,,,,,,,,
Kole Taylor,TE,,,,,,,,,,,,,
Tyree Mayfield,TE,,,,,,,,,,,,,
Moliki Matavao,TE,NO,,,,,,,,,,,,
Austin Allen,TE,,,,,,,,,,,,,
Jake Hausmann,TE,,,,,,,,,,,,,
Marshall Lang,TE,MIN,,,,,,,,,,,,
Nick Vannett,TE,BAL,,,,,,,,,,,,
Kahale Warring,TE,,,,,,,,,,,,,
Ryan Smith,TE,,,,,,,,,,,,,
Taysom Hill,TE,,,,,,,,,,,,,
Jordan Thomas,TE,,,,,,,,,,,,,
Trey Burton,TE,,,,,,,,,,,,,
Jamal Pettigrew,TE,,,,,,,,,,,,,
Jared Wiley,TE,KC,,,,,,,,,,,,
Blake Mack,TE,,,,,,,,,,,,,
Jeremy Sprinkle,TE,,,,,,,,,,,,,
Ricky Seals-Jones,TE,,,,,,,,,,,,,
Ty Pezza,TE,BAL,,,,,,,,,,,,
DJ Thomas-Jones,TE,,,,,,,,,,,,,
Demetrius Harris,TE,,,,,,,,,,,,,
Albert Okwuegbunam,TE,,,,,,,,,,,,,
Ben Beise,TE,,,,,,,,,,,,,
Chris Herndon,TE,,,,,,,,,,,,,
Stevo Klotz,TE,,,,,,,,,,,,,
Scott Orndoff,TE,,,,,,,,,,,,,
Chris Pierce,TE,,,,,,,,,,,,,
JJ Howland,TE,,,,,,,,,,,,,
Dylan Leonard,TE,,,,,,,,,,,,,
Jake Butt,TE,,,,,,,,,,,,,
Marcus Santos-Silva,TE,,,,,,,,,,,,,
Franko House,TE,CHI,,,,,,,,,,,,
Brian Walker,TE,,,,,,,,,,,,,
Rohan Jones,TE,,,,,,,,,,,,,
Thaddeus Moss,TE,,,,,,,,,,,,,
Cam Grandy,TE,MIN,,,,,,,,,,,,
Charles Scarff,TE,,,,,,,,,,,,,
Landon Rice,TE,,,,,,,,,,,,,
Daniel Helm,TE,,,,,,,,,,,,,
Steven Scheu,TE,,,,,,,,,,,,,
Jimmy Bell,TE,,,,,,,,,,,,,
Brayden Lenius,TE,,,,,,,,,,,,,
Austin Roberts,TE,,,,,,,,,,,,,
Josiah Price,TE,,,,,,,,,,,,,
Caleb Repp,TE,,,,,,,,,,,,,
Luke Musgrave,TE,GB,,,,,,,,,,,,
Camren McDonald,TE,,,,,,,,,,,,,
Bug Howard,TE,,,,,,,,,,,,,
John Mitchell,TE,,,,,,,,,,,,,
Tim Tebow,TE,,,,,,,,,,,,,
Jaeden Graham,TE,,,,,,,,,,,,,
Jordan Akins,TE,,,,,,,,,,,,,
Garrett Walston,TE,,,,,,,,,,,,,
Kenny Yeboah,TE,ARI,,,,,,,,,,,,
Ben Koyack,TE,,,,,,,,,,,,,
Sammis Reyes,TE,,,,,,,,,,,,,
Andrew Vollert,TE,,,,,,,,,,,,,
Nate Wieting,TE,,,,,,,,,,,,,
Sal Cannella,TE,,,,,,,,,,,,,
Nick Eubanks,TE,,,,,,,,,,,,,
Naz Bohannon,TE,,,,,,,,,,,,,
Marcedes Lewis,TE,,,,,,,,,,,,,
Ben Yurosek,TE,MIN,,,,,,,,,,,,
Seth Green,TE,,,,,,,,,,,,,
Hunter Thedford,TE,,,,,,,,,,,,,
Shawn Bowman,TE,ARI,,,,,,,,,,,,
Curtis Hodges,TE,,,,,,,,,,,,,
Alex Ellis,TE,,,,,,,,,,,,,
Stone Smartt,TE,NO,,,,,,,,,,,,
Tyler Moore,TE,,,,,,,,,,,,,
Darrell Daniels,TE,,,,,,,,,,,,,
Nate Iese,TE,,,,,,,,,,,,,
J.J. Arcega-Whiteside,TE,,,,,,,,,,,,,
CJ Dippre,TE,TB,,,,,,,,,,,,
Messiah Swinson,TE,,,,,,,,,,,,,
Levine Toilolo,TE,NYG,,,,,,,,,,,,
Tanner Conner,TE,NE,,,,,,,,,,,,
Daniel Brown,TE,,,,,,,,,,,,,
David Reeves,TE,,,,,,,,,,,,,
Shaun Beyer,TE,,,,,,,,,,,,,
Virgil Green,TE,,,,,,,,,,,,,
Anthony Manzo-Lewis,TE,,,,,,,,,,,,,
Austin Stogner,TE,,,,,,,,,,,,,
Colin Jeter,TE,,,,,,,,,,,,,
Maximilian Mang,TE,,,,,,,,,,,,,
Eric Ebron,TE,PIT,,,,,,,,,,,,
Kris Leach,TE,,,,,,,,,,,,,
Dan Light,TE,,,,,,,,,,,,,
Ross Dwelley,TE,,,,,,,,,,,,,
Luke Willson,TE,,,,,,,,,,,,,
Justin Tukes,TE,,,,,,,,,,,,,
Caden Prieskorn,TE,,,,,,,,,,,,,
Cody Hardy,TE,NYJ,,,,,,,,,,,,
Nate Becker,TE,,,,,,,,,,,,,
Isaiah Searight,TE,,,,,,,,,,,,,
Caleb Bluiett,TE,,,,,,,,,,,,,
Jackson Harris,TE,,,,,,,,,,,,,
Nick Keizer,TE,,,,,,,,,,,,,
Dallen Bentley,TE,DEN,,,,,,,,,,,,
Lance Mason,TE,,,,,,,,,,,,,
Scott Simonson,TE,,,,,,,,,,,,,
Alize Mack,TE,,,,,,,,,,,,,
Thomas Odukoya,TE,KC,,,,,,,,,,,,
Tre' McKitty,TE,,,,,,,,,,,,,
Johnny Pascuzzi,TE,,,,,,,,,,,,,
Tim Semisch,TE,,,,,,,,,,,,,
Kano Dillon,TE,,,,,,,,,,,,,
Josh Hill,TE,,,,,,,,,,,,,
Chris Briggs,TE,,,,,,,,,,,,,
Delanie Walker,TE,,,,,,,,,,,,,
Mason Taylor,TE,NYJ,,,,,,,,,,,,
Adam Shaheen,TE,,,,,,,,,,,,,
M.J. McFarland,TE,,,,,,,,,,,,,
Tyler Neville,TE,,,,,,,,,,,,,
Hakeem Butler,TE,,,,,,,,,,,,,
Carson Meier,TE,,,,,,,,,,,,,
Xavier Grimble,TE,,,,,,,,,,,,,
Cam Sutton,TE,,,,,,,,,,,,,
Carson Towt,TE,IND,,,,,,,,,,,,
Michael Jacobson,TE,,,,,,,,,,,,,
Mason Schreck,TE,,,,,,,,,,,,,
Luke Deal,TE,,,,,,,,,,,,,
Mark Vital,TE,,,,,,,,,,,,,
Temarrick Hemingway,TE,WAS,,,,,,,,,,,,
Stevie Donatell,TE,,,,,,,,,,,,,
Tyler Hoppes,TE,,,,,,,,,,,,,
Malcolm Epps,TE,,,,,,,,,,,,,
Bernhard Seikovits,TE,,,,,,,,,,,,,
Travis Vokolek,TE,ARI,,,,,,,,,,,,
Cam Serigne,TE,,,,,,,,,,,,,
Seth DeValve,TE,,,,,,,,,,,,,
Nick Truesdell,TE,,,,,,,,,,,,,
Michael Colubiale,TE,,,,,,,,,,,,,
Chamon Metayer,TE,,,,,,,,,,,,,
Kevin Rader,TE,,,,,,,,,,,,,
Josh Babicz,TE,,,,,,,,,,,,,
Zach Heins,TE,,,,,,,,,,,,,
Ben Ellefson,TE,,,,,,,,,,,,,
Noah Fant,TE,NO,,,,,,,,,,,,
Luke Lachey,TE,,,,,,,,,,,,,
Ryan Izzo,TE,,,,,,,,,,,,,
Donald Parham,TE,,,,,,,,,,,,,
Ian Bunting,TE,,,,,,,,,,,,,
Moritz Bohringer,TE,,,,,,,,,,,,,
Matt Bushman,TE,,,,,,,,,,,,,
Ja'Tavion Sanders,TE,CAR,,,,,,,,,,,,
Brian Vogler,TE,,,,,,,,,,,,,
Isaac Rex,TE,,,,,,,,,,,,,
Durham Smythe,TE,BAL,,,,,,,,,,,,
Armani Rogers,TE,,,,,,,,,,,,,
Michael Ezeike,TE,,,,,,,,,,,,,
David Wells,TE,,,,,,,,,,,,,
Drake Dabney,TE,GB,,,,,,,,,,,,
Mitchell Wilcox,TE,,,,,,,,,,,,,
Anthony Landphere,TE,,,,,,,,,,,,,
La'Michael Pettway,TE,,,,,,,,,,,,,
Devin Mahina,TE,,,,,,,,,,,,,
Tony Poljan,TE,,,,,,,,,,,,,
Beau Gardner,TE,,,,,,,,,,,,,
Hale Hentges,TE,,,,,,,,,,,,,
Chris Myarick,TE,LV,,,,,,,,,,,,
Jackson Meeks,TE,DET,,,,,,,,,,,,
Kylen Granson,TE,TEN,,,,,,,,,,,,
David Martin-Robinson,TE,TEN,,,,,,,,,,,,
Joshua Perkins,TE,NYJ,,,,,,,,,,,,
Christian Trahan,TE,,,,,,,,,,,,,
Will Dissly,TE,,,,,,,,,,,,,
Connor Hulstein,TE,,,,,,,,,,,,,
Sam Cotton,TE,,,,,,,,,,,,,
Sage Surratt,TE,,,,,,,,,,,,,
Quentin Moore,TE,,,,,,,,,,,,,
Josiah Deguara,TE,PHI,,,,,,,,,,,,
Briley Moore,TE,,,,,,,,,,,,,
Kehinde Oginni,TE,,,,,,,,,,,,,
Lucas Krull,TE,DEN,,,,,,,,,,,,
Hayden Large,TE,CHI,,,,,,,,,,,,
Carter Runyon,TE,LV,,,,,,,,,,,,
MyCole Pruitt,TE,,,,,,,,,,,,,
Charles Jones,TE,,,,,,,,,,,,,
Jody Fortson,TE,,,,,,,,,,,,,
Jason Croom,TE,,,,,,,,,,,,,
DeSean Smith,TE,,,,,,,,,,,,,
Princeton Fant,TE,DAL,,,,,,,,,,,,
Jordan Murray,TE,,,,,,,,,,,,,
Jake Roh,TE,,,,,,,,,,,,,
Harrison Bryant,TE,,,,,,,,,,,,,
Charlie Kolar,TE,LAC,,,,,,,,,,,,
Joshua Simon,TE,,,,,,,,,,,,,
Dylan Cantrell,TE,,,,,,,,,,,,,
Gerald Everett,TE,,,,,,,,,,,,,
Dre Miller,TE,,,,,,,,,,,,,
Tyler Kroft,TE,,,,,,,,,,,,,
Luke Benson,TE,,,,,,,,,,,,,
Anthony Firkser,TE,,,,,,,,,,,,,
James O'Shaughnessy,TE,,,,,,,,,,,,,
Kent Taylor,TE,,,,,,,,,,,,,
Shane Zylstra,TE,,,,,,,,,,,,,
Jacob Breeland,TE,,,,,,,,,,,,,
Tip Reiman,TE,ARI,,,,,,,,,,,,
DeShon Williams,TE,,,,,,,,,,,,,
Joel Honigford,TE,,,,,,,,,,,,,
Colin Granger,TE,,,,,,,,,,,,,
Garrett Celek,TE,,,,,,,,,,,,,
Devon Garrison,TE,,,,,,,,,,,,,
Ryan Griffin,TE,,,,,,,,,,,,,
Lincoln Sefcik,TE,,,,,,,,,,,,,
Jared Pinkney,TE,,,,,,,,,,,,,
Joel Wilson,TE,TEN,,,,,,,,,,,,
Chase Harrell,TE,,,,,,,,,,,,,
Ben Braunecker,TE,,,,,,,,,,,,,
Eric Frohnapfel,TE,,,,,,,,,,,,,
Josh Pederson,TE,,,,,,,,,,,,,
Pat Conroy,TE,,,,,,,,,,,,,
JJ Galbreath,TE,,,,,,,,,,,,,
Alex Larson,TE,,,,,,,,,,,,,
Cole Turner,TE,MIA,,,,,,,,,,,,
Jibri Blount,TE,,,,,,,,,,,,,
Cameron Brate,TE,,,,,,,,,,,,,
Adam Zaruba,TE,,,,,,,,,,,,,
Evan Svoboda,TE,LAC,,,,,,,,,,,,
Eni Falayi,TE,,,,,,,,,,,,,
Blake Bell,TE,,,,,,,,,,,,,
Jack Westover,TE,WAS,,,,,,,,,,,,
Mike Estes,TE,,,,,,,,,,,,,
Stephen Carlson,TE,CHI,,,,,,,,,,,,
Zach Davidson,TE,,,,,,,,,,,,,
Rivaldo Fairweather,TE,,,,,,,,,,,,,
Wyatt Houston,TE,CAR,,,,,,,,,,,,
Clay Burton,TE,,,,,,,,,,,,,
Noah Togiai,TE,,,,,,,,,,,,,
Neal Johnson,TE,,,,,,,,,,,,,
Joe Royer,TE,CLE,,,,,,,,,,,,
Logan Stokes,TE,,,,,,,,,,,,,
Sam Pitz,TE,,,,,,,,,,,,,
Aaron Peck,TE,,,,,,,,,,,,,
Ethan Conner,TE,,,,,,,,,,,,,
Artayvious Lynn,TE,,,,,,,,,,,,,
Matt Lauter,TE,,,,,,,,,,,,,
Geoff Swaim,TE,,,,,,,,,,,,,
Irv Smith,TE,,,,,,,,,,,,,
Dalton Keene,TE,,,,,,,,,,,,,
Gunnar Oakes,TE,,,,,,,,,,,,,
Christian Scotland-Williamson,TE,,,,,,,,,,,,,
C.J. Uzomah,TE,,,,,,,,,,,,,
Trevon Wesco,TE,,,,,,,,,,,,,
Tanner Arkin,TE,NE,,,,,,,,,,,,
John Samuel Shenker,TE,,,,,,,,,,,,,
Tyler Davis,TE,,,,,,,,,,,,,
Troy Mangen,TE,,,,,,,,,,,,,
David Njoku,TE,LAC,,,,,,,,,,,,
Darion Griswold,TE,,,,,,,,,,,,,
Ademola Faleye,TE,,,,,,,,,,,,,
Dominique Dafney,TE,,,,,,,,,,,,,
Baylor Cupp,TE,,,,,,,,,,,,,
Logan Paulsen,TE,,,,,,,,,,,,,
Pro Wells,TE,,,,,,,,,,,,,
Patrick Murtagh,TE,,,,,,,,,,,,,
Tucker Fisk,TE,,,,,,,,,,,,,
Patrick Gurd,TE,LV,,,,,,,,,,,,
Kivon Cartwright,TE,,,,,,,,,,,,,
Jameson Geers,TE,ARI,,,,,,,,,,,,
Ray Hamilton,TE,,,,,,,,,,,,,
Jace Sternberger,TE,,,,,,,,,,,,,
Nick Guggemos,TE,,,,,,,,,,,,,
Colin Thompson,TE,,,,,,,,,,,,,
Anthony Torres,TE,,,,,,,,,,,,,
Josh Kattus,TE,,,,,,,,,,,,,
Cole Fotheringham,TE,,,,,,,,,,,,,
Dan Arnold,TE,,,,,,,,,,,,,
Tanner Taula,TE,,,,,,,,,,,,,
Devin Culp,TE,TB,,,,,,,,,,,,
Rodney Williams,TE,,,,,,,,,,,,,
Ben Mason,TE,,,,,,,,,,,,,
Colby Parkinson,TE,LAR,,,,,,,,,,,,
Matt Sokol,TE,,,,,,,,,,,,,
Logan Thomas,TE,,,,,,,,,,,,,
Alec Bloom,TE,,,,,,,,,,,,,
Benjamin Watson,TE,,,,,,,,,,,,,
